year,cable_id,ocean_route,operator_type,rfs_year,age_years,fiber_pairs,length_km,n_landing_countries,chokepoint,design_capacity_tbps,lit_capacity_tbps,utilization_pct,protected_burial,design_life_years,route_redundancy,is_low_redundancy,vulnerability_index,fault_cause,fault_this_year,fault_next_year
2026,CAB0000,Intra-Europe,consortium,2026,0,38,981.0,3,None,1824.0,365.4,62.3,1,25,60,0,0.0,none,0,
2015,CAB0001,Africa-Coastal,carrier,2012,3,39,14098.0,5,None,1092.0,487.2,41.7,1,25,36,1,24.6,none,0,0.0
2016,CAB0001,Africa-Coastal,carrier,2012,4,39,14098.0,5,None,1092.0,507.7,51.5,1,25,37,1,26.2,none,0,0.0
2017,CAB0001,Africa-Coastal,carrier,2012,5,39,14098.0,5,None,1092.0,632.5,80.0,1,25,40,0,7.9,none,0,0.0
2018,CAB0001,Africa-Coastal,carrier,2012,6,39,14098.0,5,None,1092.0,546.9,17.5,1,25,40,0,9.5,none,0,0.0
2019,CAB0001,Africa-Coastal,carrier,2012,7,39,14098.0,5,None,1092.0,585.7,71.3,1,25,42,0,11.1,none,0,0.0
2020,CAB0001,Africa-Coastal,carrier,2012,8,39,14098.0,5,None,1092.0,808.1,57.0,1,25,43,0,12.7,none,0,1.0
2021,CAB0001,Africa-Coastal,carrier,2012,9,39,14098.0,5,None,1092.0,809.8,40.8,1,25,44,0,14.3,fishing_anchor,1,0.0
2022,CAB0001,Africa-Coastal,carrier,2012,10,39,14098.0,5,None,1092.0,964.0,36.6,1,25,45,0,15.9,none,0,1.0
2023,CAB0001,Africa-Coastal,carrier,2012,11,39,14098.0,5,None,1092.0,1063.7,48.9,1,25,47,0,17.5,fishing_anchor,1,0.0
2024,CAB0001,Africa-Coastal,carrier,2012,12,39,14098.0,5,None,1092.0,1092.0,34.2,1,25,49,0,19.0,none,0,0.0
2025,CAB0001,Africa-Coastal,carrier,2012,13,39,14098.0,5,None,1092.0,1092.0,39.4,1,25,52,0,20.6,none,0,0.0
2026,CAB0001,Africa-Coastal,carrier,2012,14,39,14098.0,5,None,1092.0,1092.0,89.5,1,25,53,0,22.2,none,0,
2024,CAB0002,Indian-Ocean,carrier,2024,0,6,6142.0,8,None,270.9,77.7,24.3,0,25,41,0,15.9,none,0,0.0
2025,CAB0002,Indian-Ocean,carrier,2024,1,6,6142.0,8,None,270.9,64.8,62.7,0,25,44,0,17.5,none,0,0.0
2026,CAB0002,Indian-Ocean,carrier,2024,2,6,6142.0,8,None,270.9,105.0,42.0,0,25,43,0,19.0,none,0,
2025,CAB0003,Intra-Europe,carrier,2025,0,12,1848.0,3,None,558.9,138.8,30.3,1,25,58,0,0.0,none,0,0.0
2026,CAB0003,Intra-Europe,carrier,2025,1,12,1848.0,3,None,558.9,150.9,50.9,1,25,60,0,1.6,none,0,
2015,CAB0004,Intra-Pacific-Islands,consortium,2012,3,8,379.0,5,None,224.0,86.8,59.0,0,25,28,1,40.5,none,0,1.0
2016,CAB0004,Intra-Pacific-Islands,consortium,2012,4,8,379.0,5,None,224.0,110.3,28.7,0,25,29,1,42.1,natural_hazard,1,1.0
2017,CAB0004,Intra-Pacific-Islands,consortium,2012,5,8,379.0,5,None,224.0,128.1,98.3,0,25,29,1,43.7,natural_hazard,1,0.0
2018,CAB0004,Intra-Pacific-Islands,consortium,2012,6,8,379.0,5,None,224.0,146.2,79.6,0,25,30,1,45.2,none,0,0.0
2019,CAB0004,Intra-Pacific-Islands,consortium,2012,7,8,379.0,5,None,224.0,130.3,90.3,0,25,35,1,46.8,none,0,0.0
2020,CAB0004,Intra-Pacific-Islands,consortium,2012,8,8,379.0,5,None,224.0,150.5,74.5,0,25,40,0,28.6,none,0,1.0
2021,CAB0004,Intra-Pacific-Islands,consortium,2012,9,8,379.0,5,None,224.0,173.3,83.5,0,25,41,0,30.2,fishing_anchor,1,0.0
2022,CAB0004,Intra-Pacific-Islands,consortium,2012,10,8,379.0,5,None,224.0,191.1,58.0,0,25,43,0,31.7,none,0,0.0
2023,CAB0004,Intra-Pacific-Islands,consortium,2012,11,8,379.0,5,None,224.0,211.1,51.3,0,25,45,0,33.3,none,0,0.0
2024,CAB0004,Intra-Pacific-Islands,consortium,2012,12,8,379.0,5,None,224.0,224.0,30.5,0,25,48,0,34.9,none,0,0.0
2025,CAB0004,Intra-Pacific-Islands,consortium,2012,13,8,379.0,5,None,224.0,224.0,84.4,0,25,50,0,36.5,none,0,0.0
2026,CAB0004,Intra-Pacific-Islands,consortium,2012,14,8,379.0,5,None,224.0,224.0,74.3,0,25,51,0,38.1,none,0,
2020,CAB0005,EMEA-Asia,hyperscaler,2020,0,16,18833.0,3,None,630.9,135.9,51.7,1,25,40,0,0.0,none,0,0.0
2021,CAB0005,EMEA-Asia,hyperscaler,2020,1,16,18833.0,3,None,630.9,209.0,34.2,1,25,44,0,1.6,none,0,0.0
2022,CAB0005,EMEA-Asia,hyperscaler,2020,2,16,18833.0,3,None,630.9,225.1,44.4,1,25,45,0,3.2,none,0,0.0
2023,CAB0005,EMEA-Asia,hyperscaler,2020,3,16,18833.0,3,None,630.9,246.4,39.3,1,25,47,0,4.8,none,0,0.0
2024,CAB0005,EMEA-Asia,hyperscaler,2020,4,16,18833.0,3,None,630.9,259.3,25.6,1,25,48,0,6.3,none,0,0.0
2025,CAB0005,EMEA-Asia,hyperscaler,2020,5,16,18833.0,3,None,630.9,350.5,85.6,1,25,47,0,7.9,none,0,0.0
2026,CAB0005,EMEA-Asia,hyperscaler,2020,6,16,18833.0,3,None,630.9,389.6,63.7,1,25,47,0,9.5,none,0,
2019,CAB0006,Trans-Atlantic,carrier,2019,0,5,7004.0,7,None,190.0,51.3,33.1,1,25,45,0,0.0,none,0,0.0
2020,CAB0006,Trans-Atlantic,carrier,2019,1,5,7004.0,7,None,190.0,56.5,36.6,1,25,48,0,1.6,none,0,0.0
2021,CAB0006,Trans-Atlantic,carrier,2019,2,5,7004.0,7,None,190.0,63.4,32.0,1,25,50,0,3.2,none,0,0.0
2022,CAB0006,Trans-Atlantic,carrier,2019,3,5,7004.0,7,None,190.0,70.6,21.1,1,25,51,0,4.8,none,0,0.0
2023,CAB0006,Trans-Atlantic,carrier,2019,4,5,7004.0,7,None,190.0,95.8,52.8,1,25,54,0,6.3,none,0,0.0
2024,CAB0006,Trans-Atlantic,carrier,2019,5,5,7004.0,7,None,190.0,106.2,72.9,1,25,58,0,7.9,none,0,0.0
2025,CAB0006,Trans-Atlantic,carrier,2019,6,5,7004.0,7,None,190.0,120.7,27.8,1,25,62,0,9.5,none,0,1.0
2026,CAB0006,Trans-Atlantic,carrier,2019,7,5,7004.0,7,None,190.0,123.5,48.5,1,25,63,0,11.1,fishing_anchor,1,
2022,CAB0007,Africa-Coastal,consortium,2022,0,34,9553.0,6,None,1437.7,276.3,54.9,0,25,45,0,15.9,none,0,0.0
2023,CAB0007,Africa-Coastal,consortium,2022,1,34,9553.0,6,None,1437.7,372.0,18.0,0,25,47,0,17.5,none,0,0.0
2024,CAB0007,Africa-Coastal,consortium,2022,2,34,9553.0,6,None,1437.7,477.4,49.6,0,25,49,0,19.0,none,0,1.0
2025,CAB0007,Africa-Coastal,consortium,2022,3,34,9553.0,6,None,1437.7,633.4,55.9,0,25,52,0,20.6,fishing_anchor,1,1.0
2026,CAB0007,Africa-Coastal,consortium,2022,4,34,9553.0,6,None,1437.7,644.4,41.0,0,25,53,0,22.2,fishing_anchor,1,
2025,CAB0008,Trans-Pacific,government,2025,0,37,10572.0,5,None,1723.1,475.6,45.5,1,25,50,0,0.0,none,0,0.0
2026,CAB0008,Trans-Pacific,government,2025,1,37,10572.0,5,None,1723.1,471.7,46.6,1,25,48,0,1.6,none,0,
2016,CAB0009,Intra-Asia,consortium,2016,0,19,3494.0,5,Taiwan-Strait,640.6,249.4,40.8,0,25,59,0,43.7,fishing_anchor,1,0.0
2017,CAB0009,Intra-Asia,consortium,2016,1,19,3494.0,5,Taiwan-Strait,640.6,193.8,36.7,0,25,60,0,45.2,none,0,1.0
2018,CAB0009,Intra-Asia,consortium,2016,2,19,3494.0,5,Taiwan-Strait,640.6,246.4,35.7,0,25,62,0,46.8,fishing_anchor,1,1.0
2019,CAB0009,Intra-Asia,consortium,2016,3,19,3494.0,5,Taiwan-Strait,640.6,274.4,21.2,0,25,64,0,48.4,natural_hazard,1,0.0
2020,CAB0009,Intra-Asia,consortium,2016,4,19,3494.0,5,Taiwan-Strait,640.6,312.4,22.5,0,25,66,0,50.0,none,0,1.0
2021,CAB0009,Intra-Asia,consortium,2016,5,19,3494.0,5,Taiwan-Strait,640.6,364.5,59.2,0,25,69,0,51.6,fishing_anchor,1,1.0
2022,CAB0009,Intra-Asia,consortium,2016,6,19,3494.0,5,Taiwan-Strait,640.6,365.2,75.3,0,25,70,0,53.2,natural_hazard,1,1.0
2023,CAB0009,Intra-Asia,consortium,2016,7,19,3494.0,5,Taiwan-Strait,640.6,408.9,26.8,0,25,70,0,54.8,fishing_anchor,1,1.0
2024,CAB0009,Intra-Asia,consortium,2016,8,19,3494.0,5,Taiwan-Strait,640.6,447.0,69.0,0,25,75,0,56.3,fishing_anchor,1,0.0
2025,CAB0009,Intra-Asia,consortium,2016,9,19,3494.0,5,Taiwan-Strait,640.6,520.8,28.9,0,25,77,0,57.9,none,0,0.0
2026,CAB0009,Intra-Asia,consortium,2016,10,19,3494.0,5,Taiwan-Strait,640.6,575.2,38.7,0,25,77,0,59.5,none,0,
2016,CAB0010,Trans-Atlantic,carrier,2016,0,4,6108.0,5,None,134.9,36.4,78.9,1,25,37,1,19.8,none,0,0.0
2017,CAB0010,Trans-Atlantic,carrier,2016,1,4,6108.0,5,None,134.9,35.1,9.1,1,25,37,1,21.4,none,0,0.0
2018,CAB0010,Trans-Atlantic,carrier,2016,2,4,6108.0,5,None,134.9,51.1,36.1,1,25,40,0,3.2,none,0,0.0
2019,CAB0010,Trans-Atlantic,carrier,2016,3,4,6108.0,5,None,134.9,45.2,77.9,1,25,45,0,4.8,none,0,1.0
2020,CAB0010,Trans-Atlantic,carrier,2016,4,4,6108.0,5,None,134.9,57.0,48.9,1,25,48,0,6.3,fishing_anchor,1,0.0
2021,CAB0010,Trans-Atlantic,carrier,2016,5,4,6108.0,5,None,134.9,68.4,68.6,1,25,50,0,7.9,none,0,0.0
2022,CAB0010,Trans-Atlantic,carrier,2016,6,4,6108.0,5,None,134.9,80.7,14.6,1,25,51,0,9.5,none,0,0.0
2023,CAB0010,Trans-Atlantic,carrier,2016,7,4,6108.0,5,None,134.9,97.8,83.1,1,25,54,0,11.1,none,0,0.0
2024,CAB0010,Trans-Atlantic,carrier,2016,8,4,6108.0,5,None,134.9,104.0,92.7,1,25,58,0,12.7,none,0,1.0
2025,CAB0010,Trans-Atlantic,carrier,2016,9,4,6108.0,5,None,134.9,112.0,46.6,1,25,62,0,14.3,fishing_anchor,1,1.0
2026,CAB0010,Trans-Atlantic,carrier,2016,10,4,6108.0,5,None,134.9,114.2,59.1,1,25,63,0,15.9,suspected_external,1,
2015,CAB0011,Intra-Europe,consortium,2010,5,4,502.0,7,None,100.6,68.4,53.3,0,25,41,0,23.8,none,0,0.0
2016,CAB0011,Intra-Europe,consortium,2010,6,4,502.0,7,None,100.6,63.3,21.2,0,25,42,0,25.4,none,0,0.0
2017,CAB0011,Intra-Europe,consortium,2010,7,4,502.0,7,None,100.6,63.5,21.8,0,25,44,0,27.0,none,0,0.0
2018,CAB0011,Intra-Europe,consortium,2010,8,4,502.0,7,None,100.6,68.6,65.5,0,25,45,0,28.6,none,0,0.0
2019,CAB0011,Intra-Europe,consortium,2010,9,4,502.0,7,None,100.6,83.1,93.9,0,25,47,0,30.2,none,0,0.0
2020,CAB0011,Intra-Europe,consortium,2010,10,4,502.0,7,None,100.6,91.1,48.7,0,25,49,0,31.7,none,0,0.0
2021,CAB0011,Intra-Europe,consortium,2010,11,4,502.0,7,None,100.6,93.8,64.0,0,25,49,0,33.3,none,0,0.0
2022,CAB0011,Intra-Europe,consortium,2010,12,4,502.0,7,None,100.6,100.0,45.6,0,25,52,0,34.9,none,0,0.0
2023,CAB0011,Intra-Europe,consortium,2010,13,4,502.0,7,None,100.6,96.8,39.8,0,25,53,0,36.5,none,0,0.0
2024,CAB0011,Intra-Europe,consortium,2010,14,4,502.0,7,None,100.6,100.6,85.6,0,25,53,0,38.1,none,0,0.0
2025,CAB0011,Intra-Europe,consortium,2010,15,4,502.0,7,None,100.6,100.6,100.0,0,25,58,0,39.7,none,0,0.0
2026,CAB0011,Intra-Europe,consortium,2010,16,4,502.0,7,None,100.6,100.6,97.2,0,25,60,0,41.3,none,0,
2015,CAB0012,Intra-Europe,carrier,2012,3,6,1062.0,8,None,168.0,83.1,43.9,0,25,41,0,20.6,fishing_anchor,1,0.0
2016,CAB0012,Intra-Europe,carrier,2012,4,6,1062.0,8,None,168.0,81.3,27.3,0,25,42,0,22.2,none,0,1.0
2017,CAB0012,Intra-Europe,carrier,2012,5,6,1062.0,8,None,168.0,83.6,100.0,0,25,44,0,23.8,fishing_anchor,1,1.0
2018,CAB0012,Intra-Europe,carrier,2012,6,6,1062.0,8,None,168.0,95.1,44.1,0,25,45,0,25.4,fishing_anchor,1,1.0
2019,CAB0012,Intra-Europe,carrier,2012,7,6,1062.0,8,None,168.0,110.3,86.5,0,25,47,0,27.0,natural_hazard,1,0.0
2020,CAB0012,Intra-Europe,carrier,2012,8,6,1062.0,8,None,168.0,114.5,56.7,0,25,49,0,28.6,none,0,1.0
2021,CAB0012,Intra-Europe,carrier,2012,9,6,1062.0,8,None,168.0,132.3,51.0,0,25,49,0,30.2,natural_hazard,1,0.0
2022,CAB0012,Intra-Europe,carrier,2012,10,6,1062.0,8,None,168.0,136.2,39.6,0,25,52,0,31.7,none,0,1.0
2023,CAB0012,Intra-Europe,carrier,2012,11,6,1062.0,8,None,168.0,146.0,63.6,0,25,53,0,33.3,natural_hazard,1,0.0
2024,CAB0012,Intra-Europe,carrier,2012,12,6,1062.0,8,None,168.0,168.0,83.9,0,25,53,0,34.9,none,0,0.0
2025,CAB0012,Intra-Europe,carrier,2012,13,6,1062.0,8,None,168.0,168.0,41.6,0,25,58,0,36.5,none,0,1.0
2026,CAB0012,Intra-Europe,carrier,2012,14,6,1062.0,8,None,168.0,168.0,33.1,0,25,60,0,38.1,natural_hazard,1,
2022,CAB0013,Trans-Pacific,consortium,2022,0,8,12780.0,4,None,338.3,80.5,17.8,0,25,45,0,15.9,none,0,1.0
2023,CAB0013,Trans-Pacific,consortium,2022,1,8,12780.0,4,None,338.3,114.4,21.6,0,25,47,0,17.5,equipment,1,1.0
2024,CAB0013,Trans-Pacific,consortium,2022,2,8,12780.0,4,None,338.3,102.1,57.2,0,25,49,0,19.0,fishing_anchor,1,0.0
2025,CAB0013,Trans-Pacific,consortium,2022,3,8,12780.0,4,None,338.3,132.1,10.7,0,25,50,0,20.6,none,0,0.0
2026,CAB0013,Trans-Pacific,consortium,2022,4,8,12780.0,4,None,338.3,184.2,27.0,0,25,48,0,22.2,none,0,
2015,CAB0014,Intra-Pacific-Islands,carrier,2013,2,18,3848.0,6,None,529.7,168.7,26.8,1,25,28,1,23.0,none,0,0.0
2016,CAB0014,Intra-Pacific-Islands,carrier,2013,3,18,3848.0,6,None,529.7,238.8,42.3,1,25,29,1,24.6,none,0,0.0
2017,CAB0014,Intra-Pacific-Islands,carrier,2013,4,18,3848.0,6,None,529.7,235.4,22.1,1,25,29,1,26.2,none,0,0.0
2018,CAB0014,Intra-Pacific-Islands,carrier,2013,5,18,3848.0,6,None,529.7,329.6,18.7,1,25,30,1,27.8,none,0,0.0
2019,CAB0014,Intra-Pacific-Islands,carrier,2013,6,18,3848.0,6,None,529.7,320.3,63.0,1,25,35,1,29.4,none,0,1.0
2020,CAB0014,Intra-Pacific-Islands,carrier,2013,7,18,3848.0,6,None,529.7,360.5,75.5,1,25,40,0,11.1,fishing_anchor,1,0.0
2021,CAB0014,Intra-Pacific-Islands,carrier,2013,8,18,3848.0,6,None,529.7,387.7,63.5,1,25,41,0,12.7,none,0,0.0
2022,CAB0014,Intra-Pacific-Islands,carrier,2013,9,18,3848.0,6,None,529.7,424.3,39.1,1,25,43,0,14.3,none,0,0.0
2023,CAB0014,Intra-Pacific-Islands,carrier,2013,10,18,3848.0,6,None,529.7,447.3,57.7,1,25,45,0,15.9,none,0,0.0
2024,CAB0014,Intra-Pacific-Islands,carrier,2013,11,18,3848.0,6,None,529.7,486.7,55.0,1,25,48,0,17.5,none,0,1.0
2025,CAB0014,Intra-Pacific-Islands,carrier,2013,12,18,3848.0,6,None,529.7,528.3,39.7,1,25,50,0,19.0,fishing_anchor,1,0.0
2026,CAB0014,Intra-Pacific-Islands,carrier,2013,13,18,3848.0,6,None,529.7,495.5,52.1,1,25,51,0,20.6,none,0,
2015,CAB0015,Americas,consortium,2014,1,7,6898.0,5,Panama,216.0,55.8,24.2,0,25,28,1,65.1,none,0,0.0
2016,CAB0015,Americas,consortium,2014,2,7,6898.0,5,Panama,216.0,77.6,63.8,0,25,29,1,66.7,none,0,0.0
2017,CAB0015,Americas,consortium,2014,3,7,6898.0,5,Panama,216.0,93.4,24.7,0,25,29,1,68.3,none,0,0.0
2018,CAB0015,Americas,consortium,2014,4,7,6898.0,5,Panama,216.0,105.1,45.1,0,25,31,1,69.8,none,0,1.0
2019,CAB0015,Americas,consortium,2014,5,7,6898.0,5,Panama,216.0,122.7,58.6,0,25,32,1,71.4,fishing_anchor,1,0.0
2020,CAB0015,Americas,consortium,2014,6,7,6898.0,5,Panama,216.0,133.6,56.5,0,25,33,1,73.0,none,0,0.0
2021,CAB0015,Americas,consortium,2014,7,7,6898.0,5,Panama,216.0,132.4,60.9,0,25,37,1,74.6,none,0,1.0
2022,CAB0015,Americas,consortium,2014,8,7,6898.0,5,Panama,216.0,161.7,39.0,0,25,37,1,76.2,fishing_anchor,1,0.0
2023,CAB0015,Americas,consortium,2014,9,7,6898.0,5,Panama,216.0,168.9,93.8,0,25,37,1,77.8,none,0,0.0
2024,CAB0015,Americas,consortium,2014,10,7,6898.0,5,Panama,216.0,165.5,60.6,0,25,39,1,79.4,none,0,0.0
2025,CAB0015,Americas,consortium,2014,11,7,6898.0,5,Panama,216.0,193.4,79.3,0,25,39,1,81.0,none,0,0.0
2026,CAB0015,Americas,consortium,2014,12,7,6898.0,5,Panama,216.0,216.0,81.6,0,25,40,0,62.7,none,0,
2018,CAB0016,Intra-Pacific-Islands,hyperscaler,2018,0,21,3999.0,6,None,768.0,186.1,40.8,1,25,30,1,19.8,none,0,0.0
2019,CAB0016,Intra-Pacific-Islands,hyperscaler,2018,1,21,3999.0,6,None,768.0,204.2,20.1,1,25,35,1,21.4,none,0,0.0
2020,CAB0016,Intra-Pacific-Islands,hyperscaler,2018,2,21,3999.0,6,None,768.0,257.4,45.2,1,25,40,0,3.2,none,0,0.0
2021,CAB0016,Intra-Pacific-Islands,hyperscaler,2018,3,21,3999.0,6,None,768.0,267.9,65.0,1,25,41,0,4.8,none,0,0.0
2022,CAB0016,Intra-Pacific-Islands,hyperscaler,2018,4,21,3999.0,6,None,768.0,312.9,12.1,1,25,43,0,6.3,none,0,0.0
2023,CAB0016,Intra-Pacific-Islands,hyperscaler,2018,5,21,3999.0,6,None,768.0,447.7,70.0,1,25,45,0,7.9,none,0,0.0
2024,CAB0016,Intra-Pacific-Islands,hyperscaler,2018,6,21,3999.0,6,None,768.0,455.8,18.7,1,25,48,0,9.5,none,0,0.0
2025,CAB0016,Intra-Pacific-Islands,hyperscaler,2018,7,21,3999.0,6,None,768.0,507.9,40.8,1,25,50,0,11.1,none,0,0.0
2026,CAB0016,Intra-Pacific-Islands,hyperscaler,2018,8,21,3999.0,6,None,768.0,576.5,37.5,1,25,51,0,12.7,none,0,
2016,CAB0017,Indian-Ocean,consortium,2016,0,29,4184.0,7,Suez,977.7,220.9,81.5,1,25,33,1,47.6,none,0,1.0
2017,CAB0017,Indian-Ocean,consortium,2016,1,29,4184.0,7,Suez,977.7,282.1,53.4,1,25,33,1,49.2,fishing_anchor,1,0.0
2018,CAB0017,Indian-Ocean,consortium,2016,2,29,4184.0,7,Suez,977.7,298.8,64.9,1,25,35,1,50.8,none,0,0.0
2019,CAB0017,Indian-Ocean,consortium,2016,3,29,4184.0,7,Suez,977.7,461.1,22.3,1,25,35,1,52.4,none,0,0.0
2020,CAB0017,Indian-Ocean,consortium,2016,4,29,4184.0,7,Suez,977.7,469.7,23.3,1,25,36,1,54.0,none,0,0.0
2021,CAB0017,Indian-Ocean,consortium,2016,5,29,4184.0,7,Suez,977.7,470.1,68.9,1,25,39,1,55.6,none,0,0.0
2022,CAB0017,Indian-Ocean,consortium,2016,6,29,4184.0,7,Suez,977.7,621.4,39.0,1,25,39,1,57.1,none,0,0.0
2023,CAB0017,Indian-Ocean,consortium,2016,7,29,4184.0,7,Suez,977.7,717.6,39.8,1,25,40,0,38.9,none,0,0.0
2024,CAB0017,Indian-Ocean,consortium,2016,8,29,4184.0,7,Suez,977.7,745.3,47.5,1,25,41,0,40.5,none,0,0.0
2025,CAB0017,Indian-Ocean,consortium,2016,9,29,4184.0,7,Suez,977.7,667.1,61.7,1,25,44,0,42.1,none,0,0.0
2026,CAB0017,Indian-Ocean,consortium,2016,10,29,4184.0,7,Suez,977.7,880.5,30.5,1,25,43,0,43.7,none,0,
2015,CAB0018,Trans-Atlantic,consortium,2010,5,4,6382.0,2,None,100.6,54.6,40.0,1,25,33,1,39.7,none,0,0.0
2016,CAB0018,Trans-Atlantic,consortium,2010,6,4,6382.0,2,None,100.6,59.9,50.4,1,25,37,1,41.3,none,0,0.0
2017,CAB0018,Trans-Atlantic,consortium,2010,7,4,6382.0,2,None,100.6,78.8,59.1,1,25,37,1,42.9,none,0,0.0
2018,CAB0018,Trans-Atlantic,consortium,2010,8,4,6382.0,2,None,100.6,58.3,51.3,1,25,40,0,24.6,none,0,0.0
2019,CAB0018,Trans-Atlantic,consortium,2010,9,4,6382.0,2,None,100.6,85.8,90.7,1,25,45,0,26.2,none,0,0.0
2020,CAB0018,Trans-Atlantic,consortium,2010,10,4,6382.0,2,None,100.6,80.9,70.2,1,25,48,0,27.8,none,0,0.0
2021,CAB0018,Trans-Atlantic,consortium,2010,11,4,6382.0,2,None,100.6,90.5,98.7,1,25,50,0,29.4,none,0,0.0
2022,CAB0018,Trans-Atlantic,consortium,2010,12,4,6382.0,2,None,100.6,93.1,68.1,1,25,51,0,31.0,none,0,0.0
2023,CAB0018,Trans-Atlantic,consortium,2010,13,4,6382.0,2,None,100.6,100.6,99.9,1,25,54,0,32.5,none,0,0.0
2024,CAB0018,Trans-Atlantic,consortium,2010,14,4,6382.0,2,None,100.6,100.6,58.3,1,25,58,0,34.1,none,0,0.0
2025,CAB0018,Trans-Atlantic,consortium,2010,15,4,6382.0,2,None,100.6,100.6,100.0,1,25,62,0,35.7,none,0,0.0
2026,CAB0018,Trans-Atlantic,consortium,2010,16,4,6382.0,2,None,100.6,100.6,55.5,1,25,63,0,37.3,none,0,
2015,CAB0019,Trans-Atlantic,carrier,2001,14,2,7156.0,5,None,24.6,24.6,100.0,1,25,33,1,42.1,none,0,0.0
2016,CAB0019,Trans-Atlantic,carrier,2001,15,2,7156.0,5,None,24.6,24.6,54.7,1,25,37,1,43.7,none,0,0.0
2017,CAB0019,Trans-Atlantic,carrier,2001,16,2,7156.0,5,None,24.6,24.6,69.0,1,25,37,1,45.2,none,0,1.0
2018,CAB0019,Trans-Atlantic,carrier,2001,17,2,7156.0,5,None,24.6,24.6,85.6,1,25,40,0,27.0,fishing_anchor,1,0.0
2019,CAB0019,Trans-Atlantic,carrier,2001,18,2,7156.0,5,None,24.6,24.6,67.8,1,25,45,0,28.6,none,0,1.0
2020,CAB0019,Trans-Atlantic,carrier,2001,19,2,7156.0,5,None,24.6,24.6,97.7,1,25,48,0,30.2,fishing_anchor,1,0.0
2021,CAB0019,Trans-Atlantic,carrier,2001,20,2,7156.0,5,None,24.6,24.6,100.0,1,25,50,0,31.7,none,0,0.0
2022,CAB0019,Trans-Atlantic,carrier,2001,21,2,7156.0,5,None,24.6,24.6,80.2,1,25,51,0,33.3,none,0,0.0
2023,CAB0019,Trans-Atlantic,carrier,2001,22,2,7156.0,5,None,24.6,24.6,93.0,1,25,54,0,34.9,none,0,0.0
2024,CAB0019,Trans-Atlantic,carrier,2001,23,2,7156.0,5,None,24.6,24.6,96.2,1,25,58,0,36.5,none,0,0.0
2025,CAB0019,Trans-Atlantic,carrier,2001,24,2,7156.0,5,None,24.6,24.6,98.3,1,25,62,0,38.1,none,0,0.0
2026,CAB0019,Trans-Atlantic,carrier,2001,25,2,7156.0,5,None,24.6,24.6,100.0,1,25,63,0,39.7,none,0,
2015,CAB0020,Intra-Europe,consortium,2007,8,22,1133.0,4,None,458.9,365.2,49.3,0,25,41,0,28.6,none,0,0.0
2016,CAB0020,Intra-Europe,consortium,2007,9,22,1133.0,4,None,458.9,369.9,41.5,0,25,42,0,30.2,none,0,0.0
2017,CAB0020,Intra-Europe,consortium,2007,10,22,1133.0,4,None,458.9,393.6,57.3,0,25,44,0,31.7,none,0,0.0
2018,CAB0020,Intra-Europe,consortium,2007,11,22,1133.0,4,None,458.9,406.1,77.6,0,25,45,0,33.3,none,0,0.0
2019,CAB0020,Intra-Europe,consortium,2007,12,22,1133.0,4,None,458.9,458.9,87.1,0,25,47,0,34.9,none,0,0.0
2020,CAB0020,Intra-Europe,consortium,2007,13,22,1133.0,4,None,458.9,458.9,71.3,0,25,49,0,36.5,none,0,0.0
2021,CAB0020,Intra-Europe,consortium,2007,14,22,1133.0,4,None,458.9,458.9,41.6,0,25,49,0,38.1,none,0,0.0
2022,CAB0020,Intra-Europe,consortium,2007,15,22,1133.0,4,None,458.9,458.9,100.0,0,25,52,0,39.7,none,0,0.0
2023,CAB0020,Intra-Europe,consortium,2007,16,22,1133.0,4,None,458.9,458.9,64.4,0,25,53,0,41.3,none,0,0.0
2024,CAB0020,Intra-Europe,consortium,2007,17,22,1133.0,4,None,458.9,458.9,87.9,0,25,53,0,42.9,none,0,0.0
2025,CAB0020,Intra-Europe,consortium,2007,18,22,1133.0,4,None,458.9,458.9,70.4,0,25,58,0,44.4,none,0,0.0
2026,CAB0020,Intra-Europe,consortium,2007,19,22,1133.0,4,None,458.9,458.9,56.9,0,25,60,0,46.0,none,0,
2015,CAB0021,Intra-Pacific-Islands,hyperscaler,2010,5,16,2702.0,5,None,402.3,243.2,68.7,0,25,28,1,43.7,none,0,0.0
2016,CAB0021,Intra-Pacific-Islands,hyperscaler,2010,6,16,2702.0,5,None,402.3,240.9,56.4,0,25,29,1,45.2,none,0,0.0
2017,CAB0021,Intra-Pacific-Islands,hyperscaler,2010,7,16,2702.0,5,None,402.3,245.7,69.6,0,25,29,1,46.8,none,0,0.0
2018,CAB0021,Intra-Pacific-Islands,hyperscaler,2010,8,16,2702.0,5,None,402.3,273.3,68.8,0,25,30,1,48.4,none,0,0.0
2019,CAB0021,Intra-Pacific-Islands,hyperscaler,2010,9,16,2702.0,5,None,402.3,291.4,60.9,0,25,35,1,50.0,none,0,0.0
2020,CAB0021,Intra-Pacific-Islands,hyperscaler,2010,10,16,2702.0,5,None,402.3,326.3,74.1,0,25,40,0,31.7,none,0,1.0
2021,CAB0021,Intra-Pacific-Islands,hyperscaler,2010,11,16,2702.0,5,None,402.3,373.7,41.8,0,25,41,0,33.3,fishing_anchor,1,0.0
2022,CAB0021,Intra-Pacific-Islands,hyperscaler,2010,12,16,2702.0,5,None,402.3,373.1,71.9,0,25,43,0,34.9,none,0,0.0
2023,CAB0021,Intra-Pacific-Islands,hyperscaler,2010,13,16,2702.0,5,None,402.3,402.3,49.4,0,25,45,0,36.5,none,0,0.0
2024,CAB0021,Intra-Pacific-Islands,hyperscaler,2010,14,16,2702.0,5,None,402.3,402.3,52.8,0,25,48,0,38.1,none,0,1.0
2025,CAB0021,Intra-Pacific-Islands,hyperscaler,2010,15,16,2702.0,5,None,402.3,402.3,92.9,0,25,50,0,39.7,fishing_anchor,1,0.0
2026,CAB0021,Intra-Pacific-Islands,hyperscaler,2010,16,16,2702.0,5,None,402.3,402.3,99.2,0,25,51,0,41.3,none,0,
2015,CAB0022,Intra-Europe,consortium,2013,2,6,1546.0,6,None,176.6,76.5,49.6,0,25,41,0,19.0,none,0,0.0
2016,CAB0022,Intra-Europe,consortium,2013,3,6,1546.0,6,None,176.6,85.1,30.0,0,25,42,0,20.6,none,0,0.0
2017,CAB0022,Intra-Europe,consortium,2013,4,6,1546.0,6,None,176.6,84.1,20.5,0,25,44,0,22.2,none,0,0.0
2018,CAB0022,Intra-Europe,consortium,2013,5,6,1546.0,6,None,176.6,84.2,30.8,0,25,45,0,23.8,none,0,0.0
2019,CAB0022,Intra-Europe,consortium,2013,6,6,1546.0,6,None,176.6,119.7,45.0,0,25,47,0,25.4,none,0,0.0
2020,CAB0022,Intra-Europe,consortium,2013,7,6,1546.0,6,None,176.6,114.0,40.4,0,25,49,0,27.0,none,0,0.0
2021,CAB0022,Intra-Europe,consortium,2013,8,6,1546.0,6,None,176.6,122.2,46.0,0,25,49,0,28.6,none,0,0.0
2022,CAB0022,Intra-Europe,consortium,2013,9,6,1546.0,6,None,176.6,150.8,39.2,0,25,52,0,30.2,none,0,0.0
2023,CAB0022,Intra-Europe,consortium,2013,10,6,1546.0,6,None,176.6,148.8,58.0,0,25,53,0,31.7,none,0,0.0
2024,CAB0022,Intra-Europe,consortium,2013,11,6,1546.0,6,None,176.6,154.7,30.2,0,25,53,0,33.3,none,0,0.0
2025,CAB0022,Intra-Europe,consortium,2013,12,6,1546.0,6,None,176.6,170.9,70.1,0,25,58,0,34.9,none,0,0.0
2026,CAB0022,Intra-Europe,consortium,2013,13,6,1546.0,6,None,176.6,176.6,37.7,0,25,60,0,36.5,none,0,
2015,CAB0023,Intra-Asia,government,2007,8,22,4065.0,6,Malacca,458.9,356.3,69.5,1,25,53,0,40.5,none,0,0.0
2016,CAB0023,Intra-Asia,government,2007,9,22,4065.0,6,Malacca,458.9,372.7,80.7,1,25,59,0,42.1,none,0,1.0
2017,CAB0023,Intra-Asia,government,2007,10,22,4065.0,6,Malacca,458.9,369.8,36.6,1,25,60,0,43.7,fishing_anchor,1,0.0
2018,CAB0023,Intra-Asia,government,2007,11,22,4065.0,6,Malacca,458.9,426.4,93.9,1,25,62,0,45.2,none,0,0.0
2019,CAB0023,Intra-Asia,government,2007,12,22,4065.0,6,Malacca,458.9,457.9,68.4,1,25,64,0,46.8,none,0,0.0
2020,CAB0023,Intra-Asia,government,2007,13,22,4065.0,6,Malacca,458.9,458.9,61.0,1,25,66,0,48.4,none,0,1.0
2021,CAB0023,Intra-Asia,government,2007,14,22,4065.0,6,Malacca,458.9,458.9,77.0,1,25,69,0,50.0,fishing_anchor,1,0.0
2022,CAB0023,Intra-Asia,government,2007,15,22,4065.0,6,Malacca,458.9,458.9,78.0,1,25,70,0,51.6,none,0,0.0
2023,CAB0023,Intra-Asia,government,2007,16,22,4065.0,6,Malacca,458.9,458.9,44.3,1,25,70,0,53.2,none,0,0.0
2024,CAB0023,Intra-Asia,government,2007,17,22,4065.0,6,Malacca,458.9,458.9,69.6,1,25,75,0,54.8,none,0,0.0
2025,CAB0023,Intra-Asia,government,2007,18,22,4065.0,6,Malacca,458.9,458.9,81.9,1,25,77,0,56.3,none,0,0.0
2026,CAB0023,Intra-Asia,government,2007,19,22,4065.0,6,Malacca,458.9,458.9,54.8,1,25,77,0,57.9,none,0,
2015,CAB0024,Intra-Pacific-Islands,consortium,2000,15,4,1599.0,5,None,43.4,43.4,42.0,1,25,28,1,43.7,none,0,0.0
2016,CAB0024,Intra-Pacific-Islands,consortium,2000,16,4,1599.0,5,None,43.4,43.4,77.3,1,25,29,1,45.2,none,0,0.0
2017,CAB0024,Intra-Pacific-Islands,consortium,2000,17,4,1599.0,5,None,43.4,43.4,100.0,1,25,29,1,46.8,none,0,0.0
2018,CAB0024,Intra-Pacific-Islands,consortium,2000,18,4,1599.0,5,None,43.4,43.4,79.6,1,25,30,1,48.4,none,0,0.0
2019,CAB0024,Intra-Pacific-Islands,consortium,2000,19,4,1599.0,5,None,43.4,43.4,94.7,1,25,35,1,50.0,none,0,0.0
2020,CAB0024,Intra-Pacific-Islands,consortium,2000,20,4,1599.0,5,None,43.4,43.4,100.0,1,25,40,0,31.7,none,0,0.0
2021,CAB0024,Intra-Pacific-Islands,consortium,2000,21,4,1599.0,5,None,43.4,43.4,100.0,1,25,41,0,33.3,none,0,1.0
2022,CAB0024,Intra-Pacific-Islands,consortium,2000,22,4,1599.0,5,None,43.4,43.4,62.3,1,25,43,0,34.9,fishing_anchor,1,0.0
2023,CAB0024,Intra-Pacific-Islands,consortium,2000,23,4,1599.0,5,None,43.4,43.4,100.0,1,25,45,0,36.5,none,0,0.0
2024,CAB0024,Intra-Pacific-Islands,consortium,2000,24,4,1599.0,5,None,43.4,43.4,78.0,1,25,48,0,38.1,none,0,1.0
2025,CAB0024,Intra-Pacific-Islands,consortium,2000,25,4,1599.0,5,None,43.4,43.4,75.5,1,25,50,0,39.7,fishing_anchor,1,0.0
2026,CAB0024,Intra-Pacific-Islands,consortium,2000,26,4,1599.0,5,None,43.4,43.4,71.8,1,25,51,0,41.3,none,0,
2015,CAB0025,Trans-Atlantic,consortium,2000,15,8,5172.0,4,None,86.9,86.9,65.8,0,25,33,1,59.5,none,0,0.0
2016,CAB0025,Trans-Atlantic,consortium,2000,16,8,5172.0,4,None,86.9,86.9,77.5,0,25,37,1,61.1,none,0,0.0
2017,CAB0025,Trans-Atlantic,consortium,2000,17,8,5172.0,4,None,86.9,86.9,60.1,0,25,37,1,62.7,none,0,0.0
2018,CAB0025,Trans-Atlantic,consortium,2000,18,8,5172.0,4,None,86.9,86.9,78.2,0,25,40,0,44.4,none,0,1.0
2019,CAB0025,Trans-Atlantic,consortium,2000,19,8,5172.0,4,None,86.9,86.9,100.0,0,25,45,0,46.0,fishing_anchor,1,0.0
2020,CAB0025,Trans-Atlantic,consortium,2000,20,8,5172.0,4,None,86.9,86.9,74.3,0,25,48,0,47.6,none,0,0.0
2021,CAB0025,Trans-Atlantic,consortium,2000,21,8,5172.0,4,None,86.9,86.9,67.1,0,25,50,0,49.2,none,0,0.0
2022,CAB0025,Trans-Atlantic,consortium,2000,22,8,5172.0,4,None,86.9,86.9,88.7,0,25,51,0,50.8,none,0,1.0
2023,CAB0025,Trans-Atlantic,consortium,2000,23,8,5172.0,4,None,86.9,86.9,100.0,0,25,54,0,52.4,fishing_anchor,1,0.0
2024,CAB0025,Trans-Atlantic,consortium,2000,24,8,5172.0,4,None,86.9,86.9,64.8,0,25,58,0,54.0,none,0,0.0
2025,CAB0025,Trans-Atlantic,consortium,2000,25,8,5172.0,4,None,86.9,86.9,94.5,0,25,62,0,55.6,none,0,
2022,CAB0026,Intra-Europe,hyperscaler,2022,0,5,1306.0,4,None,211.4,72.3,29.5,0,25,52,0,15.9,none,0,0.0
2023,CAB0026,Intra-Europe,hyperscaler,2022,1,5,1306.0,4,None,211.4,65.5,73.0,0,25,53,0,17.5,none,0,0.0
2024,CAB0026,Intra-Europe,hyperscaler,2022,2,5,1306.0,4,None,211.4,62.4,59.1,0,25,53,0,19.0,none,0,0.0
2025,CAB0026,Intra-Europe,hyperscaler,2022,3,5,1306.0,4,None,211.4,84.7,57.5,0,25,58,0,20.6,none,0,0.0
2026,CAB0026,Intra-Europe,hyperscaler,2022,4,5,1306.0,4,None,211.4,107.1,75.3,0,25,60,0,22.2,none,0,
2015,CAB0027,Intra-Pacific-Islands,hyperscaler,2015,0,4,917.0,8,None,129.1,43.6,26.0,1,25,28,1,19.8,none,0,0.0
2016,CAB0027,Intra-Pacific-Islands,hyperscaler,2015,1,4,917.0,8,None,129.1,42.5,55.4,1,25,29,1,21.4,none,0,0.0
2017,CAB0027,Intra-Pacific-Islands,hyperscaler,2015,2,4,917.0,8,None,129.1,37.4,44.2,1,25,29,1,23.0,none,0,0.0
2018,CAB0027,Intra-Pacific-Islands,hyperscaler,2015,3,4,917.0,8,None,129.1,57.4,11.4,1,25,30,1,24.6,none,0,0.0
2019,CAB0027,Intra-Pacific-Islands,hyperscaler,2015,4,4,917.0,8,None,129.1,67.5,41.7,1,25,35,1,26.2,none,0,0.0
2020,CAB0027,Intra-Pacific-Islands,hyperscaler,2015,5,4,917.0,8,None,129.1,70.1,61.4,1,25,40,0,7.9,none,0,0.0
2021,CAB0027,Intra-Pacific-Islands,hyperscaler,2015,6,4,917.0,8,None,129.1,84.0,98.0,1,25,41,0,9.5,none,0,0.0
2022,CAB0027,Intra-Pacific-Islands,hyperscaler,2015,7,4,917.0,8,None,129.1,88.9,65.9,1,25,43,0,11.1,none,0,0.0
2023,CAB0027,Intra-Pacific-Islands,hyperscaler,2015,8,4,917.0,8,None,129.1,94.0,22.5,1,25,45,0,12.7,none,0,0.0
2024,CAB0027,Intra-Pacific-Islands,hyperscaler,2015,9,4,917.0,8,None,129.1,96.6,67.4,1,25,48,0,14.3,none,0,0.0
2025,CAB0027,Intra-Pacific-Islands,hyperscaler,2015,10,4,917.0,8,None,129.1,109.4,74.1,1,25,50,0,15.9,none,0,0.0
2026,CAB0027,Intra-Pacific-Islands,hyperscaler,2015,11,4,917.0,8,None,129.1,125.0,49.1,1,25,51,0,17.5,none,0,
2015,CAB0028,Intra-Asia,carrier,2014,1,9,3158.0,5,None,277.7,85.0,44.3,1,25,53,0,1.6,none,0,1.0
2016,CAB0028,Intra-Asia,carrier,2014,2,9,3158.0,5,None,277.7,90.8,18.5,1,25,59,0,3.2,natural_hazard,1,0.0
2017,CAB0028,Intra-Asia,carrier,2014,3,9,3158.0,5,None,277.7,133.0,34.3,1,25,60,0,4.8,none,0,0.0
2018,CAB0028,Intra-Asia,carrier,2014,4,9,3158.0,5,None,277.7,151.0,62.0,1,25,62,0,6.3,none,0,0.0
2019,CAB0028,Intra-Asia,carrier,2014,5,9,3158.0,5,None,277.7,181.6,57.2,1,25,64,0,7.9,none,0,0.0
2020,CAB0028,Intra-Asia,carrier,2014,6,9,3158.0,5,None,277.7,167.8,53.9,1,25,66,0,9.5,none,0,0.0
2021,CAB0028,Intra-Asia,carrier,2014,7,9,3158.0,5,None,277.7,192.0,22.9,1,25,69,0,11.1,none,0,0.0
2022,CAB0028,Intra-Asia,carrier,2014,8,9,3158.0,5,None,277.7,208.8,82.0,1,25,70,0,12.7,none,0,0.0
2023,CAB0028,Intra-Asia,carrier,2014,9,9,3158.0,5,None,277.7,210.2,56.4,1,25,70,0,14.3,none,0,0.0
2024,CAB0028,Intra-Asia,carrier,2014,10,9,3158.0,5,None,277.7,220.2,47.5,1,25,75,0,15.9,none,0,0.0
2025,CAB0028,Intra-Asia,carrier,2014,11,9,3158.0,5,None,277.7,258.0,24.8,1,25,77,0,17.5,none,0,0.0
2026,CAB0028,Intra-Asia,carrier,2014,12,9,3158.0,5,None,277.7,277.5,30.7,1,25,77,0,19.0,none,0,
2015,CAB0029,Intra-Asia,consortium,1998,17,4,6063.0,8,None,32.0,32.0,50.1,1,25,53,0,27.0,none,0,0.0
2016,CAB0029,Intra-Asia,consortium,1998,18,4,6063.0,8,None,32.0,32.0,47.8,1,25,59,0,28.6,none,0,0.0
2017,CAB0029,Intra-Asia,consortium,1998,19,4,6063.0,8,None,32.0,32.0,62.8,1,25,60,0,30.2,none,0,0.0
2018,CAB0029,Intra-Asia,consortium,1998,20,4,6063.0,8,None,32.0,32.0,78.8,1,25,62,0,31.7,none,0,0.0
2019,CAB0029,Intra-Asia,consortium,1998,21,4,6063.0,8,None,32.0,32.0,46.6,1,25,64,0,33.3,none,0,1.0
2020,CAB0029,Intra-Asia,consortium,1998,22,4,6063.0,8,None,32.0,32.0,86.8,1,25,66,0,34.9,fishing_anchor,1,0.0
2021,CAB0029,Intra-Asia,consortium,1998,23,4,6063.0,8,None,32.0,32.0,97.6,1,25,69,0,36.5,none,0,1.0
2022,CAB0029,Intra-Asia,consortium,1998,24,4,6063.0,8,None,32.0,32.0,84.5,1,25,70,0,38.1,equipment,1,1.0
2023,CAB0029,Intra-Asia,consortium,1998,25,4,6063.0,8,None,32.0,32.0,100.0,1,25,70,0,39.7,natural_hazard,1,0.0
2024,CAB0029,Intra-Asia,consortium,1998,26,4,6063.0,8,None,32.0,32.0,83.5,1,25,75,0,41.3,none,0,0.0
2025,CAB0029,Intra-Asia,consortium,1998,27,4,6063.0,8,None,32.0,32.0,87.9,1,25,77,0,42.9,none,0,0.0
2026,CAB0029,Intra-Asia,consortium,1998,28,4,6063.0,8,None,32.0,32.0,94.7,1,25,77,0,44.4,none,0,
2015,CAB0030,Intra-Europe,consortium,2000,15,5,1560.0,5,None,54.3,54.3,95.6,1,25,41,0,23.8,none,0,0.0
2016,CAB0030,Intra-Europe,consortium,2000,16,5,1560.0,5,None,54.3,54.3,88.8,1,25,42,0,25.4,none,0,0.0
2017,CAB0030,Intra-Europe,consortium,2000,17,5,1560.0,5,None,54.3,54.3,74.2,1,25,44,0,27.0,none,0,0.0
2018,CAB0030,Intra-Europe,consortium,2000,18,5,1560.0,5,None,54.3,54.3,100.0,1,25,45,0,28.6,none,0,0.0
2019,CAB0030,Intra-Europe,consortium,2000,19,5,1560.0,5,None,54.3,54.3,58.6,1,25,47,0,30.2,none,0,1.0
2020,CAB0030,Intra-Europe,consortium,2000,20,5,1560.0,5,None,54.3,54.3,53.6,1,25,49,0,31.7,fishing_anchor,1,0.0
2021,CAB0030,Intra-Europe,consortium,2000,21,5,1560.0,5,None,54.3,54.3,60.7,1,25,49,0,33.3,none,0,0.0
2022,CAB0030,Intra-Europe,consortium,2000,22,5,1560.0,5,None,54.3,54.3,55.1,1,25,52,0,34.9,none,0,0.0
2023,CAB0030,Intra-Europe,consortium,2000,23,5,1560.0,5,None,54.3,54.3,87.0,1,25,53,0,36.5,none,0,0.0
2024,CAB0030,Intra-Europe,consortium,2000,24,5,1560.0,5,None,54.3,54.3,100.0,1,25,53,0,38.1,none,0,0.0
2025,CAB0030,Intra-Europe,consortium,2000,25,5,1560.0,5,None,54.3,54.3,100.0,1,25,58,0,39.7,none,0,0.0
2026,CAB0030,Intra-Europe,consortium,2000,26,5,1560.0,5,None,54.3,54.3,95.7,1,25,60,0,41.3,none,0,
2015,CAB0031,Trans-Atlantic,consortium,1998,17,9,5464.0,6,None,72.0,72.0,100.0,0,25,33,1,62.7,none,0,1.0
2016,CAB0031,Trans-Atlantic,consortium,1998,18,9,5464.0,6,None,72.0,72.0,81.2,0,25,37,1,64.3,fishing_anchor,1,0.0
2017,CAB0031,Trans-Atlantic,consortium,1998,19,9,5464.0,6,None,72.0,72.0,71.6,0,25,37,1,65.9,none,0,0.0
2018,CAB0031,Trans-Atlantic,consortium,1998,20,9,5464.0,6,None,72.0,72.0,56.0,0,25,40,0,47.6,none,0,0.0
2019,CAB0031,Trans-Atlantic,consortium,1998,21,9,5464.0,6,None,72.0,72.0,72.3,0,25,45,0,49.2,none,0,0.0
2020,CAB0031,Trans-Atlantic,consortium,1998,22,9,5464.0,6,None,72.0,72.0,100.0,0,25,48,0,50.8,none,0,0.0
2021,CAB0031,Trans-Atlantic,consortium,1998,23,9,5464.0,6,None,72.0,72.0,82.7,0,25,50,0,52.4,none,0,0.0
2022,CAB0031,Trans-Atlantic,consortium,1998,24,9,5464.0,6,None,72.0,72.0,90.7,0,25,51,0,54.0,none,0,0.0
2023,CAB0031,Trans-Atlantic,consortium,1998,25,9,5464.0,6,None,72.0,72.0,100.0,0,25,54,0,55.6,none,0,0.0
2024,CAB0031,Trans-Atlantic,consortium,1998,26,9,5464.0,6,None,72.0,72.0,100.0,0,25,58,0,57.1,none,0,0.0
2025,CAB0031,Trans-Atlantic,consortium,1998,27,9,5464.0,6,None,72.0,72.0,59.3,0,25,62,0,58.7,none,0,0.0
2026,CAB0031,Trans-Atlantic,consortium,1998,28,9,5464.0,6,None,72.0,72.0,90.9,0,25,63,0,60.3,none,0,
2015,CAB0032,Trans-Pacific,carrier,2013,2,9,11479.0,8,None,264.9,100.1,46.6,0,25,35,1,38.9,none,0,0.0
2016,CAB0032,Trans-Pacific,carrier,2013,3,9,11479.0,8,None,264.9,86.9,37.4,0,25,37,1,40.5,none,0,0.0
2017,CAB0032,Trans-Pacific,carrier,2013,4,9,11479.0,8,None,264.9,128.7,22.8,0,25,38,1,42.1,none,0,0.0
2018,CAB0032,Trans-Pacific,carrier,2013,5,9,11479.0,8,None,264.9,150.4,58.3,0,25,39,1,43.7,none,0,0.0
2019,CAB0032,Trans-Pacific,carrier,2013,6,9,11479.0,8,None,264.9,174.4,33.3,0,25,41,0,25.4,none,0,1.0
2020,CAB0032,Trans-Pacific,carrier,2013,7,9,11479.0,8,None,264.9,159.5,64.1,0,25,42,0,27.0,suspected_external,1,0.0
2021,CAB0032,Trans-Pacific,carrier,2013,8,9,11479.0,8,None,264.9,227.3,22.3,0,25,43,0,28.6,none,0,0.0
2022,CAB0032,Trans-Pacific,carrier,2013,9,9,11479.0,8,None,264.9,188.2,91.2,0,25,45,0,30.2,none,0,0.0
2023,CAB0032,Trans-Pacific,carrier,2013,10,9,11479.0,8,None,264.9,215.1,41.8,0,25,47,0,31.7,none,0,1.0
2024,CAB0032,Trans-Pacific,carrier,2013,11,9,11479.0,8,None,264.9,233.8,79.7,0,25,49,0,33.3,fishing_anchor,1,0.0
2025,CAB0032,Trans-Pacific,carrier,2013,12,9,11479.0,8,None,264.9,264.9,47.9,0,25,50,0,34.9,none,0,0.0
2026,CAB0032,Trans-Pacific,carrier,2013,13,9,11479.0,8,None,264.9,264.9,58.2,0,25,48,0,36.5,none,0,
2015,CAB0033,Americas,consortium,1999,16,7,4997.0,4,None,66.0,66.0,70.1,1,25,28,1,45.2,none,0,0.0
2016,CAB0033,Americas,consortium,1999,17,7,4997.0,4,None,66.0,66.0,78.1,1,25,29,1,46.8,none,0,1.0
2017,CAB0033,Americas,consortium,1999,18,7,4997.0,4,None,66.0,66.0,65.3,1,25,29,1,48.4,fishing_anchor,1,0.0
2018,CAB0033,Americas,consortium,1999,19,7,4997.0,4,None,66.0,66.0,44.8,1,25,31,1,50.0,none,0,0.0
2019,CAB0033,Americas,consortium,1999,20,7,4997.0,4,None,66.0,66.0,100.0,1,25,32,1,51.6,none,0,1.0
2020,CAB0033,Americas,consortium,1999,21,7,4997.0,4,None,66.0,66.0,47.0,1,25,33,1,53.2,fishing_anchor,1,0.0
2021,CAB0033,Americas,consortium,1999,22,7,4997.0,4,None,66.0,66.0,62.7,1,25,37,1,54.8,none,0,1.0
2022,CAB0033,Americas,consortium,1999,23,7,4997.0,4,None,66.0,66.0,74.5,1,25,37,1,56.3,fishing_anchor,1,1.0
2023,CAB0033,Americas,consortium,1999,24,7,4997.0,4,None,66.0,66.0,79.1,1,25,37,1,57.9,fishing_anchor,1,1.0
2024,CAB0033,Americas,consortium,1999,25,7,4997.0,4,None,66.0,66.0,92.0,1,25,39,1,59.5,fishing_anchor,1,1.0
2025,CAB0033,Americas,consortium,1999,26,7,4997.0,4,None,66.0,66.0,64.8,1,25,39,1,61.1,fishing_anchor,1,0.0
2026,CAB0033,Americas,consortium,1999,27,7,4997.0,4,None,66.0,66.0,79.0,1,25,40,0,42.9,none,0,
2015,CAB0034,Intra-Asia,hyperscaler,2007,8,22,3485.0,9,None,458.9,301.7,35.7,0,25,53,0,28.6,none,0,0.0
2016,CAB0034,Intra-Asia,hyperscaler,2007,9,22,3485.0,9,None,458.9,357.0,43.0,0,25,59,0,30.2,none,0,0.0
2017,CAB0034,Intra-Asia,hyperscaler,2007,10,22,3485.0,9,None,458.9,370.3,51.2,0,25,60,0,31.7,none,0,0.0
2018,CAB0034,Intra-Asia,hyperscaler,2007,11,22,3485.0,9,None,458.9,397.2,31.5,0,25,62,0,33.3,none,0,0.0
2019,CAB0034,Intra-Asia,hyperscaler,2007,12,22,3485.0,9,None,458.9,420.1,45.2,0,25,64,0,34.9,none,0,0.0
2020,CAB0034,Intra-Asia,hyperscaler,2007,13,22,3485.0,9,None,458.9,458.9,48.0,0,25,66,0,36.5,none,0,0.0
2021,CAB0034,Intra-Asia,hyperscaler,2007,14,22,3485.0,9,None,458.9,458.9,63.5,0,25,69,0,38.1,none,0,0.0
2022,CAB0034,Intra-Asia,hyperscaler,2007,15,22,3485.0,9,None,458.9,458.9,59.8,0,25,70,0,39.7,none,0,0.0
2023,CAB0034,Intra-Asia,hyperscaler,2007,16,22,3485.0,9,None,458.9,458.9,41.7,0,25,70,0,41.3,none,0,1.0
2024,CAB0034,Intra-Asia,hyperscaler,2007,17,22,3485.0,9,None,458.9,458.9,100.0,0,25,75,0,42.9,fishing_anchor,1,1.0
2025,CAB0034,Intra-Asia,hyperscaler,2007,18,22,3485.0,9,None,458.9,458.9,72.2,0,25,77,0,44.4,suspected_external,1,0.0
2026,CAB0034,Intra-Asia,hyperscaler,2007,19,22,3485.0,9,None,458.9,458.9,60.9,0,25,77,0,46.0,none,0,
2015,CAB0035,Indian-Ocean,carrier,1998,17,21,10679.0,7,None,168.0,168.0,86.1,0,25,31,1,62.7,none,0,0.0
2016,CAB0035,Indian-Ocean,carrier,1998,18,21,10679.0,7,None,168.0,168.0,100.0,0,25,33,1,64.3,none,0,1.0
2017,CAB0035,Indian-Ocean,carrier,1998,19,21,10679.0,7,None,168.0,168.0,77.8,0,25,33,1,65.9,fishing_anchor,1,0.0
2018,CAB0035,Indian-Ocean,carrier,1998,20,21,10679.0,7,None,168.0,168.0,78.4,0,25,35,1,67.5,none,0,1.0
2019,CAB0035,Indian-Ocean,carrier,1998,21,21,10679.0,7,None,168.0,168.0,100.0,0,25,35,1,69.0,fishing_anchor,1,1.0
2020,CAB0035,Indian-Ocean,carrier,1998,22,21,10679.0,7,None,168.0,168.0,96.0,0,25,36,1,70.6,fishing_anchor,1,0.0
2021,CAB0035,Indian-Ocean,carrier,1998,23,21,10679.0,7,None,168.0,168.0,51.4,0,25,39,1,72.2,none,0,0.0
2022,CAB0035,Indian-Ocean,carrier,1998,24,21,10679.0,7,None,168.0,168.0,80.8,0,25,39,1,73.8,none,0,0.0
2023,CAB0035,Indian-Ocean,carrier,1998,25,21,10679.0,7,None,168.0,168.0,94.8,0,25,40,0,55.6,none,0,1.0
2024,CAB0035,Indian-Ocean,carrier,1998,26,21,10679.0,7,None,168.0,168.0,100.0,0,25,41,0,57.1,equipment,1,0.0
2026,CAB0035,Indian-Ocean,carrier,1998,28,21,10679.0,7,None,168.0,168.0,74.9,0,25,43,0,60.3,none,0,
2025,CAB0036,Intra-Europe,carrier,2025,0,12,767.0,4,None,558.9,114.3,61.1,1,25,58,0,0.0,none,0,0.0
2026,CAB0036,Intra-Europe,carrier,2025,1,12,767.0,4,None,558.9,195.2,26.3,1,25,60,0,1.6,none,0,
2015,CAB0037,Intra-Europe,hyperscaler,1998,17,2,2867.0,4,None,16.0,16.0,67.4,1,25,41,0,27.0,equipment,1,0.0
2016,CAB0037,Intra-Europe,hyperscaler,1998,18,2,2867.0,4,None,16.0,16.0,99.3,1,25,42,0,28.6,none,0,0.0
2017,CAB0037,Intra-Europe,hyperscaler,1998,19,2,2867.0,4,None,16.0,16.0,90.0,1,25,44,0,30.2,none,0,0.0
2018,CAB0037,Intra-Europe,hyperscaler,1998,20,2,2867.0,4,None,16.0,16.0,100.0,1,25,45,0,31.7,none,0,0.0
2019,CAB0037,Intra-Europe,hyperscaler,1998,21,2,2867.0,4,None,16.0,16.0,92.8,1,25,47,0,33.3,none,0,1.0
2020,CAB0037,Intra-Europe,hyperscaler,1998,22,2,2867.0,4,None,16.0,16.0,100.0,1,25,49,0,34.9,fishing_anchor,1,0.0
2021,CAB0037,Intra-Europe,hyperscaler,1998,23,2,2867.0,4,None,16.0,16.0,100.0,1,25,49,0,36.5,none,0,0.0
2022,CAB0037,Intra-Europe,hyperscaler,1998,24,2,2867.0,4,None,16.0,16.0,58.7,1,25,52,0,38.1,none,0,0.0
2023,CAB0037,Intra-Europe,hyperscaler,1998,25,2,2867.0,4,None,16.0,16.0,93.4,1,25,53,0,39.7,none,0,1.0
2025,CAB0037,Intra-Europe,hyperscaler,1998,27,2,2867.0,4,None,16.0,16.0,97.3,1,25,58,0,42.9,natural_hazard,1,
2021,CAB0038,Trans-Pacific,hyperscaler,2021,0,34,14212.0,5,None,1389.1,290.8,41.6,0,25,43,0,15.9,none,0,0.0
2022,CAB0038,Trans-Pacific,hyperscaler,2021,1,34,14212.0,5,None,1389.1,470.0,51.0,0,25,45,0,17.5,none,0,0.0
2023,CAB0038,Trans-Pacific,hyperscaler,2021,2,34,14212.0,5,None,1389.1,464.6,16.7,0,25,47,0,19.0,none,0,0.0
2024,CAB0038,Trans-Pacific,hyperscaler,2021,3,34,14212.0,5,None,1389.1,638.6,50.0,0,25,49,0,20.6,none,0,1.0
2025,CAB0038,Trans-Pacific,hyperscaler,2021,4,34,14212.0,5,None,1389.1,659.5,42.5,0,25,50,0,22.2,fishing_anchor,1,0.0
2026,CAB0038,Trans-Pacific,hyperscaler,2021,5,34,14212.0,5,None,1389.1,653.7,36.2,0,25,48,0,23.8,none,0,
2021,CAB0039,Americas,consortium,2021,0,34,2280.0,3,None,1389.1,150.2,55.3,1,25,37,1,19.8,none,0,0.0
2022,CAB0039,Americas,consortium,2021,1,34,2280.0,3,None,1389.1,432.6,14.5,1,25,37,1,21.4,none,0,0.0
2023,CAB0039,Americas,consortium,2021,2,34,2280.0,3,None,1389.1,502.1,42.9,1,25,37,1,23.0,none,0,0.0
2024,CAB0039,Americas,consortium,2021,3,34,2280.0,3,None,1389.1,621.0,33.9,1,25,39,1,24.6,none,0,0.0
2025,CAB0039,Americas,consortium,2021,4,34,2280.0,3,None,1389.1,764.1,45.9,1,25,39,1,26.2,none,0,0.0
2026,CAB0039,Americas,consortium,2021,5,34,2280.0,3,None,1389.1,907.3,30.7,1,25,40,0,7.9,none,0,
2015,CAB0040,Americas,carrier,2002,13,4,8338.0,4,None,54.9,54.8,44.4,1,25,28,1,40.5,equipment,1,0.0
2016,CAB0040,Americas,carrier,2002,14,4,8338.0,4,None,54.9,54.9,42.3,1,25,29,1,42.1,none,0,1.0
2017,CAB0040,Americas,carrier,2002,15,4,8338.0,4,None,54.9,54.9,57.9,1,25,29,1,43.7,natural_hazard,1,0.0
2018,CAB0040,Americas,carrier,2002,16,4,8338.0,4,None,54.9,54.9,54.2,1,25,31,1,45.2,none,0,0.0
2019,CAB0040,Americas,carrier,2002,17,4,8338.0,4,None,54.9,54.9,89.5,1,25,32,1,46.8,none,0,1.0
2020,CAB0040,Americas,carrier,2002,18,4,8338.0,4,None,54.9,54.9,62.1,1,25,33,1,48.4,equipment,1,0.0
2021,CAB0040,Americas,carrier,2002,19,4,8338.0,4,None,54.9,54.9,49.7,1,25,37,1,50.0,none,0,1.0
2022,CAB0040,Americas,carrier,2002,20,4,8338.0,4,None,54.9,54.9,100.0,1,25,37,1,51.6,natural_hazard,1,0.0
2023,CAB0040,Americas,carrier,2002,21,4,8338.0,4,None,54.9,54.9,57.1,1,25,37,1,53.2,none,0,0.0
2024,CAB0040,Americas,carrier,2002,22,4,8338.0,4,None,54.9,54.9,100.0,1,25,39,1,54.8,none,0,0.0
2025,CAB0040,Americas,carrier,2002,23,4,8338.0,4,None,54.9,54.9,70.0,1,25,39,1,56.3,none,0,0.0
2026,CAB0040,Americas,carrier,2002,24,4,8338.0,4,None,54.9,54.9,56.8,1,25,40,0,38.1,none,0,
2019,CAB0041,Intra-Pacific-Islands,consortium,2019,0,10,207.0,7,None,380.0,99.9,36.1,1,25,35,1,19.8,none,0,0.0
2020,CAB0041,Intra-Pacific-Islands,consortium,2019,1,10,207.0,7,None,380.0,136.4,23.6,1,25,40,0,1.6,none,0,1.0
2021,CAB0041,Intra-Pacific-Islands,consortium,2019,2,10,207.0,7,None,380.0,132.1,32.8,1,25,41,0,3.2,fishing_anchor,1,0.0
2022,CAB0041,Intra-Pacific-Islands,consortium,2019,3,10,207.0,7,None,380.0,166.1,31.6,1,25,43,0,4.8,none,0,0.0
2023,CAB0041,Intra-Pacific-Islands,consortium,2019,4,10,207.0,7,None,380.0,205.1,67.3,1,25,45,0,6.3,none,0,0.0
2024,CAB0041,Intra-Pacific-Islands,consortium,2019,5,10,207.0,7,None,380.0,206.8,83.2,1,25,48,0,7.9,none,0,0.0
2025,CAB0041,Intra-Pacific-Islands,consortium,2019,6,10,207.0,7,None,380.0,246.8,25.5,1,25,50,0,9.5,none,0,0.0
2026,CAB0041,Intra-Pacific-Islands,consortium,2019,7,10,207.0,7,None,380.0,278.2,55.9,1,25,51,0,11.1,none,0,
2015,CAB0042,Intra-Europe,carrier,2007,8,22,632.0,9,None,458.9,359.6,42.0,1,25,41,0,12.7,none,0,0.0
2016,CAB0042,Intra-Europe,carrier,2007,9,22,632.0,9,None,458.9,326.1,83.0,1,25,42,0,14.3,none,0,0.0
2017,CAB0042,Intra-Europe,carrier,2007,10,22,632.0,9,None,458.9,352.7,66.1,1,25,44,0,15.9,none,0,0.0
2018,CAB0042,Intra-Europe,carrier,2007,11,22,632.0,9,None,458.9,436.5,43.8,1,25,45,0,17.5,none,0,0.0
2019,CAB0042,Intra-Europe,carrier,2007,12,22,632.0,9,None,458.9,458.9,41.0,1,25,47,0,19.0,none,0,0.0
2020,CAB0042,Intra-Europe,carrier,2007,13,22,632.0,9,None,458.9,434.2,82.4,1,25,49,0,20.6,none,0,0.0
2021,CAB0042,Intra-Europe,carrier,2007,14,22,632.0,9,None,458.9,458.9,89.4,1,25,49,0,22.2,none,0,0.0
2022,CAB0042,Intra-Europe,carrier,2007,15,22,632.0,9,None,458.9,458.9,88.1,1,25,52,0,23.8,none,0,0.0
2023,CAB0042,Intra-Europe,carrier,2007,16,22,632.0,9,None,458.9,458.9,64.3,1,25,53,0,25.4,none,0,0.0
2024,CAB0042,Intra-Europe,carrier,2007,17,22,632.0,9,None,458.9,458.9,67.7,1,25,53,0,27.0,none,0,0.0
2025,CAB0042,Intra-Europe,carrier,2007,18,22,632.0,9,None,458.9,458.9,100.0,1,25,58,0,28.6,none,0,0.0
2026,CAB0042,Intra-Europe,carrier,2007,19,22,632.0,9,None,458.9,458.9,68.1,1,25,60,0,30.2,none,0,
2015,CAB0043,EMEA-Asia,hyperscaler,2004,11,6,18857.0,4,None,99.4,88.7,30.5,1,25,27,1,37.3,fishing_anchor,1,1.0
2016,CAB0043,EMEA-Asia,hyperscaler,2004,12,6,18857.0,4,None,99.4,98.9,46.3,1,25,29,1,38.9,fishing_anchor,1,0.0
2017,CAB0043,EMEA-Asia,hyperscaler,2004,13,6,18857.0,4,None,99.4,99.4,42.1,1,25,32,1,40.5,none,0,0.0
2018,CAB0043,EMEA-Asia,hyperscaler,2004,14,6,18857.0,4,None,99.4,99.4,51.1,1,25,34,1,42.1,none,0,0.0
2019,CAB0043,EMEA-Asia,hyperscaler,2004,15,6,18857.0,4,None,99.4,99.4,69.8,1,25,37,1,43.7,none,0,0.0
2020,CAB0043,EMEA-Asia,hyperscaler,2004,16,6,18857.0,4,None,99.4,99.4,92.8,1,25,40,0,25.4,none,0,0.0
2021,CAB0043,EMEA-Asia,hyperscaler,2004,17,6,18857.0,4,None,99.4,99.4,65.2,1,25,44,0,27.0,none,0,0.0
2022,CAB0043,EMEA-Asia,hyperscaler,2004,18,6,18857.0,4,None,99.4,99.4,39.8,1,25,45,0,28.6,none,0,0.0
2023,CAB0043,EMEA-Asia,hyperscaler,2004,19,6,18857.0,4,None,99.4,99.4,40.1,1,25,47,0,30.2,none,0,0.0
2024,CAB0043,EMEA-Asia,hyperscaler,2004,20,6,18857.0,4,None,99.4,99.4,80.3,1,25,48,0,31.7,none,0,0.0
2025,CAB0043,EMEA-Asia,hyperscaler,2004,21,6,18857.0,4,None,99.4,99.4,82.0,1,25,47,0,33.3,none,0,0.0
2026,CAB0043,EMEA-Asia,hyperscaler,2004,22,6,18857.0,4,None,99.4,99.4,100.0,1,25,47,0,34.9,none,0,
2025,CAB0044,Americas,consortium,2025,0,48,7140.0,4,None,2235.4,537.4,30.3,1,25,39,1,19.8,none,0,0.0
2026,CAB0044,Americas,consortium,2025,1,48,7140.0,4,None,2235.4,777.8,16.5,1,25,40,0,1.6,none,0,
2026,CAB0045,Intra-Pacific-Islands,hyperscaler,2026,0,25,2733.0,4,None,1200.0,269.7,67.2,1,25,51,0,0.0,fishing_anchor,1,
2018,CAB0046,Trans-Atlantic,consortium,2018,0,7,6735.0,5,None,256.0,57.1,32.4,1,25,40,0,0.0,none,0,0.0
2019,CAB0046,Trans-Atlantic,consortium,2018,1,7,6735.0,5,None,256.0,102.6,39.9,1,25,45,0,1.6,none,0,0.0
2020,CAB0046,Trans-Atlantic,consortium,2018,2,7,6735.0,5,None,256.0,122.6,62.3,1,25,48,0,3.2,none,0,0.0
2021,CAB0046,Trans-Atlantic,consortium,2018,3,7,6735.0,5,None,256.0,107.8,46.3,1,25,50,0,4.8,none,0,0.0
2022,CAB0046,Trans-Atlantic,consortium,2018,4,7,6735.0,5,None,256.0,137.6,45.6,1,25,51,0,6.3,none,0,0.0
2023,CAB0046,Trans-Atlantic,consortium,2018,5,7,6735.0,5,None,256.0,145.1,52.0,1,25,54,0,7.9,none,0,0.0
2024,CAB0046,Trans-Atlantic,consortium,2018,6,7,6735.0,5,None,256.0,158.5,35.0,1,25,58,0,9.5,none,0,0.0
2025,CAB0046,Trans-Atlantic,consortium,2018,7,7,6735.0,5,None,256.0,182.8,38.5,1,25,62,0,11.1,none,0,0.0
2026,CAB0046,Trans-Atlantic,consortium,2018,8,7,6735.0,5,None,256.0,191.2,31.3,1,25,63,0,12.7,none,0,
2015,CAB0047,Trans-Pacific,consortium,2006,9,5,9094.0,6,None,97.1,74.4,64.2,1,25,35,1,34.1,none,0,0.0
2016,CAB0047,Trans-Pacific,consortium,2006,10,5,9094.0,6,None,97.1,81.5,58.2,1,25,37,1,35.7,none,0,0.0
2017,CAB0047,Trans-Pacific,consortium,2006,11,5,9094.0,6,None,97.1,77.0,98.5,1,25,38,1,37.3,none,0,0.0
2018,CAB0047,Trans-Pacific,consortium,2006,12,5,9094.0,6,None,97.1,85.7,78.5,1,25,39,1,38.9,none,0,0.0
2019,CAB0047,Trans-Pacific,consortium,2006,13,5,9094.0,6,None,97.1,97.1,73.9,1,25,41,0,20.6,none,0,0.0
2020,CAB0047,Trans-Pacific,consortium,2006,14,5,9094.0,6,None,97.1,97.1,37.2,1,25,42,0,22.2,none,0,0.0
2021,CAB0047,Trans-Pacific,consortium,2006,15,5,9094.0,6,None,97.1,97.1,41.4,1,25,43,0,23.8,none,0,0.0
2022,CAB0047,Trans-Pacific,consortium,2006,16,5,9094.0,6,None,97.1,97.1,83.9,1,25,45,0,25.4,none,0,0.0
2023,CAB0047,Trans-Pacific,consortium,2006,17,5,9094.0,6,None,97.1,97.1,100.0,1,25,47,0,27.0,none,0,0.0
2024,CAB0047,Trans-Pacific,consortium,2006,18,5,9094.0,6,None,97.1,97.1,100.0,1,25,49,0,28.6,none,0,0.0
2025,CAB0047,Trans-Pacific,consortium,2006,19,5,9094.0,6,None,97.1,97.1,81.5,1,25,50,0,30.2,none,0,0.0
2026,CAB0047,Trans-Pacific,consortium,2006,20,5,9094.0,6,None,97.1,97.1,75.3,1,25,48,0,31.7,none,0,
2015,CAB0048,Indian-Ocean,government,2002,13,11,12988.0,7,None,150.9,150.9,69.9,1,25,31,1,40.5,none,0,0.0
2016,CAB0048,Indian-Ocean,government,2002,14,11,12988.0,7,None,150.9,150.9,37.5,1,25,33,1,42.1,none,0,0.0
2017,CAB0048,Indian-Ocean,government,2002,15,11,12988.0,7,None,150.9,150.9,51.0,1,25,33,1,43.7,none,0,0.0
2018,CAB0048,Indian-Ocean,government,2002,16,11,12988.0,7,None,150.9,150.9,49.9,1,25,35,1,45.2,none,0,0.0
2019,CAB0048,Indian-Ocean,government,2002,17,11,12988.0,7,None,150.9,150.9,100.0,1,25,35,1,46.8,none,0,1.0
2020,CAB0048,Indian-Ocean,government,2002,18,11,12988.0,7,None,150.9,150.9,97.4,1,25,36,1,48.4,equipment,1,0.0
2021,CAB0048,Indian-Ocean,government,2002,19,11,12988.0,7,None,150.9,150.9,100.0,1,25,39,1,50.0,none,0,0.0
2022,CAB0048,Indian-Ocean,government,2002,20,11,12988.0,7,None,150.9,150.9,52.6,1,25,39,1,51.6,none,0,1.0
2023,CAB0048,Indian-Ocean,government,2002,21,11,12988.0,7,None,150.9,150.9,70.5,1,25,40,0,33.3,fishing_anchor,1,0.0
2024,CAB0048,Indian-Ocean,government,2002,22,11,12988.0,7,None,150.9,150.9,64.6,1,25,41,0,34.9,none,0,0.0
2025,CAB0048,Indian-Ocean,government,2002,23,11,12988.0,7,None,150.9,150.9,93.9,1,25,44,0,36.5,none,0,0.0
2026,CAB0048,Indian-Ocean,government,2002,24,11,12988.0,7,None,150.9,150.9,78.4,1,25,43,0,38.1,none,0,
2015,CAB0049,Africa-Coastal,carrier,2011,4,6,3421.0,3,None,159.4,80.1,50.9,0,25,36,1,42.1,none,0,1.0
2016,CAB0049,Africa-Coastal,carrier,2011,5,6,3421.0,3,None,159.4,90.1,83.1,0,25,37,1,43.7,fishing_anchor,1,0.0
2017,CAB0049,Africa-Coastal,carrier,2011,6,6,3421.0,3,None,159.4,96.0,46.0,0,25,40,0,25.4,none,0,0.0
2018,CAB0049,Africa-Coastal,carrier,2011,7,6,3421.0,3,None,159.4,105.8,72.0,0,25,40,0,27.0,none,0,0.0
2019,CAB0049,Africa-Coastal,carrier,2011,8,6,3421.0,3,None,159.4,124.1,96.7,0,25,42,0,28.6,none,0,0.0
2020,CAB0049,Africa-Coastal,carrier,2011,9,6,3421.0,3,None,159.4,126.2,30.9,0,25,43,0,30.2,none,0,1.0
2021,CAB0049,Africa-Coastal,carrier,2011,10,6,3421.0,3,None,159.4,147.6,68.0,0,25,44,0,31.7,fishing_anchor,1,1.0
2022,CAB0049,Africa-Coastal,carrier,2011,11,6,3421.0,3,None,159.4,141.1,73.8,0,25,45,0,33.3,fishing_anchor,1,1.0
2023,CAB0049,Africa-Coastal,carrier,2011,12,6,3421.0,3,None,159.4,159.4,98.1,0,25,47,0,34.9,fishing_anchor,1,1.0
2024,CAB0049,Africa-Coastal,carrier,2011,13,6,3421.0,3,None,159.4,156.9,68.5,0,25,49,0,36.5,fishing_anchor,1,0.0
2025,CAB0049,Africa-Coastal,carrier,2011,14,6,3421.0,3,None,159.4,159.4,81.7,0,25,52,0,38.1,none,0,0.0
2026,CAB0049,Africa-Coastal,carrier,2011,15,6,3421.0,3,None,159.4,159.4,99.1,0,25,53,0,39.7,none,0,
2026,CAB0050,Americas,government,2026,0,12,5648.0,6,Panama,576.0,117.8,37.5,1,25,40,0,27.8,none,0,
2015,CAB0051,Intra-Asia,hyperscaler,1999,16,2,5223.0,3,None,18.9,18.9,51.5,1,25,53,0,25.4,none,0,0.0
2016,CAB0051,Intra-Asia,hyperscaler,1999,17,2,5223.0,3,None,18.9,18.9,91.3,1,25,59,0,27.0,none,0,0.0
2017,CAB0051,Intra-Asia,hyperscaler,1999,18,2,5223.0,3,None,18.9,18.9,96.4,1,25,60,0,28.6,none,0,0.0
2018,CAB0051,Intra-Asia,hyperscaler,1999,19,2,5223.0,3,None,18.9,18.9,97.2,1,25,62,0,30.2,none,0,0.0
2019,CAB0051,Intra-Asia,hyperscaler,1999,20,2,5223.0,3,None,18.9,18.9,61.4,1,25,64,0,31.7,none,0,0.0
2020,CAB0051,Intra-Asia,hyperscaler,1999,21,2,5223.0,3,None,18.9,18.9,94.6,1,25,66,0,33.3,none,0,0.0
2021,CAB0051,Intra-Asia,hyperscaler,1999,22,2,5223.0,3,None,18.9,18.9,61.9,1,25,69,0,34.9,none,0,0.0
2022,CAB0051,Intra-Asia,hyperscaler,1999,23,2,5223.0,3,None,18.9,18.9,100.0,1,25,70,0,36.5,none,0,0.0
2023,CAB0051,Intra-Asia,hyperscaler,1999,24,2,5223.0,3,None,18.9,18.9,65.9,1,25,70,0,38.1,none,0,0.0
2024,CAB0051,Intra-Asia,hyperscaler,1999,25,2,5223.0,3,None,18.9,18.9,67.4,1,25,75,0,39.7,none,0,0.0
2025,CAB0051,Intra-Asia,hyperscaler,1999,26,2,5223.0,3,None,18.9,18.9,100.0,1,25,77,0,41.3,none,0,1.0
2026,CAB0051,Intra-Asia,hyperscaler,1999,27,2,5223.0,3,None,18.9,18.9,85.7,1,25,77,0,42.9,fishing_anchor,1,
2015,CAB0052,Indian-Ocean,carrier,2015,0,7,4580.0,6,Bab-el-Mandeb,226.0,48.7,20.8,1,25,31,1,47.6,none,0,0.0
2016,CAB0052,Indian-Ocean,carrier,2015,1,7,4580.0,6,Bab-el-Mandeb,226.0,78.6,59.8,1,25,33,1,49.2,none,0,1.0
2017,CAB0052,Indian-Ocean,carrier,2015,2,7,4580.0,6,Bab-el-Mandeb,226.0,79.1,73.3,1,25,33,1,50.8,fishing_anchor,1,0.0
2018,CAB0052,Indian-Ocean,carrier,2015,3,7,4580.0,6,Bab-el-Mandeb,226.0,103.8,60.4,1,25,35,1,52.4,none,0,0.0
2019,CAB0052,Indian-Ocean,carrier,2015,4,7,4580.0,6,Bab-el-Mandeb,226.0,101.7,37.5,1,25,35,1,54.0,none,0,0.0
2020,CAB0052,Indian-Ocean,carrier,2015,5,7,4580.0,6,Bab-el-Mandeb,226.0,117.9,64.1,1,25,36,1,55.6,none,0,0.0
2021,CAB0052,Indian-Ocean,carrier,2015,6,7,4580.0,6,Bab-el-Mandeb,226.0,132.1,56.3,1,25,39,1,57.1,none,0,0.0
2022,CAB0052,Indian-Ocean,carrier,2015,7,7,4580.0,6,Bab-el-Mandeb,226.0,157.8,61.7,1,25,39,1,58.7,none,0,0.0
2023,CAB0052,Indian-Ocean,carrier,2015,8,7,4580.0,6,Bab-el-Mandeb,226.0,153.0,30.9,1,25,40,0,40.5,none,0,1.0
2024,CAB0052,Indian-Ocean,carrier,2015,9,7,4580.0,6,Bab-el-Mandeb,226.0,186.1,61.1,1,25,41,0,42.1,fishing_anchor,1,0.0
2025,CAB0052,Indian-Ocean,carrier,2015,10,7,4580.0,6,Bab-el-Mandeb,226.0,188.2,36.2,1,25,44,0,43.7,none,0,0.0
2026,CAB0052,Indian-Ocean,carrier,2015,11,7,4580.0,6,Bab-el-Mandeb,226.0,216.0,68.3,1,25,43,0,45.2,none,0,
2018,CAB0053,Trans-Atlantic,carrier,2018,0,7,7108.0,6,None,256.0,79.9,43.8,0,25,40,0,15.9,none,0,0.0
2019,CAB0053,Trans-Atlantic,carrier,2018,1,7,7108.0,6,None,256.0,89.3,64.3,0,25,45,0,17.5,none,0,0.0
2020,CAB0053,Trans-Atlantic,carrier,2018,2,7,7108.0,6,None,256.0,101.9,22.4,0,25,48,0,19.0,none,0,0.0
2021,CAB0053,Trans-Atlantic,carrier,2018,3,7,7108.0,6,None,256.0,113.9,76.1,0,25,50,0,20.6,none,0,0.0
2022,CAB0053,Trans-Atlantic,carrier,2018,4,7,7108.0,6,None,256.0,125.7,48.9,0,25,51,0,22.2,none,0,0.0
2023,CAB0053,Trans-Atlantic,carrier,2018,5,7,7108.0,6,None,256.0,147.7,82.6,0,25,54,0,23.8,none,0,0.0
2024,CAB0053,Trans-Atlantic,carrier,2018,6,7,7108.0,6,None,256.0,142.1,36.6,0,25,58,0,25.4,none,0,0.0
2025,CAB0053,Trans-Atlantic,carrier,2018,7,7,7108.0,6,None,256.0,166.9,30.0,0,25,62,0,27.0,none,0,0.0
2026,CAB0053,Trans-Atlantic,carrier,2018,8,7,7108.0,6,None,256.0,168.6,75.6,0,25,63,0,28.6,none,0,
2015,CAB0054,Americas,consortium,2008,7,15,8657.0,6,None,334.3,252.0,35.8,0,25,28,1,46.8,none,0,0.0
2016,CAB0054,Americas,consortium,2008,8,15,8657.0,6,None,334.3,263.2,22.6,0,25,29,1,48.4,none,0,1.0
2017,CAB0054,Americas,consortium,2008,9,15,8657.0,6,None,334.3,250.8,84.9,0,25,29,1,50.0,fishing_anchor,1,0.0
2018,CAB0054,Americas,consortium,2008,10,15,8657.0,6,None,334.3,270.4,100.0,0,25,31,1,51.6,none,0,1.0
2019,CAB0054,Americas,consortium,2008,11,15,8657.0,6,None,334.3,295.4,65.0,0,25,32,1,53.2,fishing_anchor,1,1.0
2020,CAB0054,Americas,consortium,2008,12,15,8657.0,6,None,334.3,313.6,55.5,0,25,33,1,54.8,fishing_anchor,1,1.0
2021,CAB0054,Americas,consortium,2008,13,15,8657.0,6,None,334.3,334.3,68.2,0,25,37,1,56.3,fishing_anchor,1,0.0
2022,CAB0054,Americas,consortium,2008,14,15,8657.0,6,None,334.3,334.3,48.0,0,25,37,1,57.9,none,0,0.0
2023,CAB0054,Americas,consortium,2008,15,15,8657.0,6,None,334.3,334.3,45.5,0,25,37,1,59.5,none,0,1.0
2024,CAB0054,Americas,consortium,2008,16,15,8657.0,6,None,334.3,334.3,59.9,0,25,39,1,61.1,equipment,1,0.0
2025,CAB0054,Americas,consortium,2008,17,15,8657.0,6,None,334.3,334.3,100.0,0,25,39,1,62.7,none,0,1.0
2026,CAB0054,Americas,consortium,2008,18,15,8657.0,6,None,334.3,334.3,60.7,0,25,40,0,44.4,equipment,1,
2015,CAB0055,Africa-Coastal,consortium,2007,8,14,3121.0,6,None,292.0,239.8,56.0,1,25,36,1,32.5,none,0,0.0
2016,CAB0055,Africa-Coastal,consortium,2007,9,14,3121.0,6,None,292.0,257.2,86.9,1,25,37,1,34.1,none,0,0.0
2017,CAB0055,Africa-Coastal,consortium,2007,10,14,3121.0,6,None,292.0,252.5,91.3,1,25,40,0,15.9,none,0,0.0
2018,CAB0055,Africa-Coastal,consortium,2007,11,14,3121.0,6,None,292.0,246.0,95.2,1,25,40,0,17.5,none,0,0.0
2019,CAB0055,Africa-Coastal,consortium,2007,12,14,3121.0,6,None,292.0,266.3,52.8,1,25,42,0,19.0,none,0,0.0
2020,CAB0055,Africa-Coastal,consortium,2007,13,14,3121.0,6,None,292.0,292.0,76.8,1,25,43,0,20.6,none,0,0.0
2021,CAB0055,Africa-Coastal,consortium,2007,14,14,3121.0,6,None,292.0,292.0,39.8,1,25,44,0,22.2,none,0,0.0
2022,CAB0055,Africa-Coastal,consortium,2007,15,14,3121.0,6,None,292.0,292.0,40.9,1,25,45,0,23.8,none,0,0.0
2023,CAB0055,Africa-Coastal,consortium,2007,16,14,3121.0,6,None,292.0,292.0,67.5,1,25,47,0,25.4,none,0,0.0
2024,CAB0055,Africa-Coastal,consortium,2007,17,14,3121.0,6,None,292.0,292.0,46.1,1,25,49,0,27.0,none,0,0.0
2025,CAB0055,Africa-Coastal,consortium,2007,18,14,3121.0,6,None,292.0,292.0,72.5,1,25,52,0,28.6,none,0,0.0
2026,CAB0055,Africa-Coastal,consortium,2007,19,14,3121.0,6,None,292.0,292.0,100.0,1,25,53,0,30.2,none,0,
2022,CAB0056,Intra-Pacific-Islands,hyperscaler,2022,0,34,3179.0,7,None,1437.7,321.1,75.4,0,25,43,0,15.9,none,0,0.0
2023,CAB0056,Intra-Pacific-Islands,hyperscaler,2022,1,34,3179.0,7,None,1437.7,492.7,64.9,0,25,45,0,17.5,none,0,0.0
2024,CAB0056,Intra-Pacific-Islands,hyperscaler,2022,2,34,3179.0,7,None,1437.7,445.3,9.8,0,25,48,0,19.0,none,0,0.0
2025,CAB0056,Intra-Pacific-Islands,hyperscaler,2022,3,34,3179.0,7,None,1437.7,635.9,25.2,0,25,50,0,20.6,none,0,0.0
2026,CAB0056,Intra-Pacific-Islands,hyperscaler,2022,4,34,3179.0,7,None,1437.7,748.5,89.5,0,25,51,0,22.2,none,0,
2015,CAB0057,Indian-Ocean,carrier,2008,7,15,4247.0,2,None,334.3,215.4,41.6,1,25,31,1,42.9,none,0,0.0
2016,CAB0057,Indian-Ocean,carrier,2008,8,15,4247.0,2,None,334.3,230.6,65.4,1,25,33,1,44.4,none,0,0.0
2017,CAB0057,Indian-Ocean,carrier,2008,9,15,4247.0,2,None,334.3,295.3,24.9,1,25,33,1,46.0,none,0,0.0
2018,CAB0057,Indian-Ocean,carrier,2008,10,15,4247.0,2,None,334.3,314.4,66.1,1,25,35,1,47.6,none,0,0.0
2019,CAB0057,Indian-Ocean,carrier,2008,11,15,4247.0,2,None,334.3,308.3,37.4,1,25,35,1,49.2,none,0,0.0
2020,CAB0057,Indian-Ocean,carrier,2008,12,15,4247.0,2,None,334.3,303.7,61.3,1,25,36,1,50.8,none,0,0.0
2021,CAB0057,Indian-Ocean,carrier,2008,13,15,4247.0,2,None,334.3,334.3,82.2,1,25,39,1,52.4,none,0,0.0
2022,CAB0057,Indian-Ocean,carrier,2008,14,15,4247.0,2,None,334.3,334.3,42.3,1,25,39,1,54.0,none,0,0.0
2023,CAB0057,Indian-Ocean,carrier,2008,15,15,4247.0,2,None,334.3,334.3,63.1,1,25,40,0,35.7,none,0,0.0
2024,CAB0057,Indian-Ocean,carrier,2008,16,15,4247.0,2,None,334.3,334.3,86.8,1,25,41,0,37.3,none,0,0.0
2025,CAB0057,Indian-Ocean,carrier,2008,17,15,4247.0,2,None,334.3,334.3,79.6,1,25,44,0,38.9,none,0,0.0
2026,CAB0057,Indian-Ocean,carrier,2008,18,15,4247.0,2,None,334.3,334.3,58.2,1,25,43,0,40.5,none,0,
2015,CAB0058,Intra-Pacific-Islands,government,2000,15,2,1292.0,5,None,21.7,21.7,90.7,1,25,28,1,43.7,none,0,0.0
2016,CAB0058,Intra-Pacific-Islands,government,2000,16,2,1292.0,5,None,21.7,21.7,82.6,1,25,29,1,45.2,none,0,0.0
2017,CAB0058,Intra-Pacific-Islands,government,2000,17,2,1292.0,5,None,21.7,21.7,73.4,1,25,29,1,46.8,none,0,0.0
2018,CAB0058,Intra-Pacific-Islands,government,2000,18,2,1292.0,5,None,21.7,21.7,50.0,1,25,30,1,48.4,none,0,0.0
2019,CAB0058,Intra-Pacific-Islands,government,2000,19,2,1292.0,5,None,21.7,21.7,40.2,1,25,35,1,50.0,none,0,0.0
2020,CAB0058,Intra-Pacific-Islands,government,2000,20,2,1292.0,5,None,21.7,21.7,73.9,1,25,40,0,31.7,none,0,0.0
2021,CAB0058,Intra-Pacific-Islands,government,2000,21,2,1292.0,5,None,21.7,21.7,62.0,1,25,41,0,33.3,none,0,0.0
2022,CAB0058,Intra-Pacific-Islands,government,2000,22,2,1292.0,5,None,21.7,21.7,74.2,1,25,43,0,34.9,none,0,1.0
2023,CAB0058,Intra-Pacific-Islands,government,2000,23,2,1292.0,5,None,21.7,21.7,51.9,1,25,45,0,36.5,natural_hazard,1,0.0
2024,CAB0058,Intra-Pacific-Islands,government,2000,24,2,1292.0,5,None,21.7,21.7,82.5,1,25,48,0,38.1,none,0,0.0
2025,CAB0058,Intra-Pacific-Islands,government,2000,25,2,1292.0,5,None,21.7,21.7,80.6,1,25,50,0,39.7,none,0,0.0
2026,CAB0058,Intra-Pacific-Islands,government,2000,26,2,1292.0,5,None,21.7,21.7,73.9,1,25,51,0,41.3,none,0,
2015,CAB0059,Intra-Asia,carrier,2003,12,4,4946.0,7,None,60.6,60.6,52.8,1,25,53,0,19.0,none,0,0.0
2016,CAB0059,Intra-Asia,carrier,2003,13,4,4946.0,7,None,60.6,60.6,70.2,1,25,59,0,20.6,none,0,1.0
2017,CAB0059,Intra-Asia,carrier,2003,14,4,4946.0,7,None,60.6,60.6,82.4,1,25,60,0,22.2,fishing_anchor,1,0.0
2018,CAB0059,Intra-Asia,carrier,2003,15,4,4946.0,7,None,60.6,60.6,52.1,1,25,62,0,23.8,none,0,0.0
2019,CAB0059,Intra-Asia,carrier,2003,16,4,4946.0,7,None,60.6,60.6,56.3,1,25,64,0,25.4,none,0,0.0
2020,CAB0059,Intra-Asia,carrier,2003,17,4,4946.0,7,None,60.6,60.6,95.1,1,25,66,0,27.0,none,0,0.0
2021,CAB0059,Intra-Asia,carrier,2003,18,4,4946.0,7,None,60.6,60.6,79.4,1,25,69,0,28.6,none,0,0.0
2022,CAB0059,Intra-Asia,carrier,2003,19,4,4946.0,7,None,60.6,60.6,52.5,1,25,70,0,30.2,none,0,0.0
2023,CAB0059,Intra-Asia,carrier,2003,20,4,4946.0,7,None,60.6,60.6,100.0,1,25,70,0,31.7,none,0,1.0
2024,CAB0059,Intra-Asia,carrier,2003,21,4,4946.0,7,None,60.6,60.6,100.0,1,25,75,0,33.3,natural_hazard,1,0.0
2025,CAB0059,Intra-Asia,carrier,2003,22,4,4946.0,7,None,60.6,60.6,95.9,1,25,77,0,34.9,none,0,0.0
2026,CAB0059,Intra-Asia,carrier,2003,23,4,4946.0,7,None,60.6,60.6,87.3,1,25,77,0,36.5,none,0,
2015,CAB0060,Intra-Europe,carrier,2013,2,13,2415.0,4,None,382.6,146.4,66.3,1,25,41,0,3.2,none,0,0.0
2016,CAB0060,Intra-Europe,carrier,2013,3,13,2415.0,4,None,382.6,156.2,33.3,1,25,42,0,4.8,none,0,0.0
2017,CAB0060,Intra-Europe,carrier,2013,4,13,2415.0,4,None,382.6,165.0,13.0,1,25,44,0,6.3,none,0,0.0
2018,CAB0060,Intra-Europe,carrier,2013,5,13,2415.0,4,None,382.6,211.5,45.2,1,25,45,0,7.9,none,0,0.0
2019,CAB0060,Intra-Europe,carrier,2013,6,13,2415.0,4,None,382.6,222.5,72.4,1,25,47,0,9.5,none,0,0.0
2020,CAB0060,Intra-Europe,carrier,2013,7,13,2415.0,4,None,382.6,289.2,49.1,1,25,49,0,11.1,none,0,0.0
2021,CAB0060,Intra-Europe,carrier,2013,8,13,2415.0,4,None,382.6,277.2,90.5,1,25,49,0,12.7,none,0,0.0
2022,CAB0060,Intra-Europe,carrier,2013,9,13,2415.0,4,None,382.6,299.1,63.5,1,25,52,0,14.3,none,0,0.0
2023,CAB0060,Intra-Europe,carrier,2013,10,13,2415.0,4,None,382.6,323.7,70.1,1,25,53,0,15.9,none,0,1.0
2024,CAB0060,Intra-Europe,carrier,2013,11,13,2415.0,4,None,382.6,370.5,82.9,1,25,53,0,17.5,fishing_anchor,1,0.0
2025,CAB0060,Intra-Europe,carrier,2013,12,13,2415.0,4,None,382.6,371.0,46.4,1,25,58,0,19.0,none,0,0.0
2026,CAB0060,Intra-Europe,carrier,2013,13,13,2415.0,4,None,382.6,382.6,34.6,1,25,60,0,20.6,none,0,
2020,CAB0061,Intra-Pacific-Islands,consortium,2020,0,22,3782.0,5,None,867.4,228.1,58.9,0,25,40,0,15.9,none,0,0.0
2021,CAB0061,Intra-Pacific-Islands,consortium,2020,1,22,3782.0,5,None,867.4,286.3,56.5,0,25,41,0,17.5,none,0,0.0
2022,CAB0061,Intra-Pacific-Islands,consortium,2020,2,22,3782.0,5,None,867.4,373.0,64.4,0,25,43,0,19.0,none,0,0.0
2023,CAB0061,Intra-Pacific-Islands,consortium,2020,3,22,3782.0,5,None,867.4,438.8,38.7,0,25,45,0,20.6,none,0,0.0
2024,CAB0061,Intra-Pacific-Islands,consortium,2020,4,22,3782.0,5,None,867.4,425.0,53.6,0,25,48,0,22.2,none,0,0.0
2025,CAB0061,Intra-Pacific-Islands,consortium,2020,5,22,3782.0,5,None,867.4,516.7,74.5,0,25,50,0,23.8,none,0,0.0
2026,CAB0061,Intra-Pacific-Islands,consortium,2020,6,22,3782.0,5,None,867.4,544.4,73.7,0,25,51,0,25.4,none,0,
2015,CAB0062,EMEA-Asia,consortium,2002,13,5,18333.0,5,None,68.6,68.6,100.0,0,25,27,1,56.3,fishing_anchor,1,0.0
2016,CAB0062,EMEA-Asia,consortium,2002,14,5,18333.0,5,None,68.6,67.8,85.7,0,25,29,1,57.9,none,0,0.0
2017,CAB0062,EMEA-Asia,consortium,2002,15,5,18333.0,5,None,68.6,68.6,43.4,0,25,32,1,59.5,none,0,1.0
2018,CAB0062,EMEA-Asia,consortium,2002,16,5,18333.0,5,None,68.6,68.6,47.5,0,25,34,1,61.1,fishing_anchor,1,1.0
2019,CAB0062,EMEA-Asia,consortium,2002,17,5,18333.0,5,None,68.6,68.6,92.6,0,25,37,1,62.7,fishing_anchor,1,1.0
2020,CAB0062,EMEA-Asia,consortium,2002,18,5,18333.0,5,None,68.6,68.6,82.3,0,25,40,0,44.4,fishing_anchor,1,0.0
2021,CAB0062,EMEA-Asia,consortium,2002,19,5,18333.0,5,None,68.6,68.6,74.4,0,25,44,0,46.0,none,0,0.0
2022,CAB0062,EMEA-Asia,consortium,2002,20,5,18333.0,5,None,68.6,68.6,62.0,0,25,45,0,47.6,none,0,1.0
2023,CAB0062,EMEA-Asia,consortium,2002,21,5,18333.0,5,None,68.6,68.6,100.0,0,25,47,0,49.2,fishing_anchor,1,0.0
2024,CAB0062,EMEA-Asia,consortium,2002,22,5,18333.0,5,None,68.6,68.6,61.4,0,25,48,0,50.8,none,0,1.0
2025,CAB0062,EMEA-Asia,consortium,2002,23,5,18333.0,5,None,68.6,68.6,90.0,0,25,47,0,52.4,fishing_anchor,1,1.0
2026,CAB0062,EMEA-Asia,consortium,2002,24,5,18333.0,5,None,68.6,68.6,85.0,0,25,47,0,54.0,fishing_anchor,1,
2021,CAB0063,Trans-Atlantic,hyperscaler,2021,0,34,6695.0,5,None,1389.1,240.0,49.2,1,25,50,0,0.0,none,0,0.0
2022,CAB0063,Trans-Atlantic,hyperscaler,2021,1,34,6695.0,5,None,1389.1,403.6,66.9,1,25,51,0,1.6,none,0,0.0
2023,CAB0063,Trans-Atlantic,hyperscaler,2021,2,34,6695.0,5,None,1389.1,466.0,55.6,1,25,54,0,3.2,none,0,0.0
2024,CAB0063,Trans-Atlantic,hyperscaler,2021,3,34,6695.0,5,None,1389.1,606.9,72.7,1,25,58,0,4.8,none,0,1.0
2025,CAB0063,Trans-Atlantic,hyperscaler,2021,4,34,6695.0,5,None,1389.1,574.5,49.2,1,25,62,0,6.3,suspected_external,1,0.0
2026,CAB0063,Trans-Atlantic,hyperscaler,2021,5,34,6695.0,5,None,1389.1,696.9,47.4,1,25,63,0,7.9,none,0,
2015,CAB0064,Trans-Pacific,consortium,2013,2,18,10138.0,3,None,529.7,174.8,87.9,0,25,35,1,38.9,equipment,1,0.0
2016,CAB0064,Trans-Pacific,consortium,2013,3,18,10138.0,3,None,529.7,226.3,22.1,0,25,37,1,40.5,none,0,0.0
2017,CAB0064,Trans-Pacific,consortium,2013,4,18,10138.0,3,None,529.7,275.4,96.6,0,25,38,1,42.1,none,0,0.0
2018,CAB0064,Trans-Pacific,consortium,2013,5,18,10138.0,3,None,529.7,289.9,41.3,0,25,39,1,43.7,none,0,0.0
2019,CAB0064,Trans-Pacific,consortium,2013,6,18,10138.0,3,None,529.7,298.6,84.4,0,25,41,0,25.4,none,0,0.0
2020,CAB0064,Trans-Pacific,consortium,2013,7,18,10138.0,3,None,529.7,337.9,59.1,0,25,42,0,27.0,none,0,0.0
2021,CAB0064,Trans-Pacific,consortium,2013,8,18,10138.0,3,None,529.7,342.3,67.8,0,25,43,0,28.6,none,0,0.0
2022,CAB0064,Trans-Pacific,consortium,2013,9,18,10138.0,3,None,529.7,418.5,60.6,0,25,45,0,30.2,none,0,0.0
2023,CAB0064,Trans-Pacific,consortium,2013,10,18,10138.0,3,None,529.7,435.3,55.1,0,25,47,0,31.7,none,0,0.0
2024,CAB0064,Trans-Pacific,consortium,2013,11,18,10138.0,3,None,529.7,497.7,77.5,0,25,49,0,33.3,none,0,0.0
2025,CAB0064,Trans-Pacific,consortium,2013,12,18,10138.0,3,None,529.7,522.1,78.0,0,25,50,0,34.9,none,0,0.0
2026,CAB0064,Trans-Pacific,consortium,2013,13,18,10138.0,3,None,529.7,526.8,35.5,0,25,48,0,36.5,none,0,
2015,CAB0065,Intra-Asia,hyperscaler,2015,0,14,3160.0,6,None,452.0,112.0,27.4,1,25,53,0,0.0,none,0,0.0
2016,CAB0065,Intra-Asia,hyperscaler,2015,1,14,3160.0,6,None,452.0,156.5,69.8,1,25,59,0,1.6,none,0,0.0
2017,CAB0065,Intra-Asia,hyperscaler,2015,2,14,3160.0,6,None,452.0,139.7,23.4,1,25,60,0,3.2,none,0,0.0
2018,CAB0065,Intra-Asia,hyperscaler,2015,3,14,3160.0,6,None,452.0,197.8,26.2,1,25,62,0,4.8,none,0,0.0
2019,CAB0065,Intra-Asia,hyperscaler,2015,4,14,3160.0,6,None,452.0,186.2,45.5,1,25,64,0,6.3,none,0,0.0
2020,CAB0065,Intra-Asia,hyperscaler,2015,5,14,3160.0,6,None,452.0,239.4,47.7,1,25,66,0,7.9,none,0,0.0
2021,CAB0065,Intra-Asia,hyperscaler,2015,6,14,3160.0,6,None,452.0,221.4,53.8,1,25,69,0,9.5,none,0,0.0
2022,CAB0065,Intra-Asia,hyperscaler,2015,7,14,3160.0,6,None,452.0,295.7,30.6,1,25,70,0,11.1,none,0,0.0
2023,CAB0065,Intra-Asia,hyperscaler,2015,8,14,3160.0,6,None,452.0,332.7,64.1,1,25,70,0,12.7,none,0,0.0
2024,CAB0065,Intra-Asia,hyperscaler,2015,9,14,3160.0,6,None,452.0,371.1,34.9,1,25,75,0,14.3,none,0,0.0
2025,CAB0065,Intra-Asia,hyperscaler,2015,10,14,3160.0,6,None,452.0,384.3,99.6,1,25,77,0,15.9,none,0,0.0
2026,CAB0065,Intra-Asia,hyperscaler,2015,11,14,3160.0,6,None,452.0,426.0,42.8,1,25,77,0,17.5,none,0,
2025,CAB0066,Intra-Pacific-Islands,carrier,2025,0,6,3650.0,4,None,279.4,72.4,37.2,1,25,50,0,0.0,none,0,0.0
2026,CAB0066,Intra-Pacific-Islands,carrier,2025,1,6,3650.0,4,None,279.4,72.2,10.5,1,25,51,0,1.6,none,0,
2015,CAB0067,Intra-Pacific-Islands,hyperscaler,2006,9,7,2230.0,4,None,136.0,106.3,49.6,0,25,28,1,50.0,none,0,1.0
2016,CAB0067,Intra-Pacific-Islands,hyperscaler,2006,10,7,2230.0,4,None,136.0,109.7,25.3,0,25,29,1,51.6,suspected_external,1,0.0
2017,CAB0067,Intra-Pacific-Islands,hyperscaler,2006,11,7,2230.0,4,None,136.0,112.7,43.7,0,25,29,1,53.2,none,0,0.0
2018,CAB0067,Intra-Pacific-Islands,hyperscaler,2006,12,7,2230.0,4,None,136.0,136.0,90.1,0,25,30,1,54.8,none,0,0.0
2019,CAB0067,Intra-Pacific-Islands,hyperscaler,2006,13,7,2230.0,4,None,136.0,136.0,35.9,0,25,35,1,56.3,none,0,0.0
2020,CAB0067,Intra-Pacific-Islands,hyperscaler,2006,14,7,2230.0,4,None,136.0,136.0,56.7,0,25,40,0,38.1,none,0,0.0
2021,CAB0067,Intra-Pacific-Islands,hyperscaler,2006,15,7,2230.0,4,None,136.0,136.0,83.2,0,25,41,0,39.7,none,0,0.0
2022,CAB0067,Intra-Pacific-Islands,hyperscaler,2006,16,7,2230.0,4,None,136.0,136.0,37.3,0,25,43,0,41.3,none,0,0.0
2023,CAB0067,Intra-Pacific-Islands,hyperscaler,2006,17,7,2230.0,4,None,136.0,136.0,72.4,0,25,45,0,42.9,none,0,0.0
2024,CAB0067,Intra-Pacific-Islands,hyperscaler,2006,18,7,2230.0,4,None,136.0,136.0,64.5,0,25,48,0,44.4,none,0,1.0
2025,CAB0067,Intra-Pacific-Islands,hyperscaler,2006,19,7,2230.0,4,None,136.0,136.0,84.8,0,25,50,0,46.0,equipment,1,0.0
2026,CAB0067,Intra-Pacific-Islands,hyperscaler,2006,20,7,2230.0,4,None,136.0,136.0,63.1,0,25,51,0,47.6,none,0,
2024,CAB0068,EMEA-Asia,hyperscaler,2024,0,18,9897.0,6,Malacca,812.6,223.4,23.2,1,25,48,0,27.8,suspected_external,1,0.0
2025,CAB0068,EMEA-Asia,hyperscaler,2024,1,18,9897.0,6,Malacca,812.6,245.8,41.2,1,25,47,0,29.4,none,0,1.0
2026,CAB0068,EMEA-Asia,hyperscaler,2024,2,18,9897.0,6,Malacca,812.6,379.7,58.3,1,25,47,0,31.0,equipment,1,
2016,CAB0069,EMEA-Asia,consortium,2016,0,9,10339.0,4,None,303.4,74.9,35.5,1,25,29,1,19.8,none,0,0.0
2017,CAB0069,EMEA-Asia,consortium,2016,1,9,10339.0,4,None,303.4,114.8,78.8,1,25,32,1,21.4,none,0,0.0
2018,CAB0069,EMEA-Asia,consortium,2016,2,9,10339.0,4,None,303.4,114.6,39.2,1,25,34,1,23.0,none,0,0.0
2019,CAB0069,EMEA-Asia,consortium,2016,3,9,10339.0,4,None,303.4,143.9,63.3,1,25,37,1,24.6,none,0,0.0
2020,CAB0069,EMEA-Asia,consortium,2016,4,9,10339.0,4,None,303.4,143.2,37.4,1,25,40,0,6.3,none,0,0.0
2021,CAB0069,EMEA-Asia,consortium,2016,5,9,10339.0,4,None,303.4,162.6,45.8,1,25,44,0,7.9,none,0,0.0
2022,CAB0069,EMEA-Asia,consortium,2016,6,9,10339.0,4,None,303.4,182.0,19.3,1,25,45,0,9.5,none,0,0.0
2023,CAB0069,EMEA-Asia,consortium,2016,7,9,10339.0,4,None,303.4,186.7,42.0,1,25,47,0,11.1,none,0,0.0
2024,CAB0069,EMEA-Asia,consortium,2016,8,9,10339.0,4,None,303.4,239.3,57.7,1,25,48,0,12.7,none,0,0.0
2025,CAB0069,EMEA-Asia,consortium,2016,9,9,10339.0,4,None,303.4,234.3,80.8,1,25,47,0,14.3,none,0,0.0
2026,CAB0069,EMEA-Asia,consortium,2016,10,9,10339.0,4,None,303.4,277.2,37.2,1,25,47,0,15.9,none,0,
2020,CAB0070,EMEA-Asia,consortium,2020,0,16,15528.0,8,None,630.9,172.7,4.0,0,25,40,0,15.9,fishing_anchor,1,1.0
2021,CAB0070,EMEA-Asia,consortium,2020,1,16,15528.0,8,None,630.9,170.1,31.6,0,25,44,0,17.5,fishing_anchor,1,1.0
2022,CAB0070,EMEA-Asia,consortium,2020,2,16,15528.0,8,None,630.9,220.7,20.4,0,25,45,0,19.0,fishing_anchor,1,0.0
2023,CAB0070,EMEA-Asia,consortium,2020,3,16,15528.0,8,None,630.9,256.6,45.6,0,25,47,0,20.6,none,0,1.0
2024,CAB0070,EMEA-Asia,consortium,2020,4,16,15528.0,8,None,630.9,284.7,67.1,0,25,48,0,22.2,suspected_external,1,0.0
2025,CAB0070,EMEA-Asia,consortium,2020,5,16,15528.0,8,None,630.9,345.8,86.1,0,25,47,0,23.8,none,0,0.0
2026,CAB0070,EMEA-Asia,consortium,2020,6,16,15528.0,8,None,630.9,364.1,40.8,0,25,47,0,25.4,none,0,
2018,CAB0071,Indian-Ocean,government,2018,0,7,8758.0,3,None,256.0,55.8,71.0,1,25,35,1,19.8,none,0,0.0
2019,CAB0071,Indian-Ocean,government,2018,1,7,8758.0,3,None,256.0,85.0,81.7,1,25,35,1,21.4,none,0,0.0
2020,CAB0071,Indian-Ocean,government,2018,2,7,8758.0,3,None,256.0,114.6,59.0,1,25,36,1,23.0,none,0,0.0
2021,CAB0071,Indian-Ocean,government,2018,3,7,8758.0,3,None,256.0,99.6,50.2,1,25,39,1,24.6,none,0,0.0
2022,CAB0071,Indian-Ocean,government,2018,4,7,8758.0,3,None,256.0,135.4,62.3,1,25,39,1,26.2,none,0,0.0
2023,CAB0071,Indian-Ocean,government,2018,5,7,8758.0,3,None,256.0,149.1,40.5,1,25,40,0,7.9,none,0,0.0
2024,CAB0071,Indian-Ocean,government,2018,6,7,8758.0,3,None,256.0,185.7,40.2,1,25,41,0,9.5,none,0,0.0
2025,CAB0071,Indian-Ocean,government,2018,7,7,8758.0,3,None,256.0,190.9,65.0,1,25,44,0,11.1,none,0,0.0
2026,CAB0071,Indian-Ocean,government,2018,8,7,8758.0,3,None,256.0,188.4,75.2,1,25,43,0,12.7,none,0,
2025,CAB0072,Africa-Coastal,consortium,2025,0,12,4689.0,3,None,558.9,114.3,32.9,0,25,52,0,15.9,none,0,0.0
2026,CAB0072,Africa-Coastal,consortium,2025,1,12,4689.0,3,None,558.9,203.0,18.8,0,25,53,0,17.5,none,0,
2015,CAB0073,Intra-Asia,carrier,2005,10,3,2294.0,8,None,54.0,45.3,73.1,0,25,53,0,31.7,none,0,0.0
2016,CAB0073,Intra-Asia,carrier,2005,11,3,2294.0,8,None,54.0,46.0,43.1,0,25,59,0,33.3,none,0,0.0
2017,CAB0073,Intra-Asia,carrier,2005,12,3,2294.0,8,None,54.0,48.6,86.1,0,25,60,0,34.9,none,0,1.0
2018,CAB0073,Intra-Asia,carrier,2005,13,3,2294.0,8,None,54.0,54.0,58.7,0,25,62,0,36.5,fishing_anchor,1,0.0
2019,CAB0073,Intra-Asia,carrier,2005,14,3,2294.0,8,None,54.0,54.0,81.2,0,25,64,0,38.1,none,0,0.0
2020,CAB0073,Intra-Asia,carrier,2005,15,3,2294.0,8,None,54.0,54.0,47.5,0,25,66,0,39.7,none,0,0.0
2021,CAB0073,Intra-Asia,carrier,2005,16,3,2294.0,8,None,54.0,54.0,74.2,0,25,69,0,41.3,none,0,0.0
2022,CAB0073,Intra-Asia,carrier,2005,17,3,2294.0,8,None,54.0,54.0,83.9,0,25,70,0,42.9,none,0,0.0
2023,CAB0073,Intra-Asia,carrier,2005,18,3,2294.0,8,None,54.0,54.0,85.9,0,25,70,0,44.4,none,0,0.0
2024,CAB0073,Intra-Asia,carrier,2005,19,3,2294.0,8,None,54.0,54.0,67.3,0,25,75,0,46.0,none,0,0.0
2025,CAB0073,Intra-Asia,carrier,2005,20,3,2294.0,8,None,54.0,54.0,71.8,0,25,77,0,47.6,none,0,0.0
2026,CAB0073,Intra-Asia,carrier,2005,21,3,2294.0,8,None,54.0,54.0,100.0,0,25,77,0,49.2,none,0,
2015,CAB0074,Trans-Pacific,carrier,1999,16,5,10730.0,6,None,47.1,47.1,86.4,1,25,35,1,45.2,none,0,0.0
2016,CAB0074,Trans-Pacific,carrier,1999,17,5,10730.0,6,None,47.1,47.1,45.5,1,25,37,1,46.8,none,0,0.0
2017,CAB0074,Trans-Pacific,carrier,1999,18,5,10730.0,6,None,47.1,47.1,66.9,1,25,38,1,48.4,none,0,0.0
2018,CAB0074,Trans-Pacific,carrier,1999,19,5,10730.0,6,None,47.1,47.1,81.1,1,25,39,1,50.0,none,0,0.0
2019,CAB0074,Trans-Pacific,carrier,1999,20,5,10730.0,6,None,47.1,47.1,85.2,1,25,41,0,31.7,none,0,0.0
2020,CAB0074,Trans-Pacific,carrier,1999,21,5,10730.0,6,None,47.1,47.1,64.2,1,25,42,0,33.3,none,0,0.0
2021,CAB0074,Trans-Pacific,carrier,1999,22,5,10730.0,6,None,47.1,47.1,64.2,1,25,43,0,34.9,none,0,0.0
2022,CAB0074,Trans-Pacific,carrier,1999,23,5,10730.0,6,None,47.1,47.1,100.0,1,25,45,0,36.5,none,0,0.0
2023,CAB0074,Trans-Pacific,carrier,1999,24,5,10730.0,6,None,47.1,47.1,95.0,1,25,47,0,38.1,none,0,0.0
2024,CAB0074,Trans-Pacific,carrier,1999,25,5,10730.0,6,None,47.1,47.1,83.8,1,25,49,0,39.7,none,0,0.0
2025,CAB0074,Trans-Pacific,carrier,1999,26,5,10730.0,6,None,47.1,47.1,100.0,1,25,50,0,41.3,none,0,
2015,CAB0075,Intra-Pacific-Islands,government,2012,3,8,1975.0,2,None,224.0,93.2,73.5,1,25,28,1,36.5,none,0,0.0
2016,CAB0075,Intra-Pacific-Islands,government,2012,4,8,1975.0,2,None,224.0,98.7,65.7,1,25,29,1,38.1,none,0,0.0
2017,CAB0075,Intra-Pacific-Islands,government,2012,5,8,1975.0,2,None,224.0,122.4,35.7,1,25,29,1,39.7,none,0,0.0
2018,CAB0075,Intra-Pacific-Islands,government,2012,6,8,1975.0,2,None,224.0,170.5,43.8,1,25,30,1,41.3,none,0,0.0
2019,CAB0075,Intra-Pacific-Islands,government,2012,7,8,1975.0,2,None,224.0,142.8,40.5,1,25,35,1,42.9,none,0,0.0
2020,CAB0075,Intra-Pacific-Islands,government,2012,8,8,1975.0,2,None,224.0,154.6,32.4,1,25,40,0,24.6,none,0,0.0
2021,CAB0075,Intra-Pacific-Islands,government,2012,9,8,1975.0,2,None,224.0,185.0,69.7,1,25,41,0,26.2,none,0,0.0
2022,CAB0075,Intra-Pacific-Islands,government,2012,10,8,1975.0,2,None,224.0,200.4,62.0,1,25,43,0,27.8,none,0,0.0
2023,CAB0075,Intra-Pacific-Islands,government,2012,11,8,1975.0,2,None,224.0,210.5,24.6,1,25,45,0,29.4,none,0,0.0
2024,CAB0075,Intra-Pacific-Islands,government,2012,12,8,1975.0,2,None,224.0,220.5,63.8,1,25,48,0,31.0,none,0,0.0
2025,CAB0075,Intra-Pacific-Islands,government,2012,13,8,1975.0,2,None,224.0,222.0,72.4,1,25,50,0,32.5,none,0,0.0
2026,CAB0075,Intra-Pacific-Islands,government,2012,14,8,1975.0,2,None,224.0,224.0,67.9,1,25,51,0,34.1,none,0,
2019,CAB0076,Americas,consortium,2019,0,16,4651.0,6,Panama,608.0,132.8,57.7,0,25,32,1,63.5,none,0,0.0
2020,CAB0076,Americas,consortium,2019,1,16,4651.0,6,Panama,608.0,251.6,39.5,0,25,33,1,65.1,none,0,1.0
2021,CAB0076,Americas,consortium,2019,2,16,4651.0,6,Panama,608.0,214.9,20.2,0,25,37,1,66.7,fishing_anchor,1,0.0
2022,CAB0076,Americas,consortium,2019,3,16,4651.0,6,Panama,608.0,316.5,70.3,0,25,37,1,68.3,none,0,0.0
2023,CAB0076,Americas,consortium,2019,4,16,4651.0,6,Panama,608.0,330.0,67.9,0,25,37,1,69.8,none,0,0.0
2024,CAB0076,Americas,consortium,2019,5,16,4651.0,6,Panama,608.0,365.6,64.4,0,25,39,1,71.4,none,0,0.0
2025,CAB0076,Americas,consortium,2019,6,16,4651.0,6,Panama,608.0,368.2,63.9,0,25,39,1,73.0,none,0,0.0
2026,CAB0076,Americas,consortium,2019,7,16,4651.0,6,Panama,608.0,462.3,47.6,0,25,40,0,54.8,none,0,
2015,CAB0077,Africa-Coastal,carrier,2009,6,5,5748.0,10,None,118.6,68.0,35.3,1,25,36,1,29.4,none,0,0.0
2016,CAB0077,Africa-Coastal,carrier,2009,7,5,5748.0,10,None,118.6,76.6,16.9,1,25,37,1,31.0,none,0,0.0
2017,CAB0077,Africa-Coastal,carrier,2009,8,5,5748.0,10,None,118.6,87.7,27.2,1,25,40,0,12.7,none,0,0.0
2018,CAB0077,Africa-Coastal,carrier,2009,9,5,5748.0,10,None,118.6,98.4,69.4,1,25,40,0,14.3,none,0,0.0
2019,CAB0077,Africa-Coastal,carrier,2009,10,5,5748.0,10,None,118.6,100.6,29.7,1,25,42,0,15.9,none,0,0.0
2020,CAB0077,Africa-Coastal,carrier,2009,11,5,5748.0,10,None,118.6,106.2,96.5,1,25,43,0,17.5,none,0,0.0
2021,CAB0077,Africa-Coastal,carrier,2009,12,5,5748.0,10,None,118.6,117.3,85.3,1,25,44,0,19.0,none,0,0.0
2022,CAB0077,Africa-Coastal,carrier,2009,13,5,5748.0,10,None,118.6,106.6,52.9,1,25,45,0,20.6,none,0,0.0
2023,CAB0077,Africa-Coastal,carrier,2009,14,5,5748.0,10,None,118.6,118.6,56.9,1,25,47,0,22.2,none,0,0.0
2024,CAB0077,Africa-Coastal,carrier,2009,15,5,5748.0,10,None,118.6,118.6,41.9,1,25,49,0,23.8,none,0,0.0
2025,CAB0077,Africa-Coastal,carrier,2009,16,5,5748.0,10,None,118.6,118.6,61.8,1,25,52,0,25.4,none,0,0.0
2026,CAB0077,Africa-Coastal,carrier,2009,17,5,5748.0,10,None,118.6,118.6,57.1,1,25,53,0,27.0,none,0,
2020,CAB0078,Intra-Pacific-Islands,carrier,2020,0,11,995.0,5,None,433.7,79.0,53.2,1,25,40,0,0.0,none,0,0.0
2021,CAB0078,Intra-Pacific-Islands,carrier,2020,1,11,995.0,5,None,433.7,131.3,44.0,1,25,41,0,1.6,none,0,0.0
2022,CAB0078,Intra-Pacific-Islands,carrier,2020,2,11,995.0,5,None,433.7,166.5,80.4,1,25,43,0,3.2,none,0,0.0
2023,CAB0078,Intra-Pacific-Islands,carrier,2020,3,11,995.0,5,None,433.7,179.3,33.9,1,25,45,0,4.8,none,0,0.0
2024,CAB0078,Intra-Pacific-Islands,carrier,2020,4,11,995.0,5,None,433.7,184.8,79.6,1,25,48,0,6.3,none,0,0.0
2025,CAB0078,Intra-Pacific-Islands,carrier,2020,5,11,995.0,5,None,433.7,225.4,39.1,1,25,50,0,7.9,none,0,0.0
2026,CAB0078,Intra-Pacific-Islands,carrier,2020,6,11,995.0,5,None,433.7,300.8,38.0,1,25,51,0,9.5,none,0,
2025,CAB0079,Indian-Ocean,government,2025,0,6,10371.0,6,None,279.4,63.4,6.2,0,25,44,0,15.9,none,0,0.0
2026,CAB0079,Indian-Ocean,government,2025,1,6,10371.0,6,None,279.4,85.4,33.3,0,25,43,0,17.5,none,0,
2015,CAB0080,Intra-Asia,hyperscaler,2010,5,8,2797.0,4,None,201.1,100.7,24.8,0,25,53,0,23.8,fishing_anchor,1,1.0
2016,CAB0080,Intra-Asia,hyperscaler,2010,6,8,2797.0,4,None,201.1,113.1,42.3,0,25,59,0,25.4,equipment,1,1.0
2017,CAB0080,Intra-Asia,hyperscaler,2010,7,8,2797.0,4,None,201.1,135.9,61.2,0,25,60,0,27.0,fishing_anchor,1,0.0
2018,CAB0080,Intra-Asia,hyperscaler,2010,8,8,2797.0,4,None,201.1,131.6,85.5,0,25,62,0,28.6,none,0,0.0
2019,CAB0080,Intra-Asia,hyperscaler,2010,9,8,2797.0,4,None,201.1,151.7,84.0,0,25,64,0,30.2,none,0,0.0
2020,CAB0080,Intra-Asia,hyperscaler,2010,10,8,2797.0,4,None,201.1,180.0,55.6,0,25,66,0,31.7,none,0,0.0
2021,CAB0080,Intra-Asia,hyperscaler,2010,11,8,2797.0,4,None,201.1,190.1,64.7,0,25,69,0,33.3,none,0,0.0
2022,CAB0080,Intra-Asia,hyperscaler,2010,12,8,2797.0,4,None,201.1,198.3,77.8,0,25,70,0,34.9,none,0,0.0
2023,CAB0080,Intra-Asia,hyperscaler,2010,13,8,2797.0,4,None,201.1,185.0,73.7,0,25,70,0,36.5,none,0,0.0
2024,CAB0080,Intra-Asia,hyperscaler,2010,14,8,2797.0,4,None,201.1,201.1,88.9,0,25,75,0,38.1,none,0,0.0
2025,CAB0080,Intra-Asia,hyperscaler,2010,15,8,2797.0,4,None,201.1,201.1,100.0,0,25,77,0,39.7,none,0,0.0
2026,CAB0080,Intra-Asia,hyperscaler,2010,16,8,2797.0,4,None,201.1,201.1,61.0,0,25,77,0,41.3,none,0,
2015,CAB0081,Intra-Asia,consortium,2002,13,5,4080.0,6,None,68.6,68.6,96.3,0,25,53,0,36.5,none,0,0.0
2016,CAB0081,Intra-Asia,consortium,2002,14,5,4080.0,6,None,68.6,68.6,50.1,0,25,59,0,38.1,none,0,0.0
2017,CAB0081,Intra-Asia,consortium,2002,15,5,4080.0,6,None,68.6,68.6,69.4,0,25,60,0,39.7,none,0,0.0
2018,CAB0081,Intra-Asia,consortium,2002,16,5,4080.0,6,None,68.6,68.6,100.0,0,25,62,0,41.3,none,0,0.0
2019,CAB0081,Intra-Asia,consortium,2002,17,5,4080.0,6,None,68.6,68.6,58.3,0,25,64,0,42.9,none,0,0.0
2020,CAB0081,Intra-Asia,consortium,2002,18,5,4080.0,6,None,68.6,68.6,52.1,0,25,66,0,44.4,none,0,0.0
2021,CAB0081,Intra-Asia,consortium,2002,19,5,4080.0,6,None,68.6,68.6,54.0,0,25,69,0,46.0,none,0,0.0
2022,CAB0081,Intra-Asia,consortium,2002,20,5,4080.0,6,None,68.6,68.6,100.0,0,25,70,0,47.6,none,0,1.0
2023,CAB0081,Intra-Asia,consortium,2002,21,5,4080.0,6,None,68.6,68.6,62.0,0,25,70,0,49.2,fishing_anchor,1,1.0
2024,CAB0081,Intra-Asia,consortium,2002,22,5,4080.0,6,None,68.6,68.6,100.0,0,25,75,0,50.8,equipment,1,0.0
2025,CAB0081,Intra-Asia,consortium,2002,23,5,4080.0,6,None,68.6,68.6,74.1,0,25,77,0,52.4,none,0,0.0
2026,CAB0081,Intra-Asia,consortium,2002,24,5,4080.0,6,None,68.6,68.6,86.2,0,25,77,0,54.0,none,0,
2015,CAB0082,Trans-Atlantic,consortium,2005,10,3,5456.0,5,None,54.0,41.7,53.8,0,25,33,1,51.6,none,0,0.0
2016,CAB0082,Trans-Atlantic,consortium,2005,11,3,5456.0,5,None,54.0,47.2,71.5,0,25,37,1,53.2,none,0,0.0
2017,CAB0082,Trans-Atlantic,consortium,2005,12,3,5456.0,5,None,54.0,54.0,43.2,0,25,37,1,54.8,none,0,0.0
2018,CAB0082,Trans-Atlantic,consortium,2005,13,3,5456.0,5,None,54.0,54.0,60.9,0,25,40,0,36.5,none,0,0.0
2019,CAB0082,Trans-Atlantic,consortium,2005,14,3,5456.0,5,None,54.0,54.0,69.6,0,25,45,0,38.1,none,0,0.0
2020,CAB0082,Trans-Atlantic,consortium,2005,15,3,5456.0,5,None,54.0,54.0,69.2,0,25,48,0,39.7,none,0,0.0
2021,CAB0082,Trans-Atlantic,consortium,2005,16,3,5456.0,5,None,54.0,54.0,38.7,0,25,50,0,41.3,none,0,0.0
2022,CAB0082,Trans-Atlantic,consortium,2005,17,3,5456.0,5,None,54.0,54.0,94.0,0,25,51,0,42.9,none,0,0.0
2023,CAB0082,Trans-Atlantic,consortium,2005,18,3,5456.0,5,None,54.0,54.0,86.6,0,25,54,0,44.4,none,0,1.0
2024,CAB0082,Trans-Atlantic,consortium,2005,19,3,5456.0,5,None,54.0,54.0,77.2,0,25,58,0,46.0,equipment,1,0.0
2025,CAB0082,Trans-Atlantic,consortium,2005,20,3,5456.0,5,None,54.0,54.0,61.3,0,25,62,0,47.6,none,0,1.0
2026,CAB0082,Trans-Atlantic,consortium,2005,21,3,5456.0,5,None,54.0,54.0,70.1,0,25,63,0,49.2,fishing_anchor,1,
2016,CAB0083,Trans-Pacific,consortium,2016,0,7,11906.0,4,None,236.0,57.6,49.6,0,25,37,1,35.7,none,0,0.0
2017,CAB0083,Trans-Pacific,consortium,2016,1,7,11906.0,4,None,236.0,59.4,33.8,0,25,38,1,37.3,none,0,0.0
2018,CAB0083,Trans-Pacific,consortium,2016,2,7,11906.0,4,None,236.0,78.3,46.9,0,25,39,1,38.9,none,0,1.0
2019,CAB0083,Trans-Pacific,consortium,2016,3,7,11906.0,4,None,236.0,123.7,26.2,0,25,41,0,20.6,fishing_anchor,1,0.0
2020,CAB0083,Trans-Pacific,consortium,2016,4,7,11906.0,4,None,236.0,110.0,50.8,0,25,42,0,22.2,none,0,0.0
2021,CAB0083,Trans-Pacific,consortium,2016,5,7,11906.0,4,None,236.0,138.9,37.0,0,25,43,0,23.8,none,0,0.0
2022,CAB0083,Trans-Pacific,consortium,2016,6,7,11906.0,4,None,236.0,131.7,50.8,0,25,45,0,25.4,none,0,0.0
2023,CAB0083,Trans-Pacific,consortium,2016,7,7,11906.0,4,None,236.0,178.6,36.3,0,25,47,0,27.0,none,0,0.0
2024,CAB0083,Trans-Pacific,consortium,2016,8,7,11906.0,4,None,236.0,186.6,23.9,0,25,49,0,28.6,none,0,0.0
2025,CAB0083,Trans-Pacific,consortium,2016,9,7,11906.0,4,None,236.0,178.2,31.4,0,25,50,0,30.2,none,0,0.0
2026,CAB0083,Trans-Pacific,consortium,2016,10,7,11906.0,4,None,236.0,210.2,77.6,0,25,48,0,31.7,none,0,
2015,CAB0084,Americas,hyperscaler,1999,16,5,6855.0,4,Panama,47.1,47.1,54.3,1,25,28,1,73.0,none,0,0.0
2016,CAB0084,Americas,hyperscaler,1999,17,5,6855.0,4,Panama,47.1,47.1,81.2,1,25,29,1,74.6,none,0,0.0
2017,CAB0084,Americas,hyperscaler,1999,18,5,6855.0,4,Panama,47.1,47.1,100.0,1,25,29,1,76.2,none,0,0.0
2018,CAB0084,Americas,hyperscaler,1999,19,5,6855.0,4,Panama,47.1,47.1,61.5,1,25,31,1,77.8,none,0,0.0
2019,CAB0084,Americas,hyperscaler,1999,20,5,6855.0,4,Panama,47.1,47.1,100.0,1,25,32,1,79.4,none,0,0.0
2020,CAB0084,Americas,hyperscaler,1999,21,5,6855.0,4,Panama,47.1,47.1,100.0,1,25,33,1,81.0,none,0,1.0
2021,CAB0084,Americas,hyperscaler,1999,22,5,6855.0,4,Panama,47.1,47.1,100.0,1,25,37,1,82.5,fishing_anchor,1,1.0
2022,CAB0084,Americas,hyperscaler,1999,23,5,6855.0,4,Panama,47.1,47.1,100.0,1,25,37,1,84.1,equipment,1,0.0
2023,CAB0084,Americas,hyperscaler,1999,24,5,6855.0,4,Panama,47.1,47.1,61.3,1,25,37,1,85.7,none,0,1.0
2024,CAB0084,Americas,hyperscaler,1999,25,5,6855.0,4,Panama,47.1,47.1,100.0,1,25,39,1,87.3,suspected_external,1,1.0
2026,CAB0084,Americas,hyperscaler,1999,27,5,6855.0,4,Panama,47.1,47.1,85.8,1,25,40,0,70.6,fishing_anchor,1,
2015,CAB0085,Intra-Europe,hyperscaler,2008,7,3,1320.0,7,None,66.9,44.8,89.8,1,25,41,0,11.1,none,0,0.0
2016,CAB0085,Intra-Europe,hyperscaler,2008,8,3,1320.0,7,None,66.9,51.9,69.5,1,25,42,0,12.7,none,0,0.0
2017,CAB0085,Intra-Europe,hyperscaler,2008,9,3,1320.0,7,None,66.9,52.8,47.1,1,25,44,0,14.3,none,0,0.0
2018,CAB0085,Intra-Europe,hyperscaler,2008,10,3,1320.0,7,None,66.9,61.6,60.7,1,25,45,0,15.9,none,0,0.0
2019,CAB0085,Intra-Europe,hyperscaler,2008,11,3,1320.0,7,None,66.9,66.9,100.0,1,25,47,0,17.5,none,0,0.0
2020,CAB0085,Intra-Europe,hyperscaler,2008,12,3,1320.0,7,None,66.9,61.8,39.0,1,25,49,0,19.0,none,0,1.0
2021,CAB0085,Intra-Europe,hyperscaler,2008,13,3,1320.0,7,None,66.9,66.9,54.0,1,25,49,0,20.6,natural_hazard,1,0.0
2022,CAB0085,Intra-Europe,hyperscaler,2008,14,3,1320.0,7,None,66.9,66.9,55.6,1,25,52,0,22.2,none,0,0.0
2023,CAB0085,Intra-Europe,hyperscaler,2008,15,3,1320.0,7,None,66.9,66.9,45.6,1,25,53,0,23.8,none,0,0.0
2024,CAB0085,Intra-Europe,hyperscaler,2008,16,3,1320.0,7,None,66.9,66.9,46.4,1,25,53,0,25.4,none,0,0.0
2025,CAB0085,Intra-Europe,hyperscaler,2008,17,3,1320.0,7,None,66.9,66.9,78.4,1,25,58,0,27.0,none,0,0.0
2026,CAB0085,Intra-Europe,hyperscaler,2008,18,3,1320.0,7,None,66.9,66.9,84.2,1,25,60,0,28.6,none,0,
2015,CAB0086,Intra-Asia,carrier,2009,6,5,6821.0,3,None,118.6,74.5,43.3,1,25,53,0,9.5,none,0,0.0
2016,CAB0086,Intra-Asia,carrier,2009,7,5,6821.0,3,None,118.6,93.9,74.7,1,25,59,0,11.1,none,0,0.0
2017,CAB0086,Intra-Asia,carrier,2009,8,5,6821.0,3,None,118.6,74.7,100.0,1,25,60,0,12.7,none,0,0.0
2018,CAB0086,Intra-Asia,carrier,2009,9,5,6821.0,3,None,118.6,83.4,25.9,1,25,62,0,14.3,none,0,1.0
2019,CAB0086,Intra-Asia,carrier,2009,10,5,6821.0,3,None,118.6,104.6,74.8,1,25,64,0,15.9,fishing_anchor,1,0.0
2020,CAB0086,Intra-Asia,carrier,2009,11,5,6821.0,3,None,118.6,108.6,29.7,1,25,66,0,17.5,none,0,0.0
2021,CAB0086,Intra-Asia,carrier,2009,12,5,6821.0,3,None,118.6,108.0,100.0,1,25,69,0,19.0,none,0,0.0
2022,CAB0086,Intra-Asia,carrier,2009,13,5,6821.0,3,None,118.6,118.6,93.2,1,25,70,0,20.6,none,0,0.0
2023,CAB0086,Intra-Asia,carrier,2009,14,5,6821.0,3,None,118.6,118.6,84.2,1,25,70,0,22.2,none,0,1.0
2024,CAB0086,Intra-Asia,carrier,2009,15,5,6821.0,3,None,118.6,118.6,68.2,1,25,75,0,23.8,fishing_anchor,1,1.0
2025,CAB0086,Intra-Asia,carrier,2009,16,5,6821.0,3,None,118.6,118.6,53.0,1,25,77,0,25.4,fishing_anchor,1,0.0
2026,CAB0086,Intra-Asia,carrier,2009,17,5,6821.0,3,None,118.6,118.6,57.8,1,25,77,0,27.0,none,0,
2015,CAB0087,Intra-Asia,carrier,2004,11,4,3334.0,4,None,66.3,62.4,98.6,0,25,53,0,33.3,none,0,0.0
2016,CAB0087,Intra-Asia,carrier,2004,12,4,3334.0,4,None,66.3,64.6,70.0,0,25,59,0,34.9,none,0,0.0
2017,CAB0087,Intra-Asia,carrier,2004,13,4,3334.0,4,None,66.3,66.3,56.1,0,25,60,0,36.5,none,0,0.0
2018,CAB0087,Intra-Asia,carrier,2004,14,4,3334.0,4,None,66.3,66.3,75.0,0,25,62,0,38.1,none,0,0.0
2019,CAB0087,Intra-Asia,carrier,2004,15,4,3334.0,4,None,66.3,66.3,41.4,0,25,64,0,39.7,none,0,0.0
2020,CAB0087,Intra-Asia,carrier,2004,16,4,3334.0,4,None,66.3,66.3,100.0,0,25,66,0,41.3,none,0,0.0
2021,CAB0087,Intra-Asia,carrier,2004,17,4,3334.0,4,None,66.3,66.3,50.7,0,25,69,0,42.9,none,0,0.0
2022,CAB0087,Intra-Asia,carrier,2004,18,4,3334.0,4,None,66.3,66.3,78.7,0,25,70,0,44.4,none,0,0.0
2023,CAB0087,Intra-Asia,carrier,2004,19,4,3334.0,4,None,66.3,66.3,74.3,0,25,70,0,46.0,none,0,0.0
2024,CAB0087,Intra-Asia,carrier,2004,20,4,3334.0,4,None,66.3,66.3,61.8,0,25,75,0,47.6,none,0,0.0
2025,CAB0087,Intra-Asia,carrier,2004,21,4,3334.0,4,None,66.3,66.3,76.3,0,25,77,0,49.2,none,0,0.0
2026,CAB0087,Intra-Asia,carrier,2004,22,4,3334.0,4,None,66.3,66.3,99.3,0,25,77,0,50.8,none,0,
2015,CAB0088,Africa-Coastal,carrier,2007,8,22,4372.0,3,None,458.9,324.0,24.2,0,25,36,1,48.4,none,0,0.0
2016,CAB0088,Africa-Coastal,carrier,2007,9,22,4372.0,3,None,458.9,344.1,45.4,0,25,37,1,50.0,none,0,0.0
2017,CAB0088,Africa-Coastal,carrier,2007,10,22,4372.0,3,None,458.9,426.6,44.1,0,25,40,0,31.7,none,0,0.0
2018,CAB0088,Africa-Coastal,carrier,2007,11,22,4372.0,3,None,458.9,393.2,27.7,0,25,40,0,33.3,none,0,0.0
2019,CAB0088,Africa-Coastal,carrier,2007,12,22,4372.0,3,None,458.9,418.3,71.5,0,25,42,0,34.9,none,0,1.0
2020,CAB0088,Africa-Coastal,carrier,2007,13,22,4372.0,3,None,458.9,458.9,71.6,0,25,43,0,36.5,natural_hazard,1,0.0
2021,CAB0088,Africa-Coastal,carrier,2007,14,22,4372.0,3,None,458.9,458.9,74.9,0,25,44,0,38.1,none,0,0.0
2022,CAB0088,Africa-Coastal,carrier,2007,15,22,4372.0,3,None,458.9,458.9,43.3,0,25,45,0,39.7,none,0,0.0
2023,CAB0088,Africa-Coastal,carrier,2007,16,22,4372.0,3,None,458.9,458.9,63.0,0,25,47,0,41.3,none,0,1.0
2024,CAB0088,Africa-Coastal,carrier,2007,17,22,4372.0,3,None,458.9,458.9,100.0,0,25,49,0,42.9,fishing_anchor,1,0.0
2025,CAB0088,Africa-Coastal,carrier,2007,18,22,4372.0,3,None,458.9,458.9,73.6,0,25,52,0,44.4,none,0,0.0
2026,CAB0088,Africa-Coastal,carrier,2007,19,22,4372.0,3,None,458.9,458.9,76.1,0,25,53,0,46.0,none,0,
2015,CAB0089,EMEA-Asia,carrier,2012,3,17,9977.0,3,Hormuz,476.0,194.5,54.5,0,25,27,1,68.3,none,0,0.0
2016,CAB0089,EMEA-Asia,carrier,2012,4,17,9977.0,3,Hormuz,476.0,230.6,61.1,0,25,29,1,69.8,none,0,0.0
2017,CAB0089,EMEA-Asia,carrier,2012,5,17,9977.0,3,Hormuz,476.0,280.5,36.2,0,25,32,1,71.4,none,0,0.0
2018,CAB0089,EMEA-Asia,carrier,2012,6,17,9977.0,3,Hormuz,476.0,291.2,58.3,0,25,34,1,73.0,none,0,1.0
2019,CAB0089,EMEA-Asia,carrier,2012,7,17,9977.0,3,Hormuz,476.0,351.0,18.3,0,25,37,1,74.6,fishing_anchor,1,1.0
2020,CAB0089,EMEA-Asia,carrier,2012,8,17,9977.0,3,Hormuz,476.0,327.5,69.8,0,25,40,0,56.3,fishing_anchor,1,0.0
2021,CAB0089,EMEA-Asia,carrier,2012,9,17,9977.0,3,Hormuz,476.0,317.8,66.0,0,25,44,0,57.9,none,0,0.0
2022,CAB0089,EMEA-Asia,carrier,2012,10,17,9977.0,3,Hormuz,476.0,423.5,82.7,0,25,45,0,59.5,none,0,0.0
2023,CAB0089,EMEA-Asia,carrier,2012,11,17,9977.0,3,Hormuz,476.0,445.0,56.8,0,25,47,0,61.1,none,0,1.0
2024,CAB0089,EMEA-Asia,carrier,2012,12,17,9977.0,3,Hormuz,476.0,451.6,53.9,0,25,48,0,62.7,fishing_anchor,1,0.0
2025,CAB0089,EMEA-Asia,carrier,2012,13,17,9977.0,3,Hormuz,476.0,476.0,56.8,0,25,47,0,64.3,none,0,1.0
2026,CAB0089,EMEA-Asia,carrier,2012,14,17,9977.0,3,Hormuz,476.0,476.0,72.7,0,25,47,0,65.9,fishing_anchor,1,
2016,CAB0090,Trans-Atlantic,consortium,2016,0,9,6451.0,6,None,303.4,83.3,69.2,0,25,37,1,35.7,none,0,0.0
2017,CAB0090,Trans-Atlantic,consortium,2016,1,9,6451.0,6,None,303.4,107.3,16.6,0,25,37,1,37.3,none,0,0.0
2018,CAB0090,Trans-Atlantic,consortium,2016,2,9,6451.0,6,None,303.4,100.5,29.4,0,25,40,0,19.0,none,0,0.0
2019,CAB0090,Trans-Atlantic,consortium,2016,3,9,6451.0,6,None,303.4,129.4,50.3,0,25,45,0,20.6,none,0,0.0
2020,CAB0090,Trans-Atlantic,consortium,2016,4,9,6451.0,6,None,303.4,170.8,51.8,0,25,48,0,22.2,none,0,0.0
2021,CAB0090,Trans-Atlantic,consortium,2016,5,9,6451.0,6,None,303.4,152.7,85.2,0,25,50,0,23.8,none,0,0.0
2022,CAB0090,Trans-Atlantic,consortium,2016,6,9,6451.0,6,None,303.4,168.5,37.1,0,25,51,0,25.4,none,0,0.0
2023,CAB0090,Trans-Atlantic,consortium,2016,7,9,6451.0,6,None,303.4,186.1,57.9,0,25,54,0,27.0,none,0,0.0
2024,CAB0090,Trans-Atlantic,consortium,2016,8,9,6451.0,6,None,303.4,235.9,41.8,0,25,58,0,28.6,none,0,0.0
2025,CAB0090,Trans-Atlantic,consortium,2016,9,9,6451.0,6,None,303.4,231.1,46.7,0,25,62,0,30.2,none,0,0.0
2026,CAB0090,Trans-Atlantic,consortium,2016,10,9,6451.0,6,None,303.4,278.3,65.1,0,25,63,0,31.7,none,0,
2015,CAB0091,Indian-Ocean,government,2012,3,17,4616.0,8,None,476.0,227.5,28.3,0,25,31,1,40.5,none,0,0.0
2016,CAB0091,Indian-Ocean,government,2012,4,17,4616.0,8,None,476.0,226.0,42.8,0,25,33,1,42.1,none,0,1.0
2017,CAB0091,Indian-Ocean,government,2012,5,17,4616.0,8,None,476.0,287.5,27.1,0,25,33,1,43.7,fishing_anchor,1,0.0
2018,CAB0091,Indian-Ocean,government,2012,6,17,4616.0,8,None,476.0,289.9,60.0,0,25,35,1,45.2,none,0,0.0
2019,CAB0091,Indian-Ocean,government,2012,7,17,4616.0,8,None,476.0,333.4,26.7,0,25,35,1,46.8,none,0,0.0
2020,CAB0091,Indian-Ocean,government,2012,8,17,4616.0,8,None,476.0,320.7,40.5,0,25,36,1,48.4,none,0,0.0
2021,CAB0091,Indian-Ocean,government,2012,9,17,4616.0,8,None,476.0,423.8,47.5,0,25,39,1,50.0,none,0,0.0
2022,CAB0091,Indian-Ocean,government,2012,10,17,4616.0,8,None,476.0,413.8,37.3,0,25,39,1,51.6,none,0,0.0
2023,CAB0091,Indian-Ocean,government,2012,11,17,4616.0,8,None,476.0,399.1,48.7,0,25,40,0,33.3,none,0,0.0
2024,CAB0091,Indian-Ocean,government,2012,12,17,4616.0,8,None,476.0,472.4,93.2,0,25,41,0,34.9,none,0,0.0
2025,CAB0091,Indian-Ocean,government,2012,13,17,4616.0,8,None,476.0,476.0,57.0,0,25,44,0,36.5,none,0,1.0
2026,CAB0091,Indian-Ocean,government,2012,14,17,4616.0,8,None,476.0,476.0,80.2,0,25,43,0,38.1,fishing_anchor,1,
2024,CAB0092,Intra-Asia,carrier,2024,0,18,3179.0,3,None,812.6,158.2,55.2,1,25,75,0,0.0,none,0,0.0
2025,CAB0092,Intra-Asia,carrier,2024,1,18,3179.0,3,None,812.6,287.0,87.1,1,25,77,0,1.6,none,0,0.0
2026,CAB0092,Intra-Asia,carrier,2024,2,18,3179.0,3,None,812.6,379.4,57.3,1,25,77,0,3.2,none,0,
2015,CAB0093,Intra-Pacific-Islands,hyperscaler,2000,15,8,2060.0,5,None,86.9,86.9,44.7,0,25,28,1,59.5,fishing_anchor,1,0.0
2016,CAB0093,Intra-Pacific-Islands,hyperscaler,2000,16,8,2060.0,5,None,86.9,86.9,62.3,0,25,29,1,61.1,none,0,1.0
2017,CAB0093,Intra-Pacific-Islands,hyperscaler,2000,17,8,2060.0,5,None,86.9,86.9,81.5,0,25,29,1,62.7,fishing_anchor,1,0.0
2018,CAB0093,Intra-Pacific-Islands,hyperscaler,2000,18,8,2060.0,5,None,86.9,86.9,100.0,0,25,30,1,64.3,none,0,0.0
2019,CAB0093,Intra-Pacific-Islands,hyperscaler,2000,19,8,2060.0,5,None,86.9,86.9,55.2,0,25,35,1,65.9,none,0,0.0
2020,CAB0093,Intra-Pacific-Islands,hyperscaler,2000,20,8,2060.0,5,None,86.9,86.9,75.2,0,25,40,0,47.6,none,0,1.0
2021,CAB0093,Intra-Pacific-Islands,hyperscaler,2000,21,8,2060.0,5,None,86.9,86.9,84.3,0,25,41,0,49.2,suspected_external,1,1.0
2022,CAB0093,Intra-Pacific-Islands,hyperscaler,2000,22,8,2060.0,5,None,86.9,86.9,65.3,0,25,43,0,50.8,natural_hazard,1,1.0
2023,CAB0093,Intra-Pacific-Islands,hyperscaler,2000,23,8,2060.0,5,None,86.9,86.9,51.9,0,25,45,0,52.4,fishing_anchor,1,1.0
2024,CAB0093,Intra-Pacific-Islands,hyperscaler,2000,24,8,2060.0,5,None,86.9,86.9,63.2,0,25,48,0,54.0,suspected_external,1,0.0
2025,CAB0093,Intra-Pacific-Islands,hyperscaler,2000,25,8,2060.0,5,None,86.9,86.9,71.7,0,25,50,0,55.6,none,0,0.0
2026,CAB0093,Intra-Pacific-Islands,hyperscaler,2000,26,8,2060.0,5,None,86.9,86.9,100.0,0,25,51,0,57.1,none,0,
2015,CAB0094,Indian-Ocean,consortium,2006,9,10,10601.0,7,None,194.3,148.7,56.2,1,25,31,1,34.1,none,0,1.0
2016,CAB0094,Indian-Ocean,consortium,2006,10,10,10601.0,7,None,194.3,150.7,60.0,1,25,33,1,35.7,fishing_anchor,1,0.0
2017,CAB0094,Indian-Ocean,consortium,2006,11,10,10601.0,7,None,194.3,180.3,56.1,1,25,33,1,37.3,none,0,0.0
2018,CAB0094,Indian-Ocean,consortium,2006,12,10,10601.0,7,None,194.3,193.6,33.5,1,25,35,1,38.9,none,0,0.0
2019,CAB0094,Indian-Ocean,consortium,2006,13,10,10601.0,7,None,194.3,194.3,64.3,1,25,35,1,40.5,none,0,1.0
2020,CAB0094,Indian-Ocean,consortium,2006,14,10,10601.0,7,None,194.3,194.3,95.3,1,25,36,1,42.1,fishing_anchor,1,0.0
2021,CAB0094,Indian-Ocean,consortium,2006,15,10,10601.0,7,None,194.3,194.3,61.8,1,25,39,1,43.7,none,0,0.0
2022,CAB0094,Indian-Ocean,consortium,2006,16,10,10601.0,7,None,194.3,194.3,53.3,1,25,39,1,45.2,none,0,0.0
2023,CAB0094,Indian-Ocean,consortium,2006,17,10,10601.0,7,None,194.3,194.3,46.4,1,25,40,0,27.0,none,0,0.0
2024,CAB0094,Indian-Ocean,consortium,2006,18,10,10601.0,7,None,194.3,194.3,68.2,1,25,41,0,28.6,none,0,0.0
2025,CAB0094,Indian-Ocean,consortium,2006,19,10,10601.0,7,None,194.3,194.3,66.8,1,25,44,0,30.2,none,0,1.0
2026,CAB0094,Indian-Ocean,consortium,2006,20,10,10601.0,7,None,194.3,194.3,83.1,1,25,43,0,31.7,natural_hazard,1,
2017,CAB0095,Africa-Coastal,consortium,2017,0,20,7843.0,6,None,702.9,194.0,62.8,1,25,40,0,0.0,none,0,0.0
2018,CAB0095,Africa-Coastal,consortium,2017,1,20,7843.0,6,None,702.9,214.8,35.7,1,25,40,0,1.6,none,0,0.0
2019,CAB0095,Africa-Coastal,consortium,2017,2,20,7843.0,6,None,702.9,224.6,60.6,1,25,42,0,3.2,none,0,0.0
2020,CAB0095,Africa-Coastal,consortium,2017,3,20,7843.0,6,None,702.9,322.4,32.5,1,25,43,0,4.8,none,0,0.0
2021,CAB0095,Africa-Coastal,consortium,2017,4,20,7843.0,6,None,702.9,327.9,29.3,1,25,44,0,6.3,none,0,0.0
2022,CAB0095,Africa-Coastal,consortium,2017,5,20,7843.0,6,None,702.9,357.1,51.6,1,25,45,0,7.9,none,0,0.0
2023,CAB0095,Africa-Coastal,consortium,2017,6,20,7843.0,6,None,702.9,480.1,29.9,1,25,47,0,9.5,none,0,0.0
2024,CAB0095,Africa-Coastal,consortium,2017,7,20,7843.0,6,None,702.9,453.2,70.0,1,25,49,0,11.1,none,0,1.0
2025,CAB0095,Africa-Coastal,consortium,2017,8,20,7843.0,6,None,702.9,524.3,97.3,1,25,52,0,12.7,fishing_anchor,1,0.0
2026,CAB0095,Africa-Coastal,consortium,2017,9,20,7843.0,6,None,702.9,510.6,66.1,1,25,53,0,14.3,none,0,
2025,CAB0096,Trans-Atlantic,carrier,2025,0,37,7020.0,4,None,1723.1,570.9,25.1,1,25,62,0,0.0,none,0,0.0
2026,CAB0096,Trans-Atlantic,carrier,2025,1,37,7020.0,4,None,1723.1,492.8,52.9,1,25,63,0,1.6,none,0,
2018,CAB0097,EMEA-Asia,hyperscaler,2018,0,21,12067.0,6,Suez,768.0,201.8,25.2,1,25,34,1,47.6,fishing_anchor,1,0.0
2019,CAB0097,EMEA-Asia,hyperscaler,2018,1,21,12067.0,6,Suez,768.0,260.0,27.0,1,25,37,1,49.2,none,0,0.0
2020,CAB0097,EMEA-Asia,hyperscaler,2018,2,21,12067.0,6,Suez,768.0,321.5,60.0,1,25,40,0,31.0,none,0,0.0
2021,CAB0097,EMEA-Asia,hyperscaler,2018,3,21,12067.0,6,Suez,768.0,299.1,13.8,1,25,44,0,32.5,none,0,0.0
2022,CAB0097,EMEA-Asia,hyperscaler,2018,4,21,12067.0,6,Suez,768.0,393.9,50.3,1,25,45,0,34.1,none,0,0.0
2023,CAB0097,EMEA-Asia,hyperscaler,2018,5,21,12067.0,6,Suez,768.0,449.8,14.7,1,25,47,0,35.7,none,0,0.0
2024,CAB0097,EMEA-Asia,hyperscaler,2018,6,21,12067.0,6,Suez,768.0,521.4,73.4,1,25,48,0,37.3,none,0,0.0
2025,CAB0097,EMEA-Asia,hyperscaler,2018,7,21,12067.0,6,Suez,768.0,476.8,72.5,1,25,47,0,38.9,none,0,0.0
2026,CAB0097,EMEA-Asia,hyperscaler,2018,8,21,12067.0,6,Suez,768.0,605.2,92.9,1,25,47,0,40.5,none,0,
2015,CAB0098,Intra-Europe,carrier,2001,14,2,1385.0,5,None,24.6,24.6,100.0,1,25,41,0,22.2,none,0,0.0
2016,CAB0098,Intra-Europe,carrier,2001,15,2,1385.0,5,None,24.6,24.6,59.0,1,25,42,0,23.8,none,0,0.0
2017,CAB0098,Intra-Europe,carrier,2001,16,2,1385.0,5,None,24.6,24.6,55.5,1,25,44,0,25.4,none,0,0.0
2018,CAB0098,Intra-Europe,carrier,2001,17,2,1385.0,5,None,24.6,24.6,92.6,1,25,45,0,27.0,none,0,0.0
2019,CAB0098,Intra-Europe,carrier,2001,18,2,1385.0,5,None,24.6,24.6,60.4,1,25,47,0,28.6,none,0,0.0
2020,CAB0098,Intra-Europe,carrier,2001,19,2,1385.0,5,None,24.6,24.6,84.4,1,25,49,0,30.2,none,0,0.0
2021,CAB0098,Intra-Europe,carrier,2001,20,2,1385.0,5,None,24.6,24.6,100.0,1,25,49,0,31.7,none,0,0.0
2022,CAB0098,Intra-Europe,carrier,2001,21,2,1385.0,5,None,24.6,24.6,52.1,1,25,52,0,33.3,none,0,0.0
2023,CAB0098,Intra-Europe,carrier,2001,22,2,1385.0,5,None,24.6,24.6,100.0,1,25,53,0,34.9,none,0,0.0
2024,CAB0098,Intra-Europe,carrier,2001,23,2,1385.0,5,None,24.6,24.6,100.0,1,25,53,0,36.5,none,0,0.0
2025,CAB0098,Intra-Europe,carrier,2001,24,2,1385.0,5,None,24.6,24.6,80.0,1,25,58,0,38.1,none,0,0.0
2026,CAB0098,Intra-Europe,carrier,2001,25,2,1385.0,5,None,24.6,24.6,72.9,1,25,60,0,39.7,none,0,
2015,CAB0099,Trans-Pacific,carrier,2005,10,6,10716.0,5,None,108.0,94.4,41.5,1,25,35,1,35.7,none,0,0.0
2016,CAB0099,Trans-Pacific,carrier,2005,11,6,10716.0,5,None,108.0,97.2,42.1,1,25,37,1,37.3,none,0,0.0
2017,CAB0099,Trans-Pacific,carrier,2005,12,6,10716.0,5,None,108.0,108.0,70.0,1,25,38,1,38.9,none,0,0.0
2018,CAB0099,Trans-Pacific,carrier,2005,13,6,10716.0,5,None,108.0,106.2,51.7,1,25,39,1,40.5,none,0,0.0
2019,CAB0099,Trans-Pacific,carrier,2005,14,6,10716.0,5,None,108.0,108.0,64.3,1,25,41,0,22.2,none,0,0.0
2020,CAB0099,Trans-Pacific,carrier,2005,15,6,10716.0,5,None,108.0,108.0,70.7,1,25,42,0,23.8,none,0,0.0
2021,CAB0099,Trans-Pacific,carrier,2005,16,6,10716.0,5,None,108.0,108.0,55.3,1,25,43,0,25.4,none,0,0.0
2022,CAB0099,Trans-Pacific,carrier,2005,17,6,10716.0,5,None,108.0,108.0,90.9,1,25,45,0,27.0,none,0,0.0
2023,CAB0099,Trans-Pacific,carrier,2005,18,6,10716.0,5,None,108.0,108.0,71.7,1,25,47,0,28.6,none,0,1.0
2024,CAB0099,Trans-Pacific,carrier,2005,19,6,10716.0,5,None,108.0,108.0,87.9,1,25,49,0,30.2,fishing_anchor,1,0.0
2025,CAB0099,Trans-Pacific,carrier,2005,20,6,10716.0,5,None,108.0,108.0,99.0,1,25,50,0,31.7,none,0,0.0
2026,CAB0099,Trans-Pacific,carrier,2005,21,6,10716.0,5,None,108.0,108.0,91.7,1,25,48,0,33.3,none,0,
2015,CAB0100,Intra-Asia,hyperscaler,2012,3,8,3537.0,5,None,224.0,89.7,76.1,1,25,53,0,4.8,none,0,0.0
2016,CAB0100,Intra-Asia,hyperscaler,2012,4,8,3537.0,5,None,224.0,129.0,15.3,1,25,59,0,6.3,none,0,0.0
2017,CAB0100,Intra-Asia,hyperscaler,2012,5,8,3537.0,5,None,224.0,132.0,88.7,1,25,60,0,7.9,none,0,0.0
2018,CAB0100,Intra-Asia,hyperscaler,2012,6,8,3537.0,5,None,224.0,125.3,44.7,1,25,62,0,9.5,none,0,0.0
2019,CAB0100,Intra-Asia,hyperscaler,2012,7,8,3537.0,5,None,224.0,141.9,56.4,1,25,64,0,11.1,none,0,0.0
2020,CAB0100,Intra-Asia,hyperscaler,2012,8,8,3537.0,5,None,224.0,155.2,48.3,1,25,66,0,12.7,none,0,0.0
2021,CAB0100,Intra-Asia,hyperscaler,2012,9,8,3537.0,5,None,224.0,158.4,74.2,1,25,69,0,14.3,none,0,0.0
2022,CAB0100,Intra-Asia,hyperscaler,2012,10,8,3537.0,5,None,224.0,184.7,74.0,1,25,70,0,15.9,none,0,0.0
2023,CAB0100,Intra-Asia,hyperscaler,2012,11,8,3537.0,5,None,224.0,179.3,35.8,1,25,70,0,17.5,none,0,0.0
2024,CAB0100,Intra-Asia,hyperscaler,2012,12,8,3537.0,5,None,224.0,198.1,100.0,1,25,75,0,19.0,none,0,0.0
2025,CAB0100,Intra-Asia,hyperscaler,2012,13,8,3537.0,5,None,224.0,208.0,93.4,1,25,77,0,20.6,none,0,0.0
2026,CAB0100,Intra-Asia,hyperscaler,2012,14,8,3537.0,5,None,224.0,224.0,56.5,1,25,77,0,22.2,none,0,
2015,CAB0101,Africa-Coastal,carrier,1999,16,5,6069.0,9,None,47.1,47.1,68.1,1,25,36,1,45.2,none,0,0.0
2016,CAB0101,Africa-Coastal,carrier,1999,17,5,6069.0,9,None,47.1,47.1,56.8,1,25,37,1,46.8,none,0,0.0
2017,CAB0101,Africa-Coastal,carrier,1999,18,5,6069.0,9,None,47.1,47.1,47.7,1,25,40,0,28.6,none,0,0.0
2018,CAB0101,Africa-Coastal,carrier,1999,19,5,6069.0,9,None,47.1,47.1,84.7,1,25,40,0,30.2,none,0,0.0
2019,CAB0101,Africa-Coastal,carrier,1999,20,5,6069.0,9,None,47.1,47.1,60.3,1,25,42,0,31.7,none,0,0.0
2020,CAB0101,Africa-Coastal,carrier,1999,21,5,6069.0,9,None,47.1,47.1,80.5,1,25,43,0,33.3,none,0,0.0
2021,CAB0101,Africa-Coastal,carrier,1999,22,5,6069.0,9,None,47.1,47.1,98.9,1,25,44,0,34.9,none,0,0.0
2022,CAB0101,Africa-Coastal,carrier,1999,23,5,6069.0,9,None,47.1,47.1,58.2,1,25,45,0,36.5,none,0,0.0
2023,CAB0101,Africa-Coastal,carrier,1999,24,5,6069.0,9,None,47.1,47.1,100.0,1,25,47,0,38.1,none,0,0.0
2024,CAB0101,Africa-Coastal,carrier,1999,25,5,6069.0,9,None,47.1,47.1,93.2,1,25,49,0,39.7,none,0,0.0
2025,CAB0101,Africa-Coastal,carrier,1999,26,5,6069.0,9,None,47.1,47.1,81.1,1,25,52,0,41.3,none,0,0.0
2026,CAB0101,Africa-Coastal,carrier,1999,27,5,6069.0,9,None,47.1,47.1,100.0,1,25,53,0,42.9,none,0,
2015,CAB0102,EMEA-Asia,carrier,1998,17,4,13754.0,6,Malacca,32.0,32.0,55.3,1,25,27,1,74.6,fishing_anchor,1,0.0
2016,CAB0102,EMEA-Asia,carrier,1998,18,4,13754.0,6,Malacca,32.0,32.0,83.4,1,25,29,1,76.2,none,0,0.0
2017,CAB0102,EMEA-Asia,carrier,1998,19,4,13754.0,6,Malacca,32.0,32.0,89.1,1,25,32,1,77.8,none,0,0.0
2018,CAB0102,EMEA-Asia,carrier,1998,20,4,13754.0,6,Malacca,32.0,32.0,63.3,1,25,34,1,79.4,none,0,0.0
2019,CAB0102,EMEA-Asia,carrier,1998,21,4,13754.0,6,Malacca,32.0,32.0,100.0,1,25,37,1,81.0,none,0,0.0
2020,CAB0102,EMEA-Asia,carrier,1998,22,4,13754.0,6,Malacca,32.0,32.0,99.4,1,25,40,0,62.7,none,0,0.0
2021,CAB0102,EMEA-Asia,carrier,1998,23,4,13754.0,6,Malacca,32.0,32.0,99.3,1,25,44,0,64.3,none,0,0.0
2022,CAB0102,EMEA-Asia,carrier,1998,24,4,13754.0,6,Malacca,32.0,32.0,90.1,1,25,45,0,65.9,none,0,0.0
2023,CAB0102,EMEA-Asia,carrier,1998,25,4,13754.0,6,Malacca,32.0,32.0,82.9,1,25,47,0,67.5,none,0,1.0
2024,CAB0102,EMEA-Asia,carrier,1998,26,4,13754.0,6,Malacca,32.0,32.0,87.0,1,25,48,0,69.0,fishing_anchor,1,0.0
2026,CAB0102,EMEA-Asia,carrier,1998,28,4,13754.0,6,Malacca,32.0,32.0,86.4,1,25,47,0,72.2,none,0,
2015,CAB0103,Indian-Ocean,hyperscaler,2013,2,27,6774.0,2,None,794.6,289.0,42.4,0,25,31,1,50.8,none,0,0.0
2016,CAB0103,Indian-Ocean,hyperscaler,2013,3,27,6774.0,2,None,794.6,357.0,51.7,0,25,33,1,52.4,none,0,0.0
2017,CAB0103,Indian-Ocean,hyperscaler,2013,4,27,6774.0,2,None,794.6,375.6,14.6,0,25,33,1,54.0,none,0,0.0
2018,CAB0103,Indian-Ocean,hyperscaler,2013,5,27,6774.0,2,None,794.6,412.1,66.2,0,25,35,1,55.6,none,0,1.0
2019,CAB0103,Indian-Ocean,hyperscaler,2013,6,27,6774.0,2,None,794.6,460.7,50.5,0,25,35,1,57.1,fishing_anchor,1,0.0
2020,CAB0103,Indian-Ocean,hyperscaler,2013,7,27,6774.0,2,None,794.6,519.5,64.1,0,25,36,1,58.7,none,0,0.0
2021,CAB0103,Indian-Ocean,hyperscaler,2013,8,27,6774.0,2,None,794.6,610.6,23.7,0,25,39,1,60.3,none,0,0.0
2022,CAB0103,Indian-Ocean,hyperscaler,2013,9,27,6774.0,2,None,794.6,655.4,25.7,0,25,39,1,61.9,none,0,1.0
2023,CAB0103,Indian-Ocean,hyperscaler,2013,10,27,6774.0,2,None,794.6,718.9,30.0,0,25,40,0,43.7,equipment,1,0.0
2024,CAB0103,Indian-Ocean,hyperscaler,2013,11,27,6774.0,2,None,794.6,726.5,100.0,0,25,41,0,45.2,none,0,0.0
2025,CAB0103,Indian-Ocean,hyperscaler,2013,12,27,6774.0,2,None,794.6,715.6,42.8,0,25,44,0,46.8,none,0,0.0
2026,CAB0103,Indian-Ocean,hyperscaler,2013,13,27,6774.0,2,None,794.6,794.6,71.1,0,25,43,0,48.4,none,0,
2015,CAB0104,Intra-Pacific-Islands,carrier,2006,9,3,3843.0,5,None,58.3,44.9,100.0,1,25,28,1,34.1,none,0,1.0
2016,CAB0104,Intra-Pacific-Islands,carrier,2006,10,3,3843.0,5,None,58.3,47.0,52.1,1,25,29,1,35.7,natural_hazard,1,0.0
2017,CAB0104,Intra-Pacific-Islands,carrier,2006,11,3,3843.0,5,None,58.3,54.8,40.7,1,25,29,1,37.3,none,0,0.0
2018,CAB0104,Intra-Pacific-Islands,carrier,2006,12,3,3843.0,5,None,58.3,58.3,86.3,1,25,30,1,38.9,none,0,0.0
2019,CAB0104,Intra-Pacific-Islands,carrier,2006,13,3,3843.0,5,None,58.3,58.3,64.3,1,25,35,1,40.5,none,0,0.0
2020,CAB0104,Intra-Pacific-Islands,carrier,2006,14,3,3843.0,5,None,58.3,58.3,100.0,1,25,40,0,22.2,none,0,0.0
2021,CAB0104,Intra-Pacific-Islands,carrier,2006,15,3,3843.0,5,None,58.3,58.3,39.5,1,25,41,0,23.8,none,0,0.0
2022,CAB0104,Intra-Pacific-Islands,carrier,2006,16,3,3843.0,5,None,58.3,58.3,52.9,1,25,43,0,25.4,none,0,0.0
2023,CAB0104,Intra-Pacific-Islands,carrier,2006,17,3,3843.0,5,None,58.3,58.3,50.3,1,25,45,0,27.0,none,0,0.0
2024,CAB0104,Intra-Pacific-Islands,carrier,2006,18,3,3843.0,5,None,58.3,58.3,100.0,1,25,48,0,28.6,none,0,0.0
2025,CAB0104,Intra-Pacific-Islands,carrier,2006,19,3,3843.0,5,None,58.3,58.3,76.3,1,25,50,0,30.2,none,0,1.0
2026,CAB0104,Intra-Pacific-Islands,carrier,2006,20,3,3843.0,5,None,58.3,58.3,83.3,1,25,51,0,31.7,fishing_anchor,1,
2025,CAB0105,Indian-Ocean,consortium,2025,0,6,11696.0,4,None,279.4,86.3,11.7,1,25,44,0,0.0,none,0,0.0
2026,CAB0105,Indian-Ocean,consortium,2025,1,6,11696.0,4,None,279.4,90.6,91.6,1,25,43,0,1.6,none,0,
2018,CAB0106,Americas,carrier,2018,0,21,5371.0,3,None,768.0,244.1,40.8,1,25,31,1,19.8,none,0,0.0
2019,CAB0106,Americas,carrier,2018,1,21,5371.0,3,None,768.0,243.5,17.2,1,25,32,1,21.4,none,0,0.0
2020,CAB0106,Americas,carrier,2018,2,21,5371.0,3,None,768.0,351.4,34.3,1,25,33,1,23.0,none,0,0.0
2021,CAB0106,Americas,carrier,2018,3,21,5371.0,3,None,768.0,338.6,27.2,1,25,37,1,24.6,none,0,0.0
2022,CAB0106,Americas,carrier,2018,4,21,5371.0,3,None,768.0,356.4,18.5,1,25,37,1,26.2,none,0,0.0
2023,CAB0106,Americas,carrier,2018,5,21,5371.0,3,None,768.0,377.7,49.1,1,25,37,1,27.8,none,0,0.0
2024,CAB0106,Americas,carrier,2018,6,21,5371.0,3,None,768.0,431.1,31.0,1,25,39,1,29.4,none,0,0.0
2025,CAB0106,Americas,carrier,2018,7,21,5371.0,3,None,768.0,557.0,28.8,1,25,39,1,31.0,none,0,0.0
2026,CAB0106,Americas,carrier,2018,8,21,5371.0,3,None,768.0,586.2,49.8,1,25,40,0,12.7,none,0,
2015,CAB0107,Africa-Coastal,hyperscaler,2012,3,4,7718.0,6,None,112.0,49.5,58.6,0,25,36,1,40.5,fishing_anchor,1,1.0
2016,CAB0107,Africa-Coastal,hyperscaler,2012,4,4,7718.0,6,None,112.0,61.8,52.0,0,25,37,1,42.1,fishing_anchor,1,0.0
2017,CAB0107,Africa-Coastal,hyperscaler,2012,5,4,7718.0,6,None,112.0,61.8,85.5,0,25,40,0,23.8,none,0,1.0
2018,CAB0107,Africa-Coastal,hyperscaler,2012,6,4,7718.0,6,None,112.0,74.1,40.5,0,25,40,0,25.4,natural_hazard,1,1.0
2019,CAB0107,Africa-Coastal,hyperscaler,2012,7,4,7718.0,6,None,112.0,86.2,68.8,0,25,42,0,27.0,fishing_anchor,1,0.0
2020,CAB0107,Africa-Coastal,hyperscaler,2012,8,4,7718.0,6,None,112.0,77.1,55.5,0,25,43,0,28.6,none,0,0.0
2021,CAB0107,Africa-Coastal,hyperscaler,2012,9,4,7718.0,6,None,112.0,90.3,26.3,0,25,44,0,30.2,none,0,0.0
2022,CAB0107,Africa-Coastal,hyperscaler,2012,10,4,7718.0,6,None,112.0,93.7,56.5,0,25,45,0,31.7,none,0,1.0
2023,CAB0107,Africa-Coastal,hyperscaler,2012,11,4,7718.0,6,None,112.0,104.6,63.8,0,25,47,0,33.3,fishing_anchor,1,0.0
2024,CAB0107,Africa-Coastal,hyperscaler,2012,12,4,7718.0,6,None,112.0,106.5,93.9,0,25,49,0,34.9,none,0,0.0
2025,CAB0107,Africa-Coastal,hyperscaler,2012,13,4,7718.0,6,None,112.0,112.0,83.0,0,25,52,0,36.5,none,0,0.0
2026,CAB0107,Africa-Coastal,hyperscaler,2012,14,4,7718.0,6,None,112.0,112.0,100.0,0,25,53,0,38.1,none,0,
2024,CAB0108,Intra-Asia,consortium,2024,0,9,6120.0,6,None,406.3,82.7,5.0,0,25,75,0,15.9,none,0,0.0
2025,CAB0108,Intra-Asia,consortium,2024,1,9,6120.0,6,None,406.3,99.9,34.5,0,25,77,0,17.5,none,0,0.0
2026,CAB0108,Intra-Asia,consortium,2024,2,9,6120.0,6,None,406.3,154.8,72.8,0,25,77,0,19.0,none,0,
2019,CAB0109,Intra-Pacific-Islands,consortium,2019,0,16,2522.0,5,None,608.0,163.3,14.5,0,25,35,1,35.7,equipment,1,0.0
2020,CAB0109,Intra-Pacific-Islands,consortium,2019,1,16,2522.0,5,None,608.0,212.7,79.0,0,25,40,0,17.5,none,0,0.0
2021,CAB0109,Intra-Pacific-Islands,consortium,2019,2,16,2522.0,5,None,608.0,265.7,11.1,0,25,41,0,19.0,none,0,0.0
2022,CAB0109,Intra-Pacific-Islands,consortium,2019,3,16,2522.0,5,None,608.0,304.3,62.0,0,25,43,0,20.6,none,0,0.0
2023,CAB0109,Intra-Pacific-Islands,consortium,2019,4,16,2522.0,5,None,608.0,361.5,52.2,0,25,45,0,22.2,none,0,0.0
2024,CAB0109,Intra-Pacific-Islands,consortium,2019,5,16,2522.0,5,None,608.0,294.8,78.0,0,25,48,0,23.8,none,0,0.0
2025,CAB0109,Intra-Pacific-Islands,consortium,2019,6,16,2522.0,5,None,608.0,416.7,78.5,0,25,50,0,25.4,none,0,1.0
2026,CAB0109,Intra-Pacific-Islands,consortium,2019,7,16,2522.0,5,None,608.0,418.7,76.5,0,25,51,0,27.0,fishing_anchor,1,
2015,CAB0110,Intra-Asia,consortium,2000,15,5,2860.0,5,None,54.3,54.3,64.1,1,25,53,0,23.8,none,0,0.0
2016,CAB0110,Intra-Asia,consortium,2000,16,5,2860.0,5,None,54.3,54.3,90.6,1,25,59,0,25.4,none,0,0.0
2017,CAB0110,Intra-Asia,consortium,2000,17,5,2860.0,5,None,54.3,54.3,94.9,1,25,60,0,27.0,none,0,0.0
2018,CAB0110,Intra-Asia,consortium,2000,18,5,2860.0,5,None,54.3,54.3,69.0,1,25,62,0,28.6,none,0,0.0
2019,CAB0110,Intra-Asia,consortium,2000,19,5,2860.0,5,None,54.3,54.3,78.0,1,25,64,0,30.2,none,0,0.0
2020,CAB0110,Intra-Asia,consortium,2000,20,5,2860.0,5,None,54.3,54.3,100.0,1,25,66,0,31.7,none,0,0.0
2021,CAB0110,Intra-Asia,consortium,2000,21,5,2860.0,5,None,54.3,54.3,45.8,1,25,69,0,33.3,none,0,0.0
2022,CAB0110,Intra-Asia,consortium,2000,22,5,2860.0,5,None,54.3,54.3,58.6,1,25,70,0,34.9,none,0,0.0
2023,CAB0110,Intra-Asia,consortium,2000,23,5,2860.0,5,None,54.3,54.3,63.5,1,25,70,0,36.5,none,0,1.0
2024,CAB0110,Intra-Asia,consortium,2000,24,5,2860.0,5,None,54.3,54.3,88.0,1,25,75,0,38.1,fishing_anchor,1,0.0
2025,CAB0110,Intra-Asia,consortium,2000,25,5,2860.0,5,None,54.3,54.3,100.0,1,25,77,0,39.7,none,0,0.0
2026,CAB0110,Intra-Asia,consortium,2000,26,5,2860.0,5,None,54.3,54.3,100.0,1,25,77,0,41.3,none,0,
2025,CAB0111,Americas,carrier,2025,0,6,6012.0,4,None,279.4,82.7,66.0,0,25,39,1,35.7,none,0,0.0
2026,CAB0111,Americas,carrier,2025,1,6,6012.0,4,None,279.4,105.7,39.7,0,25,40,0,17.5,none,0,
2015,CAB0112,Africa-Coastal,consortium,2012,3,17,14941.0,7,None,476.0,199.4,53.9,0,25,36,1,40.5,none,0,1.0
2016,CAB0112,Africa-Coastal,consortium,2012,4,17,14941.0,7,None,476.0,243.4,32.8,0,25,37,1,42.1,fishing_anchor,1,0.0
2017,CAB0112,Africa-Coastal,consortium,2012,5,17,14941.0,7,None,476.0,273.3,71.2,0,25,40,0,23.8,none,0,1.0
2018,CAB0112,Africa-Coastal,consortium,2012,6,17,14941.0,7,None,476.0,274.1,72.9,0,25,40,0,25.4,equipment,1,0.0
2019,CAB0112,Africa-Coastal,consortium,2012,7,17,14941.0,7,None,476.0,313.2,32.9,0,25,42,0,27.0,none,0,0.0
2020,CAB0112,Africa-Coastal,consortium,2012,8,17,14941.0,7,None,476.0,352.7,62.4,0,25,43,0,28.6,none,0,0.0
2021,CAB0112,Africa-Coastal,consortium,2012,9,17,14941.0,7,None,476.0,445.1,27.7,0,25,44,0,30.2,none,0,1.0
2022,CAB0112,Africa-Coastal,consortium,2012,10,17,14941.0,7,None,476.0,455.7,41.5,0,25,45,0,31.7,natural_hazard,1,0.0
2023,CAB0112,Africa-Coastal,consortium,2012,11,17,14941.0,7,None,476.0,408.2,46.5,0,25,47,0,33.3,none,0,0.0
2024,CAB0112,Africa-Coastal,consortium,2012,12,17,14941.0,7,None,476.0,474.4,70.1,0,25,49,0,34.9,none,0,0.0
2025,CAB0112,Africa-Coastal,consortium,2012,13,17,14941.0,7,None,476.0,463.7,40.6,0,25,52,0,36.5,none,0,0.0
2026,CAB0112,Africa-Coastal,consortium,2012,14,17,14941.0,7,None,476.0,476.0,82.4,0,25,53,0,38.1,none,0,
2017,CAB0113,Intra-Asia,consortium,2017,0,46,6806.0,3,Luzon-Strait,1616.6,375.0,52.5,1,25,60,0,27.8,none,0,0.0
2018,CAB0113,Intra-Asia,consortium,2017,1,46,6806.0,3,Luzon-Strait,1616.6,539.6,68.5,1,25,62,0,29.4,none,0,0.0
2019,CAB0113,Intra-Asia,consortium,2017,2,46,6806.0,3,Luzon-Strait,1616.6,517.9,38.2,1,25,64,0,31.0,none,0,0.0
2020,CAB0113,Intra-Asia,consortium,2017,3,46,6806.0,3,Luzon-Strait,1616.6,680.9,68.0,1,25,66,0,32.5,none,0,0.0
2021,CAB0113,Intra-Asia,consortium,2017,4,46,6806.0,3,Luzon-Strait,1616.6,801.4,59.8,1,25,69,0,34.1,none,0,0.0
2022,CAB0113,Intra-Asia,consortium,2017,5,46,6806.0,3,Luzon-Strait,1616.6,807.8,22.9,1,25,70,0,35.7,none,0,0.0
2023,CAB0113,Intra-Asia,consortium,2017,6,46,6806.0,3,Luzon-Strait,1616.6,978.3,15.3,1,25,70,0,37.3,none,0,0.0
2024,CAB0113,Intra-Asia,consortium,2017,7,46,6806.0,3,Luzon-Strait,1616.6,1043.2,44.3,1,25,75,0,38.9,none,0,0.0
2025,CAB0113,Intra-Asia,consortium,2017,8,46,6806.0,3,Luzon-Strait,1616.6,1120.0,30.6,1,25,77,0,40.5,none,0,0.0
2026,CAB0113,Intra-Asia,consortium,2017,9,46,6806.0,3,Luzon-Strait,1616.6,1308.1,62.0,1,25,77,0,42.1,none,0,
2015,CAB0114,Intra-Asia,consortium,2005,10,3,5905.0,4,None,54.0,47.4,57.7,1,25,53,0,15.9,none,0,0.0
2016,CAB0114,Intra-Asia,consortium,2005,11,3,5905.0,4,None,54.0,48.6,70.0,1,25,59,0,17.5,none,0,0.0
2017,CAB0114,Intra-Asia,consortium,2005,12,3,5905.0,4,None,54.0,49.4,98.6,1,25,60,0,19.0,none,0,1.0
2018,CAB0114,Intra-Asia,consortium,2005,13,3,5905.0,4,None,54.0,54.0,45.4,1,25,62,0,20.6,fishing_anchor,1,0.0
2019,CAB0114,Intra-Asia,consortium,2005,14,3,5905.0,4,None,54.0,54.0,50.4,1,25,64,0,22.2,none,0,0.0
2020,CAB0114,Intra-Asia,consortium,2005,15,3,5905.0,4,None,54.0,54.0,61.6,1,25,66,0,23.8,none,0,0.0
2021,CAB0114,Intra-Asia,consortium,2005,16,3,5905.0,4,None,54.0,54.0,100.0,1,25,69,0,25.4,none,0,0.0
2022,CAB0114,Intra-Asia,consortium,2005,17,3,5905.0,4,None,54.0,54.0,60.6,1,25,70,0,27.0,none,0,0.0
2023,CAB0114,Intra-Asia,consortium,2005,18,3,5905.0,4,None,54.0,54.0,66.2,1,25,70,0,28.6,none,0,0.0
2024,CAB0114,Intra-Asia,consortium,2005,19,3,5905.0,4,None,54.0,54.0,100.0,1,25,75,0,30.2,none,0,0.0
2025,CAB0114,Intra-Asia,consortium,2005,20,3,5905.0,4,None,54.0,54.0,92.4,1,25,77,0,31.7,none,0,0.0
2026,CAB0114,Intra-Asia,consortium,2005,21,3,5905.0,4,None,54.0,54.0,86.3,1,25,77,0,33.3,none,0,
2015,CAB0115,Americas,consortium,1998,17,14,4341.0,7,Panama,112.0,112.0,55.4,1,25,28,1,74.6,none,0,0.0
2016,CAB0115,Americas,consortium,1998,18,14,4341.0,7,Panama,112.0,112.0,92.9,1,25,29,1,76.2,none,0,1.0
2017,CAB0115,Americas,consortium,1998,19,14,4341.0,7,Panama,112.0,112.0,61.4,1,25,29,1,77.8,fishing_anchor,1,0.0
2018,CAB0115,Americas,consortium,1998,20,14,4341.0,7,Panama,112.0,112.0,58.3,1,25,31,1,79.4,none,0,0.0
2019,CAB0115,Americas,consortium,1998,21,14,4341.0,7,Panama,112.0,112.0,62.4,1,25,32,1,81.0,none,0,0.0
2020,CAB0115,Americas,consortium,1998,22,14,4341.0,7,Panama,112.0,112.0,91.4,1,25,33,1,82.5,none,0,0.0
2021,CAB0115,Americas,consortium,1998,23,14,4341.0,7,Panama,112.0,112.0,89.8,1,25,37,1,84.1,none,0,0.0
2022,CAB0115,Americas,consortium,1998,24,14,4341.0,7,Panama,112.0,112.0,100.0,1,25,37,1,85.7,none,0,1.0
2023,CAB0115,Americas,consortium,1998,25,14,4341.0,7,Panama,112.0,112.0,89.0,1,25,37,1,87.3,equipment,1,1.0
2024,CAB0115,Americas,consortium,1998,26,14,4341.0,7,Panama,112.0,112.0,85.1,1,25,39,1,88.9,fishing_anchor,1,
2026,CAB0116,Trans-Atlantic,consortium,2026,0,6,6514.0,3,None,288.0,76.9,38.5,1,25,63,0,0.0,none,0,
2015,CAB0117,Trans-Pacific,carrier,2012,3,26,13668.0,7,None,728.0,314.5,13.3,0,25,35,1,40.5,none,0,0.0
2016,CAB0117,Trans-Pacific,carrier,2012,4,26,13668.0,7,None,728.0,301.2,39.2,0,25,37,1,42.1,none,0,0.0
2017,CAB0117,Trans-Pacific,carrier,2012,5,26,13668.0,7,None,728.0,424.1,85.0,0,25,38,1,43.7,none,0,0.0
2018,CAB0117,Trans-Pacific,carrier,2012,6,26,13668.0,7,None,728.0,430.4,60.0,0,25,39,1,45.2,none,0,0.0
2019,CAB0117,Trans-Pacific,carrier,2012,7,26,13668.0,7,None,728.0,492.3,45.2,0,25,41,0,27.0,none,0,0.0
2020,CAB0117,Trans-Pacific,carrier,2012,8,26,13668.0,7,None,728.0,565.6,56.9,0,25,42,0,28.6,none,0,0.0
2021,CAB0117,Trans-Pacific,carrier,2012,9,26,13668.0,7,None,728.0,495.8,70.3,0,25,43,0,30.2,none,0,0.0
2022,CAB0117,Trans-Pacific,carrier,2012,10,26,13668.0,7,None,728.0,632.6,70.2,0,25,45,0,31.7,none,0,0.0
2023,CAB0117,Trans-Pacific,carrier,2012,11,26,13668.0,7,None,728.0,655.5,65.9,0,25,47,0,33.3,none,0,0.0
2024,CAB0117,Trans-Pacific,carrier,2012,12,26,13668.0,7,None,728.0,694.6,94.1,0,25,49,0,34.9,none,0,0.0
2025,CAB0117,Trans-Pacific,carrier,2012,13,26,13668.0,7,None,728.0,688.7,52.8,0,25,50,0,36.5,none,0,0.0
2026,CAB0117,Trans-Pacific,carrier,2012,14,26,13668.0,7,None,728.0,728.0,59.6,0,25,48,0,38.1,none,0,
2020,CAB0118,EMEA-Asia,carrier,2020,0,11,17677.0,7,Bab-el-Mandeb,433.7,95.6,42.1,1,25,40,0,27.8,none,0,0.0
2021,CAB0118,EMEA-Asia,carrier,2020,1,11,17677.0,7,Bab-el-Mandeb,433.7,82.1,19.7,1,25,44,0,29.4,none,0,0.0
2022,CAB0118,EMEA-Asia,carrier,2020,2,11,17677.0,7,Bab-el-Mandeb,433.7,159.1,55.9,1,25,45,0,31.0,none,0,1.0
2023,CAB0118,EMEA-Asia,carrier,2020,3,11,17677.0,7,Bab-el-Mandeb,433.7,211.4,28.8,1,25,47,0,32.5,natural_hazard,1,0.0
2024,CAB0118,EMEA-Asia,carrier,2020,4,11,17677.0,7,Bab-el-Mandeb,433.7,224.0,22.1,1,25,48,0,34.1,none,0,1.0
2025,CAB0118,EMEA-Asia,carrier,2020,5,11,17677.0,7,Bab-el-Mandeb,433.7,235.6,33.0,1,25,47,0,35.7,equipment,1,1.0
2026,CAB0118,EMEA-Asia,carrier,2020,6,11,17677.0,7,Bab-el-Mandeb,433.7,284.3,28.4,1,25,47,0,37.3,equipment,1,
2015,CAB0119,Intra-Europe,carrier,2005,10,10,2132.0,4,None,180.0,161.0,72.6,1,25,41,0,15.9,none,0,0.0
2016,CAB0119,Intra-Europe,carrier,2005,11,10,2132.0,4,None,180.0,173.6,58.2,1,25,42,0,17.5,none,0,0.0
2017,CAB0119,Intra-Europe,carrier,2005,12,10,2132.0,4,None,180.0,180.0,60.1,1,25,44,0,19.0,none,0,0.0
2018,CAB0119,Intra-Europe,carrier,2005,13,10,2132.0,4,None,180.0,180.0,41.8,1,25,45,0,20.6,none,0,0.0
2019,CAB0119,Intra-Europe,carrier,2005,14,10,2132.0,4,None,180.0,178.9,65.2,1,25,47,0,22.2,none,0,0.0
2020,CAB0119,Intra-Europe,carrier,2005,15,10,2132.0,4,None,180.0,180.0,81.5,1,25,49,0,23.8,none,0,0.0
2021,CAB0119,Intra-Europe,carrier,2005,16,10,2132.0,4,None,180.0,180.0,53.1,1,25,49,0,25.4,none,0,0.0
2022,CAB0119,Intra-Europe,carrier,2005,17,10,2132.0,4,None,180.0,180.0,53.5,1,25,52,0,27.0,none,0,0.0
2023,CAB0119,Intra-Europe,carrier,2005,18,10,2132.0,4,None,180.0,180.0,50.8,1,25,53,0,28.6,none,0,0.0
2024,CAB0119,Intra-Europe,carrier,2005,19,10,2132.0,4,None,180.0,180.0,50.1,1,25,53,0,30.2,none,0,0.0
2025,CAB0119,Intra-Europe,carrier,2005,20,10,2132.0,4,None,180.0,180.0,65.5,1,25,58,0,31.7,none,0,0.0
2026,CAB0119,Intra-Europe,carrier,2005,21,10,2132.0,4,None,180.0,180.0,81.0,1,25,60,0,33.3,none,0,
2015,CAB0120,Americas,hyperscaler,1999,16,2,3240.0,3,Panama,18.9,18.9,43.4,1,25,28,1,73.0,fishing_anchor,1,1.0
2016,CAB0120,Americas,hyperscaler,1999,17,2,3240.0,3,Panama,18.9,18.9,66.9,1,25,29,1,74.6,fishing_anchor,1,0.0
2017,CAB0120,Americas,hyperscaler,1999,18,2,3240.0,3,Panama,18.9,18.9,52.5,1,25,29,1,76.2,none,0,0.0
2018,CAB0120,Americas,hyperscaler,1999,19,2,3240.0,3,Panama,18.9,18.9,77.2,1,25,31,1,77.8,none,0,0.0
2019,CAB0120,Americas,hyperscaler,1999,20,2,3240.0,3,Panama,18.9,18.9,84.2,1,25,32,1,79.4,none,0,1.0
2020,CAB0120,Americas,hyperscaler,1999,21,2,3240.0,3,Panama,18.9,18.9,100.0,1,25,33,1,81.0,fishing_anchor,1,1.0
2021,CAB0120,Americas,hyperscaler,1999,22,2,3240.0,3,Panama,18.9,18.9,58.1,1,25,37,1,82.5,fishing_anchor,1,0.0
2022,CAB0120,Americas,hyperscaler,1999,23,2,3240.0,3,Panama,18.9,18.9,83.6,1,25,37,1,84.1,none,0,1.0
2023,CAB0120,Americas,hyperscaler,1999,24,2,3240.0,3,Panama,18.9,18.9,100.0,1,25,37,1,85.7,fishing_anchor,1,1.0
2024,CAB0120,Americas,hyperscaler,1999,25,2,3240.0,3,Panama,18.9,18.9,92.9,1,25,39,1,87.3,equipment,1,0.0
2025,CAB0120,Americas,hyperscaler,1999,26,2,3240.0,3,Panama,18.9,18.9,68.9,1,25,39,1,88.9,none,0,0.0
2026,CAB0120,Americas,hyperscaler,1999,27,2,3240.0,3,Panama,18.9,18.9,97.3,1,25,40,0,70.6,none,0,
2015,CAB0121,Americas,government,1998,17,7,4904.0,4,None,56.0,56.0,64.9,0,25,28,1,62.7,none,0,0.0
2016,CAB0121,Americas,government,1998,18,7,4904.0,4,None,56.0,56.0,57.6,0,25,29,1,64.3,none,0,1.0
2017,CAB0121,Americas,government,1998,19,7,4904.0,4,None,56.0,56.0,64.7,0,25,29,1,65.9,fishing_anchor,1,1.0
2018,CAB0121,Americas,government,1998,20,7,4904.0,4,None,56.0,56.0,70.1,0,25,31,1,67.5,equipment,1,1.0
2019,CAB0121,Americas,government,1998,21,7,4904.0,4,None,56.0,56.0,83.9,0,25,32,1,69.0,equipment,1,1.0
2020,CAB0121,Americas,government,1998,22,7,4904.0,4,None,56.0,56.0,73.4,0,25,33,1,70.6,fishing_anchor,1,1.0
2021,CAB0121,Americas,government,1998,23,7,4904.0,4,None,56.0,56.0,100.0,0,25,37,1,72.2,fishing_anchor,1,1.0
2022,CAB0121,Americas,government,1998,24,7,4904.0,4,None,56.0,56.0,89.0,0,25,37,1,73.8,suspected_external,1,0.0
2023,CAB0121,Americas,government,1998,25,7,4904.0,4,None,56.0,56.0,80.1,0,25,37,1,75.4,none,0,0.0
2024,CAB0121,Americas,government,1998,26,7,4904.0,4,None,56.0,56.0,75.9,0,25,39,1,77.0,none,0,1.0
2025,CAB0121,Americas,government,1998,27,7,4904.0,4,None,56.0,56.0,97.0,0,25,39,1,78.6,fishing_anchor,1,0.0
2026,CAB0121,Americas,government,1998,28,7,4904.0,4,None,56.0,56.0,72.8,0,25,40,0,60.3,none,0,
2018,CAB0122,Trans-Pacific,carrier,2018,0,21,9248.0,6,None,768.0,257.8,26.6,0,25,39,1,35.7,none,0,0.0
2019,CAB0122,Trans-Pacific,carrier,2018,1,21,9248.0,6,None,768.0,193.9,46.1,0,25,41,0,17.5,none,0,0.0
2020,CAB0122,Trans-Pacific,carrier,2018,2,21,9248.0,6,None,768.0,217.4,28.7,0,25,42,0,19.0,none,0,0.0
2021,CAB0122,Trans-Pacific,carrier,2018,3,21,9248.0,6,None,768.0,351.5,44.1,0,25,43,0,20.6,none,0,1.0
2022,CAB0122,Trans-Pacific,carrier,2018,4,21,9248.0,6,None,768.0,390.0,67.4,0,25,45,0,22.2,fishing_anchor,1,0.0
2023,CAB0122,Trans-Pacific,carrier,2018,5,21,9248.0,6,None,768.0,404.1,74.2,0,25,47,0,23.8,none,0,0.0
2024,CAB0122,Trans-Pacific,carrier,2018,6,21,9248.0,6,None,768.0,479.2,90.2,0,25,49,0,25.4,none,0,1.0
2025,CAB0122,Trans-Pacific,carrier,2018,7,21,9248.0,6,None,768.0,498.8,69.3,0,25,50,0,27.0,fishing_anchor,1,0.0
2026,CAB0122,Trans-Pacific,carrier,2018,8,21,9248.0,6,None,768.0,591.4,48.5,0,25,48,0,28.6,none,0,
2015,CAB0123,EMEA-Asia,carrier,2005,10,30,15488.0,4,None,540.0,446.2,63.0,0,25,27,1,51.6,none,0,0.0
2016,CAB0123,EMEA-Asia,carrier,2005,11,30,15488.0,4,None,540.0,521.2,42.0,0,25,29,1,53.2,none,0,0.0
2017,CAB0123,EMEA-Asia,carrier,2005,12,30,15488.0,4,None,540.0,518.7,38.4,0,25,32,1,54.8,none,0,0.0
2018,CAB0123,EMEA-Asia,carrier,2005,13,30,15488.0,4,None,540.0,540.0,100.0,0,25,34,1,56.3,none,0,0.0
2019,CAB0123,EMEA-Asia,carrier,2005,14,30,15488.0,4,None,540.0,540.0,78.8,0,25,37,1,57.9,none,0,0.0
2020,CAB0123,EMEA-Asia,carrier,2005,15,30,15488.0,4,None,540.0,540.0,50.4,0,25,40,0,39.7,none,0,0.0
2021,CAB0123,EMEA-Asia,carrier,2005,16,30,15488.0,4,None,540.0,540.0,43.1,0,25,44,0,41.3,none,0,0.0
2022,CAB0123,EMEA-Asia,carrier,2005,17,30,15488.0,4,None,540.0,540.0,67.1,0,25,45,0,42.9,none,0,0.0
2023,CAB0123,EMEA-Asia,carrier,2005,18,30,15488.0,4,None,540.0,540.0,58.2,0,25,47,0,44.4,none,0,0.0
2024,CAB0123,EMEA-Asia,carrier,2005,19,30,15488.0,4,None,540.0,540.0,73.7,0,25,48,0,46.0,none,0,1.0
2025,CAB0123,EMEA-Asia,carrier,2005,20,30,15488.0,4,None,540.0,540.0,75.5,0,25,47,0,47.6,fishing_anchor,1,0.0
2026,CAB0123,EMEA-Asia,carrier,2005,21,30,15488.0,4,None,540.0,540.0,68.7,0,25,47,0,49.2,none,0,
2024,CAB0124,Americas,consortium,2024,0,24,3130.0,3,None,1083.4,281.8,16.0,0,25,39,1,35.7,none,0,0.0
2025,CAB0124,Americas,consortium,2024,1,24,3130.0,3,None,1083.4,386.9,81.7,0,25,39,1,37.3,none,0,0.0
2026,CAB0124,Americas,consortium,2024,2,24,3130.0,3,None,1083.4,431.5,47.1,0,25,40,0,19.0,none,0,
2025,CAB0125,Africa-Coastal,hyperscaler,2025,0,25,3729.0,3,None,1164.3,181.1,32.9,1,25,52,0,0.0,none,0,0.0
2026,CAB0125,Africa-Coastal,hyperscaler,2025,1,25,3729.0,3,None,1164.3,416.6,23.5,1,25,53,0,1.6,none,0,
2019,CAB0126,Trans-Pacific,hyperscaler,2019,0,32,11075.0,7,None,1216.0,381.1,81.7,0,25,41,0,15.9,none,0,1.0
2020,CAB0126,Trans-Pacific,hyperscaler,2019,1,32,11075.0,7,None,1216.0,381.0,49.8,0,25,42,0,17.5,fishing_anchor,1,0.0
2021,CAB0126,Trans-Pacific,hyperscaler,2019,2,32,11075.0,7,None,1216.0,475.6,34.8,0,25,43,0,19.0,none,0,0.0
2022,CAB0126,Trans-Pacific,hyperscaler,2019,3,32,11075.0,7,None,1216.0,544.7,66.6,0,25,45,0,20.6,none,0,0.0
2023,CAB0126,Trans-Pacific,hyperscaler,2019,4,32,11075.0,7,None,1216.0,539.9,19.6,0,25,47,0,22.2,none,0,1.0
2024,CAB0126,Trans-Pacific,hyperscaler,2019,5,32,11075.0,7,None,1216.0,618.5,62.8,0,25,49,0,23.8,natural_hazard,1,0.0
2025,CAB0126,Trans-Pacific,hyperscaler,2019,6,32,11075.0,7,None,1216.0,630.8,58.8,0,25,50,0,25.4,none,0,0.0
2026,CAB0126,Trans-Pacific,hyperscaler,2019,7,32,11075.0,7,None,1216.0,857.9,43.6,0,25,48,0,27.0,none,0,
2015,CAB0127,Intra-Pacific-Islands,consortium,2007,8,11,2352.0,4,None,229.4,167.2,59.9,0,25,28,1,48.4,none,0,1.0
2016,CAB0127,Intra-Pacific-Islands,consortium,2007,9,11,2352.0,4,None,229.4,183.3,31.3,0,25,29,1,50.0,natural_hazard,1,0.0
2017,CAB0127,Intra-Pacific-Islands,consortium,2007,10,11,2352.0,4,None,229.4,218.1,22.0,0,25,29,1,51.6,none,0,0.0
2018,CAB0127,Intra-Pacific-Islands,consortium,2007,11,11,2352.0,4,None,229.4,198.2,63.0,0,25,30,1,53.2,none,0,0.0
2019,CAB0127,Intra-Pacific-Islands,consortium,2007,12,11,2352.0,4,None,229.4,215.2,62.9,0,25,35,1,54.8,none,0,0.0
2020,CAB0127,Intra-Pacific-Islands,consortium,2007,13,11,2352.0,4,None,229.4,226.7,52.0,0,25,40,0,36.5,none,0,1.0
2021,CAB0127,Intra-Pacific-Islands,consortium,2007,14,11,2352.0,4,None,229.4,229.4,100.0,0,25,41,0,38.1,fishing_anchor,1,1.0
2022,CAB0127,Intra-Pacific-Islands,consortium,2007,15,11,2352.0,4,None,229.4,229.4,60.6,0,25,43,0,39.7,fishing_anchor,1,0.0
2023,CAB0127,Intra-Pacific-Islands,consortium,2007,16,11,2352.0,4,None,229.4,229.4,51.6,0,25,45,0,41.3,none,0,1.0
2024,CAB0127,Intra-Pacific-Islands,consortium,2007,17,11,2352.0,4,None,229.4,229.4,100.0,0,25,48,0,42.9,natural_hazard,1,1.0
2025,CAB0127,Intra-Pacific-Islands,consortium,2007,18,11,2352.0,4,None,229.4,229.4,73.5,0,25,50,0,44.4,fishing_anchor,1,0.0
2026,CAB0127,Intra-Pacific-Islands,consortium,2007,19,11,2352.0,4,None,229.4,229.4,56.7,0,25,51,0,46.0,none,0,
2015,CAB0128,Trans-Pacific,consortium,1998,17,3,11486.0,5,None,24.0,24.0,41.6,1,25,35,1,46.8,none,0,1.0
2016,CAB0128,Trans-Pacific,consortium,1998,18,3,11486.0,5,None,24.0,24.0,79.8,1,25,37,1,48.4,fishing_anchor,1,0.0
2017,CAB0128,Trans-Pacific,consortium,1998,19,3,11486.0,5,None,24.0,24.0,71.5,1,25,38,1,50.0,none,0,0.0
2018,CAB0128,Trans-Pacific,consortium,1998,20,3,11486.0,5,None,24.0,24.0,66.3,1,25,39,1,51.6,none,0,0.0
2019,CAB0128,Trans-Pacific,consortium,1998,21,3,11486.0,5,None,24.0,24.0,69.9,1,25,41,0,33.3,none,0,0.0
2020,CAB0128,Trans-Pacific,consortium,1998,22,3,11486.0,5,None,24.0,24.0,78.3,1,25,42,0,34.9,none,0,0.0
2021,CAB0128,Trans-Pacific,consortium,1998,23,3,11486.0,5,None,24.0,24.0,76.2,1,25,43,0,36.5,none,0,0.0
2022,CAB0128,Trans-Pacific,consortium,1998,24,3,11486.0,5,None,24.0,24.0,100.0,1,25,45,0,38.1,none,0,0.0
2023,CAB0128,Trans-Pacific,consortium,1998,25,3,11486.0,5,None,24.0,24.0,95.1,1,25,47,0,39.7,none,0,0.0
2024,CAB0128,Trans-Pacific,consortium,1998,26,3,11486.0,5,None,24.0,24.0,70.2,1,25,49,0,41.3,none,0,0.0
2025,CAB0128,Trans-Pacific,consortium,1998,27,3,11486.0,5,None,24.0,24.0,99.2,1,25,50,0,42.9,none,0,0.0
2026,CAB0128,Trans-Pacific,consortium,1998,28,3,11486.0,5,None,24.0,24.0,99.7,1,25,48,0,44.4,none,0,
2016,CAB0129,Intra-Asia,consortium,2016,0,29,2599.0,4,Luzon-Strait,977.7,184.1,6.6,1,25,59,0,27.8,none,0,0.0
2017,CAB0129,Intra-Asia,consortium,2016,1,29,2599.0,4,Luzon-Strait,977.7,323.9,63.2,1,25,60,0,29.4,none,0,0.0
2018,CAB0129,Intra-Asia,consortium,2016,2,29,2599.0,4,Luzon-Strait,977.7,285.7,35.3,1,25,62,0,31.0,none,0,0.0
2019,CAB0129,Intra-Asia,consortium,2016,3,29,2599.0,4,Luzon-Strait,977.7,434.7,57.1,1,25,64,0,32.5,none,0,0.0
2020,CAB0129,Intra-Asia,consortium,2016,4,29,2599.0,4,Luzon-Strait,977.7,496.0,47.4,1,25,66,0,34.1,none,0,0.0
2021,CAB0129,Intra-Asia,consortium,2016,5,29,2599.0,4,Luzon-Strait,977.7,496.5,34.1,1,25,69,0,35.7,none,0,1.0
2022,CAB0129,Intra-Asia,consortium,2016,6,29,2599.0,4,Luzon-Strait,977.7,658.1,39.5,1,25,70,0,37.3,fishing_anchor,1,0.0
2023,CAB0129,Intra-Asia,consortium,2016,7,29,2599.0,4,Luzon-Strait,977.7,665.7,61.9,1,25,70,0,38.9,none,0,1.0
2024,CAB0129,Intra-Asia,consortium,2016,8,29,2599.0,4,Luzon-Strait,977.7,706.4,41.1,1,25,75,0,40.5,fishing_anchor,1,1.0
2025,CAB0129,Intra-Asia,consortium,2016,9,29,2599.0,4,Luzon-Strait,977.7,832.6,69.1,1,25,77,0,42.1,equipment,1,0.0
2026,CAB0129,Intra-Asia,consortium,2016,10,29,2599.0,4,Luzon-Strait,977.7,860.6,34.5,1,25,77,0,43.7,none,0,
2016,CAB0130,Intra-Asia,consortium,2016,0,4,3192.0,10,None,134.9,21.9,29.0,0,25,59,0,15.9,fishing_anchor,1,0.0
2017,CAB0130,Intra-Asia,consortium,2016,1,4,3192.0,10,None,134.9,42.0,47.0,0,25,60,0,17.5,none,0,0.0
2018,CAB0130,Intra-Asia,consortium,2016,2,4,3192.0,10,None,134.9,61.5,63.0,0,25,62,0,19.0,none,0,0.0
2019,CAB0130,Intra-Asia,consortium,2016,3,4,3192.0,10,None,134.9,38.6,69.6,0,25,64,0,20.6,none,0,0.0
2020,CAB0130,Intra-Asia,consortium,2016,4,4,3192.0,10,None,134.9,66.5,52.0,0,25,66,0,22.2,none,0,1.0
2021,CAB0130,Intra-Asia,consortium,2016,5,4,3192.0,10,None,134.9,72.1,65.7,0,25,69,0,23.8,fishing_anchor,1,0.0
2022,CAB0130,Intra-Asia,consortium,2016,6,4,3192.0,10,None,134.9,81.3,57.6,0,25,70,0,25.4,none,0,0.0
2023,CAB0130,Intra-Asia,consortium,2016,7,4,3192.0,10,None,134.9,86.8,40.7,0,25,70,0,27.0,none,0,0.0
2024,CAB0130,Intra-Asia,consortium,2016,8,4,3192.0,10,None,134.9,101.7,76.7,0,25,75,0,28.6,none,0,0.0
2025,CAB0130,Intra-Asia,consortium,2016,9,4,3192.0,10,None,134.9,103.8,27.1,0,25,77,0,30.2,none,0,0.0
2026,CAB0130,Intra-Asia,consortium,2016,10,4,3192.0,10,None,134.9,113.9,42.5,0,25,77,0,31.7,none,0,
2015,CAB0131,Intra-Asia,consortium,2001,14,16,6055.0,6,None,196.6,196.6,100.0,1,25,53,0,22.2,none,0,1.0
2016,CAB0131,Intra-Asia,consortium,2001,15,16,6055.0,6,None,196.6,196.6,61.1,1,25,59,0,23.8,suspected_external,1,0.0
2017,CAB0131,Intra-Asia,consortium,2001,16,16,6055.0,6,None,196.6,196.6,84.0,1,25,60,0,25.4,none,0,0.0
2018,CAB0131,Intra-Asia,consortium,2001,17,16,6055.0,6,None,196.6,196.6,65.1,1,25,62,0,27.0,none,0,0.0
2019,CAB0131,Intra-Asia,consortium,2001,18,16,6055.0,6,None,196.6,196.6,89.7,1,25,64,0,28.6,none,0,1.0
2020,CAB0131,Intra-Asia,consortium,2001,19,16,6055.0,6,None,196.6,196.6,90.4,1,25,66,0,30.2,fishing_anchor,1,0.0
2021,CAB0131,Intra-Asia,consortium,2001,20,16,6055.0,6,None,196.6,196.6,44.3,1,25,69,0,31.7,none,0,0.0
2022,CAB0131,Intra-Asia,consortium,2001,21,16,6055.0,6,None,196.6,196.6,100.0,1,25,70,0,33.3,none,0,0.0
2023,CAB0131,Intra-Asia,consortium,2001,22,16,6055.0,6,None,196.6,196.6,100.0,1,25,70,0,34.9,none,0,0.0
2024,CAB0131,Intra-Asia,consortium,2001,23,16,6055.0,6,None,196.6,196.6,87.8,1,25,75,0,36.5,none,0,0.0
2025,CAB0131,Intra-Asia,consortium,2001,24,16,6055.0,6,None,196.6,196.6,73.0,1,25,77,0,38.1,none,0,0.0
2026,CAB0131,Intra-Asia,consortium,2001,25,16,6055.0,6,None,196.6,196.6,100.0,1,25,77,0,39.7,none,0,
2015,CAB0132,Africa-Coastal,carrier,2000,15,2,7442.0,3,None,21.7,21.7,83.9,0,25,36,1,59.5,none,0,1.0
2016,CAB0132,Africa-Coastal,carrier,2000,16,2,7442.0,3,None,21.7,21.7,43.3,0,25,37,1,61.1,fishing_anchor,1,1.0
2017,CAB0132,Africa-Coastal,carrier,2000,17,2,7442.0,3,None,21.7,21.7,86.7,0,25,40,0,42.9,fishing_anchor,1,0.0
2018,CAB0132,Africa-Coastal,carrier,2000,18,2,7442.0,3,None,21.7,21.7,100.0,0,25,40,0,44.4,none,0,0.0
2019,CAB0132,Africa-Coastal,carrier,2000,19,2,7442.0,3,None,21.7,21.7,91.1,0,25,42,0,46.0,none,0,0.0
2020,CAB0132,Africa-Coastal,carrier,2000,20,2,7442.0,3,None,21.7,21.7,74.9,0,25,43,0,47.6,none,0,0.0
2021,CAB0132,Africa-Coastal,carrier,2000,21,2,7442.0,3,None,21.7,21.7,78.6,0,25,44,0,49.2,none,0,1.0
2022,CAB0132,Africa-Coastal,carrier,2000,22,2,7442.0,3,None,21.7,21.7,96.5,0,25,45,0,50.8,fishing_anchor,1,1.0
2023,CAB0132,Africa-Coastal,carrier,2000,23,2,7442.0,3,None,21.7,21.7,100.0,0,25,47,0,52.4,fishing_anchor,1,0.0
2024,CAB0132,Africa-Coastal,carrier,2000,24,2,7442.0,3,None,21.7,21.7,91.2,0,25,49,0,54.0,none,0,1.0
2025,CAB0132,Africa-Coastal,carrier,2000,25,2,7442.0,3,None,21.7,21.7,82.4,0,25,52,0,55.6,fishing_anchor,1,0.0
2026,CAB0132,Africa-Coastal,carrier,2000,26,2,7442.0,3,None,21.7,21.7,100.0,0,25,53,0,57.1,none,0,
2023,CAB0133,Trans-Atlantic,carrier,2023,0,5,7322.0,4,None,218.6,76.2,14.5,1,25,54,0,0.0,none,0,0.0
2024,CAB0133,Trans-Atlantic,carrier,2023,1,5,7322.0,4,None,218.6,72.1,19.1,1,25,58,0,1.6,none,0,1.0
2025,CAB0133,Trans-Atlantic,carrier,2023,2,5,7322.0,4,None,218.6,95.3,31.1,1,25,62,0,3.2,fishing_anchor,1,0.0
2026,CAB0133,Trans-Atlantic,carrier,2023,3,5,7322.0,4,None,218.6,93.9,38.8,1,25,63,0,4.8,none,0,
2021,CAB0134,Americas,hyperscaler,2021,0,34,7501.0,4,None,1389.1,393.8,41.4,0,25,37,1,35.7,none,0,0.0
2022,CAB0134,Americas,hyperscaler,2021,1,34,7501.0,4,None,1389.1,482.9,16.9,0,25,37,1,37.3,none,0,1.0
2023,CAB0134,Americas,hyperscaler,2021,2,34,7501.0,4,None,1389.1,485.5,29.6,0,25,37,1,38.9,fishing_anchor,1,0.0
2024,CAB0134,Americas,hyperscaler,2021,3,34,7501.0,4,None,1389.1,702.9,52.8,0,25,39,1,40.5,none,0,1.0
2025,CAB0134,Americas,hyperscaler,2021,4,34,7501.0,4,None,1389.1,683.6,57.4,0,25,39,1,42.1,fishing_anchor,1,0.0
2026,CAB0134,Americas,hyperscaler,2021,5,34,7501.0,4,None,1389.1,773.5,80.7,0,25,40,0,23.8,none,0,
2015,CAB0135,Indian-Ocean,government,2010,5,12,9258.0,4,Malacca,301.7,179.6,47.6,0,25,31,1,71.4,none,0,1.0
2016,CAB0135,Indian-Ocean,government,2010,6,12,9258.0,4,Malacca,301.7,175.3,39.2,0,25,33,1,73.0,suspected_external,1,0.0
2017,CAB0135,Indian-Ocean,government,2010,7,12,9258.0,4,Malacca,301.7,232.8,22.3,0,25,33,1,74.6,none,0,0.0
2018,CAB0135,Indian-Ocean,government,2010,8,12,9258.0,4,Malacca,301.7,221.8,43.2,0,25,35,1,76.2,none,0,1.0
2019,CAB0135,Indian-Ocean,government,2010,9,12,9258.0,4,Malacca,301.7,229.4,42.0,0,25,35,1,77.8,fishing_anchor,1,0.0
2020,CAB0135,Indian-Ocean,government,2010,10,12,9258.0,4,Malacca,301.7,275.0,90.6,0,25,36,1,79.4,none,0,1.0
2021,CAB0135,Indian-Ocean,government,2010,11,12,9258.0,4,Malacca,301.7,253.1,71.1,0,25,39,1,81.0,equipment,1,0.0
2022,CAB0135,Indian-Ocean,government,2010,12,12,9258.0,4,Malacca,301.7,301.7,57.1,0,25,39,1,82.5,none,0,1.0
2023,CAB0135,Indian-Ocean,government,2010,13,12,9258.0,4,Malacca,301.7,296.2,70.8,0,25,40,0,64.3,fishing_anchor,1,1.0
2024,CAB0135,Indian-Ocean,government,2010,14,12,9258.0,4,Malacca,301.7,301.7,65.1,0,25,41,0,65.9,fishing_anchor,1,0.0
2025,CAB0135,Indian-Ocean,government,2010,15,12,9258.0,4,Malacca,301.7,301.7,49.0,0,25,44,0,67.5,none,0,1.0
2026,CAB0135,Indian-Ocean,government,2010,16,12,9258.0,4,Malacca,301.7,301.7,61.2,0,25,43,0,69.0,fishing_anchor,1,
2015,CAB0136,Trans-Atlantic,government,2000,15,10,6685.0,4,None,108.6,108.6,86.6,0,25,33,1,59.5,none,0,0.0
2016,CAB0136,Trans-Atlantic,government,2000,16,10,6685.0,4,None,108.6,108.6,96.6,0,25,37,1,61.1,none,0,0.0
2017,CAB0136,Trans-Atlantic,government,2000,17,10,6685.0,4,None,108.6,108.6,86.7,0,25,37,1,62.7,none,0,0.0
2018,CAB0136,Trans-Atlantic,government,2000,18,10,6685.0,4,None,108.6,108.6,100.0,0,25,40,0,44.4,none,0,1.0
2019,CAB0136,Trans-Atlantic,government,2000,19,10,6685.0,4,None,108.6,108.6,58.3,0,25,45,0,46.0,fishing_anchor,1,0.0
2020,CAB0136,Trans-Atlantic,government,2000,20,10,6685.0,4,None,108.6,108.6,94.8,0,25,48,0,47.6,none,0,0.0
2021,CAB0136,Trans-Atlantic,government,2000,21,10,6685.0,4,None,108.6,108.6,100.0,0,25,50,0,49.2,none,0,0.0
2022,CAB0136,Trans-Atlantic,government,2000,22,10,6685.0,4,None,108.6,108.6,82.0,0,25,51,0,50.8,none,0,0.0
2023,CAB0136,Trans-Atlantic,government,2000,23,10,6685.0,4,None,108.6,108.6,100.0,0,25,54,0,52.4,none,0,0.0
2024,CAB0136,Trans-Atlantic,government,2000,24,10,6685.0,4,None,108.6,108.6,83.5,0,25,58,0,54.0,none,0,1.0
2025,CAB0136,Trans-Atlantic,government,2000,25,10,6685.0,4,None,108.6,108.6,79.4,0,25,62,0,55.6,fishing_anchor,1,1.0
2026,CAB0136,Trans-Atlantic,government,2000,26,10,6685.0,4,None,108.6,108.6,71.1,0,25,63,0,57.1,fishing_anchor,1,
2026,CAB0137,Trans-Atlantic,hyperscaler,2026,0,6,6496.0,8,None,288.0,69.6,63.9,1,25,63,0,0.0,equipment,1,
2015,CAB0138,Intra-Asia,carrier,2003,12,12,5412.0,9,Luzon-Strait,181.7,170.6,51.4,0,25,53,0,62.7,fishing_anchor,1,0.0
2016,CAB0138,Intra-Asia,carrier,2003,13,12,5412.0,9,Luzon-Strait,181.7,181.7,46.9,0,25,59,0,64.3,none,0,0.0
2017,CAB0138,Intra-Asia,carrier,2003,14,12,5412.0,9,Luzon-Strait,181.7,181.7,69.1,0,25,60,0,65.9,none,0,0.0
2018,CAB0138,Intra-Asia,carrier,2003,15,12,5412.0,9,Luzon-Strait,181.7,181.7,56.6,0,25,62,0,67.5,none,0,0.0
2019,CAB0138,Intra-Asia,carrier,2003,16,12,5412.0,9,Luzon-Strait,181.7,181.7,66.7,0,25,64,0,69.0,none,0,0.0
2020,CAB0138,Intra-Asia,carrier,2003,17,12,5412.0,9,Luzon-Strait,181.7,181.7,75.1,0,25,66,0,70.6,none,0,0.0
2021,CAB0138,Intra-Asia,carrier,2003,18,12,5412.0,9,Luzon-Strait,181.7,181.7,75.4,0,25,69,0,72.2,none,0,1.0
2022,CAB0138,Intra-Asia,carrier,2003,19,12,5412.0,9,Luzon-Strait,181.7,181.7,94.7,0,25,70,0,73.8,fishing_anchor,1,0.0
2023,CAB0138,Intra-Asia,carrier,2003,20,12,5412.0,9,Luzon-Strait,181.7,181.7,98.2,0,25,70,0,75.4,none,0,0.0
2024,CAB0138,Intra-Asia,carrier,2003,21,12,5412.0,9,Luzon-Strait,181.7,181.7,93.7,0,25,75,0,77.0,none,0,0.0
2025,CAB0138,Intra-Asia,carrier,2003,22,12,5412.0,9,Luzon-Strait,181.7,181.7,74.9,0,25,77,0,78.6,none,0,0.0
2026,CAB0138,Intra-Asia,carrier,2003,23,12,5412.0,9,Luzon-Strait,181.7,181.7,69.1,0,25,77,0,80.2,none,0,
2024,CAB0139,Intra-Pacific-Islands,consortium,2024,0,48,2596.0,4,None,2166.9,531.4,22.9,1,25,48,0,0.0,none,0,0.0
2025,CAB0139,Intra-Pacific-Islands,consortium,2024,1,48,2596.0,4,None,2166.9,848.6,24.1,1,25,50,0,1.6,none,0,0.0
2026,CAB0139,Intra-Pacific-Islands,consortium,2024,2,48,2596.0,4,None,2166.9,841.3,61.7,1,25,51,0,3.2,none,0,
2026,CAB0140,Trans-Atlantic,hyperscaler,2026,0,12,5469.0,4,None,576.0,154.7,44.0,0,25,63,0,15.9,none,0,
2016,CAB0141,Trans-Pacific,hyperscaler,2016,0,4,10453.0,5,None,134.9,22.2,67.5,1,25,37,1,19.8,fishing_anchor,1,1.0
2017,CAB0141,Trans-Pacific,hyperscaler,2016,1,4,10453.0,5,None,134.9,39.1,41.1,1,25,38,1,21.4,natural_hazard,1,0.0
2018,CAB0141,Trans-Pacific,hyperscaler,2016,2,4,10453.0,5,None,134.9,52.4,78.3,1,25,39,1,23.0,none,0,1.0
2019,CAB0141,Trans-Pacific,hyperscaler,2016,3,4,10453.0,5,None,134.9,63.7,30.1,1,25,41,0,4.8,natural_hazard,1,1.0
2020,CAB0141,Trans-Pacific,hyperscaler,2016,4,4,10453.0,5,None,134.9,55.4,53.9,1,25,42,0,6.3,fishing_anchor,1,0.0
2021,CAB0141,Trans-Pacific,hyperscaler,2016,5,4,10453.0,5,None,134.9,83.2,42.0,1,25,43,0,7.9,none,0,1.0
2022,CAB0141,Trans-Pacific,hyperscaler,2016,6,4,10453.0,5,None,134.9,92.1,56.1,1,25,45,0,9.5,fishing_anchor,1,0.0
2023,CAB0141,Trans-Pacific,hyperscaler,2016,7,4,10453.0,5,None,134.9,88.7,64.4,1,25,47,0,11.1,none,0,0.0
2024,CAB0141,Trans-Pacific,hyperscaler,2016,8,4,10453.0,5,None,134.9,95.9,93.2,1,25,49,0,12.7,none,0,0.0
2025,CAB0141,Trans-Pacific,hyperscaler,2016,9,4,10453.0,5,None,134.9,119.8,84.5,1,25,50,0,14.3,none,0,1.0
2026,CAB0141,Trans-Pacific,hyperscaler,2016,10,4,10453.0,5,None,134.9,113.8,48.8,1,25,48,0,15.9,natural_hazard,1,
2015,CAB0142,EMEA-Asia,consortium,2000,15,4,14981.0,4,Bab-el-Mandeb,43.4,43.4,86.1,0,25,27,1,87.3,fishing_anchor,1,0.0
2016,CAB0142,EMEA-Asia,consortium,2000,16,4,14981.0,4,Bab-el-Mandeb,43.4,43.4,100.0,0,25,29,1,88.9,none,0,0.0
2017,CAB0142,EMEA-Asia,consortium,2000,17,4,14981.0,4,Bab-el-Mandeb,43.4,43.4,53.7,0,25,32,1,90.5,none,0,0.0
2018,CAB0142,EMEA-Asia,consortium,2000,18,4,14981.0,4,Bab-el-Mandeb,43.4,43.4,77.8,0,25,34,1,92.1,none,0,1.0
2019,CAB0142,EMEA-Asia,consortium,2000,19,4,14981.0,4,Bab-el-Mandeb,43.4,43.4,89.9,0,25,37,1,93.7,fishing_anchor,1,0.0
2020,CAB0142,EMEA-Asia,consortium,2000,20,4,14981.0,4,Bab-el-Mandeb,43.4,43.4,100.0,0,25,40,0,75.4,none,0,1.0
2021,CAB0142,EMEA-Asia,consortium,2000,21,4,14981.0,4,Bab-el-Mandeb,43.4,43.4,100.0,0,25,44,0,77.0,fishing_anchor,1,1.0
2022,CAB0142,EMEA-Asia,consortium,2000,22,4,14981.0,4,Bab-el-Mandeb,43.4,43.4,61.4,0,25,45,0,78.6,fishing_anchor,1,0.0
2023,CAB0142,EMEA-Asia,consortium,2000,23,4,14981.0,4,Bab-el-Mandeb,43.4,43.4,90.9,0,25,47,0,80.2,none,0,0.0
2024,CAB0142,EMEA-Asia,consortium,2000,24,4,14981.0,4,Bab-el-Mandeb,43.4,43.4,88.7,0,25,48,0,81.7,none,0,1.0
2025,CAB0142,EMEA-Asia,consortium,2000,25,4,14981.0,4,Bab-el-Mandeb,43.4,43.4,100.0,0,25,47,0,83.3,fishing_anchor,1,
2015,CAB0143,Indian-Ocean,government,1998,17,14,11128.0,4,Malacca,112.0,112.0,95.4,1,25,31,1,74.6,none,0,0.0
2016,CAB0143,Indian-Ocean,government,1998,18,14,11128.0,4,Malacca,112.0,112.0,80.2,1,25,33,1,76.2,none,0,0.0
2017,CAB0143,Indian-Ocean,government,1998,19,14,11128.0,4,Malacca,112.0,112.0,72.0,1,25,33,1,77.8,none,0,0.0
2018,CAB0143,Indian-Ocean,government,1998,20,14,11128.0,4,Malacca,112.0,112.0,54.1,1,25,35,1,79.4,none,0,0.0
2019,CAB0143,Indian-Ocean,government,1998,21,14,11128.0,4,Malacca,112.0,112.0,62.0,1,25,35,1,81.0,none,0,0.0
2020,CAB0143,Indian-Ocean,government,1998,22,14,11128.0,4,Malacca,112.0,112.0,82.2,1,25,36,1,82.5,none,0,0.0
2021,CAB0143,Indian-Ocean,government,1998,23,14,11128.0,4,Malacca,112.0,112.0,100.0,1,25,39,1,84.1,none,0,0.0
2022,CAB0143,Indian-Ocean,government,1998,24,14,11128.0,4,Malacca,112.0,112.0,76.3,1,25,39,1,85.7,none,0,1.0
2023,CAB0143,Indian-Ocean,government,1998,25,14,11128.0,4,Malacca,112.0,112.0,100.0,1,25,40,0,67.5,fishing_anchor,1,0.0
2024,CAB0143,Indian-Ocean,government,1998,26,14,11128.0,4,Malacca,112.0,112.0,100.0,1,25,41,0,69.0,none,0,0.0
2025,CAB0143,Indian-Ocean,government,1998,27,14,11128.0,4,Malacca,112.0,112.0,100.0,1,25,44,0,70.6,none,0,0.0
2026,CAB0143,Indian-Ocean,government,1998,28,14,11128.0,4,Malacca,112.0,112.0,100.0,1,25,43,0,72.2,none,0,
2020,CAB0144,Indian-Ocean,government,2020,0,33,6902.0,6,Malacca,1301.1,362.6,20.8,0,25,36,1,63.5,fishing_anchor,1,1.0
2021,CAB0144,Indian-Ocean,government,2020,1,33,6902.0,6,Malacca,1301.1,459.8,74.9,0,25,39,1,65.1,fishing_anchor,1,1.0
2022,CAB0144,Indian-Ocean,government,2020,2,33,6902.0,6,Malacca,1301.1,506.8,54.0,0,25,39,1,66.7,natural_hazard,1,1.0
2023,CAB0144,Indian-Ocean,government,2020,3,33,6902.0,6,Malacca,1301.1,476.4,29.5,0,25,40,0,48.4,fishing_anchor,1,0.0
2024,CAB0144,Indian-Ocean,government,2020,4,33,6902.0,6,Malacca,1301.1,516.4,46.3,0,25,41,0,50.0,none,0,0.0
2025,CAB0144,Indian-Ocean,government,2020,5,33,6902.0,6,Malacca,1301.1,785.7,49.0,0,25,44,0,51.6,none,0,0.0
2026,CAB0144,Indian-Ocean,government,2020,6,33,6902.0,6,Malacca,1301.1,830.6,72.0,0,25,43,0,53.2,none,0,
2015,CAB0145,Intra-Europe,consortium,2000,15,2,1840.0,9,None,21.7,21.7,62.5,0,25,41,0,39.7,none,0,0.0
2016,CAB0145,Intra-Europe,consortium,2000,16,2,1840.0,9,None,21.7,21.7,50.1,0,25,42,0,41.3,none,0,0.0
2017,CAB0145,Intra-Europe,consortium,2000,17,2,1840.0,9,None,21.7,21.7,87.5,0,25,44,0,42.9,none,0,0.0
2018,CAB0145,Intra-Europe,consortium,2000,18,2,1840.0,9,None,21.7,21.7,71.7,0,25,45,0,44.4,none,0,0.0
2019,CAB0145,Intra-Europe,consortium,2000,19,2,1840.0,9,None,21.7,21.7,46.4,0,25,47,0,46.0,none,0,0.0
2020,CAB0145,Intra-Europe,consortium,2000,20,2,1840.0,9,None,21.7,21.7,87.5,0,25,49,0,47.6,none,0,0.0
2021,CAB0145,Intra-Europe,consortium,2000,21,2,1840.0,9,None,21.7,21.7,100.0,0,25,49,0,49.2,none,0,0.0
2022,CAB0145,Intra-Europe,consortium,2000,22,2,1840.0,9,None,21.7,21.7,69.3,0,25,52,0,50.8,none,0,0.0
2023,CAB0145,Intra-Europe,consortium,2000,23,2,1840.0,9,None,21.7,21.7,100.0,0,25,53,0,52.4,none,0,0.0
2024,CAB0145,Intra-Europe,consortium,2000,24,2,1840.0,9,None,21.7,21.7,55.0,0,25,53,0,54.0,none,0,0.0
2025,CAB0145,Intra-Europe,consortium,2000,25,2,1840.0,9,None,21.7,21.7,71.6,0,25,58,0,55.6,none,0,0.0
2026,CAB0145,Intra-Europe,consortium,2000,26,2,1840.0,9,None,21.7,21.7,93.9,0,25,60,0,57.1,none,0,
2015,CAB0146,Africa-Coastal,consortium,2007,8,3,6237.0,3,None,62.6,51.6,76.9,1,25,36,1,32.5,none,0,1.0
2016,CAB0146,Africa-Coastal,consortium,2007,9,3,6237.0,3,None,62.6,48.1,47.0,1,25,37,1,34.1,fishing_anchor,1,0.0
2017,CAB0146,Africa-Coastal,consortium,2007,10,3,6237.0,3,None,62.6,53.6,57.6,1,25,40,0,15.9,none,0,0.0
2018,CAB0146,Africa-Coastal,consortium,2007,11,3,6237.0,3,None,62.6,53.2,42.0,1,25,40,0,17.5,none,0,0.0
2019,CAB0146,Africa-Coastal,consortium,2007,12,3,6237.0,3,None,62.6,60.8,29.6,1,25,42,0,19.0,none,0,0.0
2020,CAB0146,Africa-Coastal,consortium,2007,13,3,6237.0,3,None,62.6,62.6,76.2,1,25,43,0,20.6,none,0,1.0
2021,CAB0146,Africa-Coastal,consortium,2007,14,3,6237.0,3,None,62.6,62.6,66.9,1,25,44,0,22.2,equipment,1,1.0
2022,CAB0146,Africa-Coastal,consortium,2007,15,3,6237.0,3,None,62.6,62.6,79.6,1,25,45,0,23.8,natural_hazard,1,1.0
2023,CAB0146,Africa-Coastal,consortium,2007,16,3,6237.0,3,None,62.6,62.6,65.8,1,25,47,0,25.4,fishing_anchor,1,0.0
2024,CAB0146,Africa-Coastal,consortium,2007,17,3,6237.0,3,None,62.6,62.6,69.4,1,25,49,0,27.0,none,0,1.0
2025,CAB0146,Africa-Coastal,consortium,2007,18,3,6237.0,3,None,62.6,62.6,68.5,1,25,52,0,28.6,fishing_anchor,1,1.0
2026,CAB0146,Africa-Coastal,consortium,2007,19,3,6237.0,3,None,62.6,62.6,63.4,1,25,53,0,30.2,fishing_anchor,1,
2015,CAB0147,Intra-Europe,hyperscaler,2002,13,8,1101.0,3,None,109.7,109.7,74.6,1,25,41,0,20.6,fishing_anchor,1,0.0
2016,CAB0147,Intra-Europe,hyperscaler,2002,14,8,1101.0,3,None,109.7,109.7,62.9,1,25,42,0,22.2,none,0,0.0
2017,CAB0147,Intra-Europe,hyperscaler,2002,15,8,1101.0,3,None,109.7,109.7,55.8,1,25,44,0,23.8,none,0,0.0
2018,CAB0147,Intra-Europe,hyperscaler,2002,16,8,1101.0,3,None,109.7,109.7,70.2,1,25,45,0,25.4,none,0,0.0
2019,CAB0147,Intra-Europe,hyperscaler,2002,17,8,1101.0,3,None,109.7,109.7,77.1,1,25,47,0,27.0,none,0,0.0
2020,CAB0147,Intra-Europe,hyperscaler,2002,18,8,1101.0,3,None,109.7,109.7,45.5,1,25,49,0,28.6,none,0,0.0
2021,CAB0147,Intra-Europe,hyperscaler,2002,19,8,1101.0,3,None,109.7,109.7,97.9,1,25,49,0,30.2,none,0,0.0
2022,CAB0147,Intra-Europe,hyperscaler,2002,20,8,1101.0,3,None,109.7,109.7,42.7,1,25,52,0,31.7,none,0,0.0
2023,CAB0147,Intra-Europe,hyperscaler,2002,21,8,1101.0,3,None,109.7,109.7,82.4,1,25,53,0,33.3,none,0,0.0
2024,CAB0147,Intra-Europe,hyperscaler,2002,22,8,1101.0,3,None,109.7,109.7,96.7,1,25,53,0,34.9,none,0,0.0
2025,CAB0147,Intra-Europe,hyperscaler,2002,23,8,1101.0,3,None,109.7,109.7,58.1,1,25,58,0,36.5,none,0,0.0
2026,CAB0147,Intra-Europe,hyperscaler,2002,24,8,1101.0,3,None,109.7,109.7,68.9,1,25,60,0,38.1,none,0,
2015,CAB0148,Intra-Asia,carrier,2009,6,23,4190.0,6,None,545.4,328.7,83.0,1,25,53,0,9.5,none,0,0.0
2016,CAB0148,Intra-Asia,carrier,2009,7,23,4190.0,6,None,545.4,340.8,58.8,1,25,59,0,11.1,none,0,0.0
2017,CAB0148,Intra-Asia,carrier,2009,8,23,4190.0,6,None,545.4,373.3,45.3,1,25,60,0,12.7,none,0,0.0
2018,CAB0148,Intra-Asia,carrier,2009,9,23,4190.0,6,None,545.4,423.4,32.9,1,25,62,0,14.3,none,0,0.0
2019,CAB0148,Intra-Asia,carrier,2009,10,23,4190.0,6,None,545.4,511.0,50.3,1,25,64,0,15.9,none,0,0.0
2020,CAB0148,Intra-Asia,carrier,2009,11,23,4190.0,6,None,545.4,501.3,28.3,1,25,66,0,17.5,none,0,1.0
2021,CAB0148,Intra-Asia,carrier,2009,12,23,4190.0,6,None,545.4,529.7,64.7,1,25,69,0,19.0,fishing_anchor,1,0.0
2022,CAB0148,Intra-Asia,carrier,2009,13,23,4190.0,6,None,545.4,545.4,41.0,1,25,70,0,20.6,none,0,0.0
2023,CAB0148,Intra-Asia,carrier,2009,14,23,4190.0,6,None,545.4,545.4,50.6,1,25,70,0,22.2,none,0,0.0
2024,CAB0148,Intra-Asia,carrier,2009,15,23,4190.0,6,None,545.4,545.4,63.4,1,25,75,0,23.8,none,0,0.0
2025,CAB0148,Intra-Asia,carrier,2009,16,23,4190.0,6,None,545.4,545.4,75.9,1,25,77,0,25.4,none,0,0.0
2026,CAB0148,Intra-Asia,carrier,2009,17,23,4190.0,6,None,545.4,545.4,99.2,1,25,77,0,27.0,none,0,
2015,CAB0149,Indian-Ocean,hyperscaler,2001,14,4,10493.0,3,Suez,49.1,49.1,75.5,0,25,31,1,85.7,none,0,1.0
2016,CAB0149,Indian-Ocean,hyperscaler,2001,15,4,10493.0,3,Suez,49.1,49.1,60.4,0,25,33,1,87.3,fishing_anchor,1,0.0
2017,CAB0149,Indian-Ocean,hyperscaler,2001,16,4,10493.0,3,Suez,49.1,49.1,95.2,0,25,33,1,88.9,none,0,0.0
2018,CAB0149,Indian-Ocean,hyperscaler,2001,17,4,10493.0,3,Suez,49.1,49.1,67.2,0,25,35,1,90.5,none,0,1.0
2019,CAB0149,Indian-Ocean,hyperscaler,2001,18,4,10493.0,3,Suez,49.1,49.1,100.0,0,25,35,1,92.1,fishing_anchor,1,1.0
2020,CAB0149,Indian-Ocean,hyperscaler,2001,19,4,10493.0,3,Suez,49.1,49.1,94.9,0,25,36,1,93.7,fishing_anchor,1,1.0
2021,CAB0149,Indian-Ocean,hyperscaler,2001,20,4,10493.0,3,Suez,49.1,49.1,81.2,0,25,39,1,95.2,fishing_anchor,1,1.0
2022,CAB0149,Indian-Ocean,hyperscaler,2001,21,4,10493.0,3,Suez,49.1,49.1,100.0,0,25,39,1,96.8,fishing_anchor,1,1.0
2023,CAB0149,Indian-Ocean,hyperscaler,2001,22,4,10493.0,3,Suez,49.1,49.1,65.5,0,25,40,0,78.6,natural_hazard,1,0.0
2024,CAB0149,Indian-Ocean,hyperscaler,2001,23,4,10493.0,3,Suez,49.1,49.1,55.1,0,25,41,0,80.2,none,0,0.0
2025,CAB0149,Indian-Ocean,hyperscaler,2001,24,4,10493.0,3,Suez,49.1,49.1,62.1,0,25,44,0,81.7,none,0,1.0
2026,CAB0149,Indian-Ocean,hyperscaler,2001,25,4,10493.0,3,Suez,49.1,49.1,84.1,0,25,43,0,83.3,suspected_external,1,
2015,CAB0150,Trans-Atlantic,carrier,2013,2,27,7476.0,6,None,794.6,293.9,36.0,0,25,33,1,38.9,none,0,0.0
2016,CAB0150,Trans-Atlantic,carrier,2013,3,27,7476.0,6,None,794.6,293.3,42.5,0,25,37,1,40.5,none,0,0.0
2017,CAB0150,Trans-Atlantic,carrier,2013,4,27,7476.0,6,None,794.6,395.9,62.3,0,25,37,1,42.1,none,0,1.0
2018,CAB0150,Trans-Atlantic,carrier,2013,5,27,7476.0,6,None,794.6,432.4,37.1,0,25,40,0,23.8,fishing_anchor,1,0.0
2019,CAB0150,Trans-Atlantic,carrier,2013,6,27,7476.0,6,None,794.6,517.9,45.8,0,25,45,0,25.4,none,0,0.0
2020,CAB0150,Trans-Atlantic,carrier,2013,7,27,7476.0,6,None,794.6,531.5,58.2,0,25,48,0,27.0,none,0,0.0
2021,CAB0150,Trans-Atlantic,carrier,2013,8,27,7476.0,6,None,794.6,553.8,59.2,0,25,50,0,28.6,none,0,0.0
2022,CAB0150,Trans-Atlantic,carrier,2013,9,27,7476.0,6,None,794.6,616.3,82.8,0,25,51,0,30.2,none,0,0.0
2023,CAB0150,Trans-Atlantic,carrier,2013,10,27,7476.0,6,None,794.6,642.1,78.3,0,25,54,0,31.7,none,0,0.0
2024,CAB0150,Trans-Atlantic,carrier,2013,11,27,7476.0,6,None,794.6,733.5,53.5,0,25,58,0,33.3,none,0,0.0
2025,CAB0150,Trans-Atlantic,carrier,2013,12,27,7476.0,6,None,794.6,759.4,44.0,0,25,62,0,34.9,none,0,0.0
2026,CAB0150,Trans-Atlantic,carrier,2013,13,27,7476.0,6,None,794.6,794.6,65.6,0,25,63,0,36.5,none,0,
2015,CAB0151,Indian-Ocean,government,2006,9,14,9685.0,5,None,272.0,209.1,53.8,0,25,31,1,50.0,fishing_anchor,1,0.0
2016,CAB0151,Indian-Ocean,government,2006,10,14,9685.0,5,None,272.0,248.2,72.9,0,25,33,1,51.6,none,0,0.0
2017,CAB0151,Indian-Ocean,government,2006,11,14,9685.0,5,None,272.0,260.5,64.2,0,25,33,1,53.2,none,0,1.0
2018,CAB0151,Indian-Ocean,government,2006,12,14,9685.0,5,None,272.0,257.9,73.9,0,25,35,1,54.8,fishing_anchor,1,0.0
2019,CAB0151,Indian-Ocean,government,2006,13,14,9685.0,5,None,272.0,272.0,42.3,0,25,35,1,56.3,none,0,1.0
2020,CAB0151,Indian-Ocean,government,2006,14,14,9685.0,5,None,272.0,272.0,88.2,0,25,36,1,57.9,fishing_anchor,1,0.0
2021,CAB0151,Indian-Ocean,government,2006,15,14,9685.0,5,None,272.0,272.0,52.2,0,25,39,1,59.5,none,0,0.0
2022,CAB0151,Indian-Ocean,government,2006,16,14,9685.0,5,None,272.0,272.0,53.8,0,25,39,1,61.1,none,0,0.0
2023,CAB0151,Indian-Ocean,government,2006,17,14,9685.0,5,None,272.0,272.0,72.9,0,25,40,0,42.9,none,0,1.0
2024,CAB0151,Indian-Ocean,government,2006,18,14,9685.0,5,None,272.0,272.0,91.6,0,25,41,0,44.4,fishing_anchor,1,1.0
2025,CAB0151,Indian-Ocean,government,2006,19,14,9685.0,5,None,272.0,272.0,66.1,0,25,44,0,46.0,fishing_anchor,1,0.0
2026,CAB0151,Indian-Ocean,government,2006,20,14,9685.0,5,None,272.0,272.0,100.0,0,25,43,0,47.6,none,0,
2015,CAB0152,Intra-Asia,consortium,1998,17,14,2231.0,4,Malacca,112.0,112.0,78.1,0,25,53,0,70.6,suspected_external,1,1.0
2016,CAB0152,Intra-Asia,consortium,1998,18,14,2231.0,4,Malacca,112.0,112.0,63.7,0,25,59,0,72.2,natural_hazard,1,1.0
2017,CAB0152,Intra-Asia,consortium,1998,19,14,2231.0,4,Malacca,112.0,112.0,100.0,0,25,60,0,73.8,fishing_anchor,1,1.0
2018,CAB0152,Intra-Asia,consortium,1998,20,14,2231.0,4,Malacca,112.0,112.0,66.5,0,25,62,0,75.4,fishing_anchor,1,0.0
2019,CAB0152,Intra-Asia,consortium,1998,21,14,2231.0,4,Malacca,112.0,112.0,95.2,0,25,64,0,77.0,none,0,1.0
2020,CAB0152,Intra-Asia,consortium,1998,22,14,2231.0,4,Malacca,112.0,112.0,81.8,0,25,66,0,78.6,natural_hazard,1,0.0
2021,CAB0152,Intra-Asia,consortium,1998,23,14,2231.0,4,Malacca,112.0,112.0,69.5,0,25,69,0,80.2,none,0,1.0
2022,CAB0152,Intra-Asia,consortium,1998,24,14,2231.0,4,Malacca,112.0,112.0,58.8,0,25,70,0,81.7,equipment,1,1.0
2023,CAB0152,Intra-Asia,consortium,1998,25,14,2231.0,4,Malacca,112.0,112.0,96.0,0,25,70,0,83.3,fishing_anchor,1,
2015,CAB0153,Intra-Pacific-Islands,consortium,2000,15,4,3034.0,7,None,43.4,43.4,53.8,1,25,28,1,43.7,none,0,0.0
2016,CAB0153,Intra-Pacific-Islands,consortium,2000,16,4,3034.0,7,None,43.4,43.4,63.5,1,25,29,1,45.2,none,0,1.0
2017,CAB0153,Intra-Pacific-Islands,consortium,2000,17,4,3034.0,7,None,43.4,43.4,68.9,1,25,29,1,46.8,fishing_anchor,1,1.0
2018,CAB0153,Intra-Pacific-Islands,consortium,2000,18,4,3034.0,7,None,43.4,43.4,69.3,1,25,30,1,48.4,fishing_anchor,1,1.0
2019,CAB0153,Intra-Pacific-Islands,consortium,2000,19,4,3034.0,7,None,43.4,43.4,57.6,1,25,35,1,50.0,suspected_external,1,0.0
2020,CAB0153,Intra-Pacific-Islands,consortium,2000,20,4,3034.0,7,None,43.4,43.4,88.5,1,25,40,0,31.7,none,0,0.0
2021,CAB0153,Intra-Pacific-Islands,consortium,2000,21,4,3034.0,7,None,43.4,43.4,73.6,1,25,41,0,33.3,none,0,0.0
2022,CAB0153,Intra-Pacific-Islands,consortium,2000,22,4,3034.0,7,None,43.4,43.4,94.7,1,25,43,0,34.9,none,0,0.0
2023,CAB0153,Intra-Pacific-Islands,consortium,2000,23,4,3034.0,7,None,43.4,43.4,66.6,1,25,45,0,36.5,none,0,0.0
2024,CAB0153,Intra-Pacific-Islands,consortium,2000,24,4,3034.0,7,None,43.4,43.4,74.6,1,25,48,0,38.1,none,0,0.0
2025,CAB0153,Intra-Pacific-Islands,consortium,2000,25,4,3034.0,7,None,43.4,43.4,60.7,1,25,50,0,39.7,none,0,0.0
2026,CAB0153,Intra-Pacific-Islands,consortium,2000,26,4,3034.0,7,None,43.4,43.4,70.1,1,25,51,0,41.3,none,0,
2015,CAB0154,Intra-Asia,consortium,2003,12,4,4924.0,4,Luzon-Strait,60.6,58.0,53.6,0,25,53,0,62.7,none,0,1.0
2016,CAB0154,Intra-Asia,consortium,2003,13,4,4924.0,4,Luzon-Strait,60.6,60.6,57.3,0,25,59,0,64.3,fishing_anchor,1,0.0
2017,CAB0154,Intra-Asia,consortium,2003,14,4,4924.0,4,Luzon-Strait,60.6,60.6,74.1,0,25,60,0,65.9,none,0,0.0
2018,CAB0154,Intra-Asia,consortium,2003,15,4,4924.0,4,Luzon-Strait,60.6,60.6,37.8,0,25,62,0,67.5,none,0,0.0
2019,CAB0154,Intra-Asia,consortium,2003,16,4,4924.0,4,Luzon-Strait,60.6,60.6,78.8,0,25,64,0,69.0,none,0,0.0
2020,CAB0154,Intra-Asia,consortium,2003,17,4,4924.0,4,Luzon-Strait,60.6,60.6,68.6,0,25,66,0,70.6,none,0,0.0
2021,CAB0154,Intra-Asia,consortium,2003,18,4,4924.0,4,Luzon-Strait,60.6,60.6,51.9,0,25,69,0,72.2,none,0,1.0
2022,CAB0154,Intra-Asia,consortium,2003,19,4,4924.0,4,Luzon-Strait,60.6,60.6,100.0,0,25,70,0,73.8,fishing_anchor,1,1.0
2023,CAB0154,Intra-Asia,consortium,2003,20,4,4924.0,4,Luzon-Strait,60.6,60.6,88.3,0,25,70,0,75.4,equipment,1,0.0
2024,CAB0154,Intra-Asia,consortium,2003,21,4,4924.0,4,Luzon-Strait,60.6,60.6,100.0,0,25,75,0,77.0,none,0,0.0
2025,CAB0154,Intra-Asia,consortium,2003,22,4,4924.0,4,Luzon-Strait,60.6,60.6,74.0,0,25,77,0,78.6,none,0,0.0
2026,CAB0154,Intra-Asia,consortium,2003,23,4,4924.0,4,Luzon-Strait,60.6,60.6,88.2,0,25,77,0,80.2,none,0,
2015,CAB0155,Indian-Ocean,carrier,1999,16,10,9410.0,4,Suez,94.3,94.3,73.1,0,25,31,1,88.9,none,0,0.0
2016,CAB0155,Indian-Ocean,carrier,1999,17,10,9410.0,4,Suez,94.3,94.3,79.2,0,25,33,1,90.5,none,0,0.0
2017,CAB0155,Indian-Ocean,carrier,1999,18,10,9410.0,4,Suez,94.3,94.3,54.8,0,25,33,1,92.1,none,0,0.0
2018,CAB0155,Indian-Ocean,carrier,1999,19,10,9410.0,4,Suez,94.3,94.3,75.8,0,25,35,1,93.7,none,0,1.0
2019,CAB0155,Indian-Ocean,carrier,1999,20,10,9410.0,4,Suez,94.3,94.3,100.0,0,25,35,1,95.2,fishing_anchor,1,0.0
2020,CAB0155,Indian-Ocean,carrier,1999,21,10,9410.0,4,Suez,94.3,94.3,91.0,0,25,36,1,96.8,none,0,0.0
2021,CAB0155,Indian-Ocean,carrier,1999,22,10,9410.0,4,Suez,94.3,94.3,64.3,0,25,39,1,98.4,none,0,1.0
2022,CAB0155,Indian-Ocean,carrier,1999,23,10,9410.0,4,Suez,94.3,94.3,64.5,0,25,39,1,100.0,fishing_anchor,1,0.0
2023,CAB0155,Indian-Ocean,carrier,1999,24,10,9410.0,4,Suez,94.3,94.3,56.2,0,25,40,0,81.7,none,0,0.0
2024,CAB0155,Indian-Ocean,carrier,1999,25,10,9410.0,4,Suez,94.3,94.3,81.9,0,25,41,0,83.3,none,0,1.0
2025,CAB0155,Indian-Ocean,carrier,1999,26,10,9410.0,4,Suez,94.3,94.3,82.6,0,25,44,0,84.9,natural_hazard,1,
2015,CAB0156,Trans-Pacific,government,2007,8,5,11577.0,4,None,104.3,81.7,65.6,1,25,35,1,32.5,none,0,0.0
2016,CAB0156,Trans-Pacific,government,2007,9,5,11577.0,4,None,104.3,72.4,94.8,1,25,37,1,34.1,none,0,0.0
2017,CAB0156,Trans-Pacific,government,2007,10,5,11577.0,4,None,104.3,84.8,43.5,1,25,38,1,35.7,none,0,0.0
2018,CAB0156,Trans-Pacific,government,2007,11,5,11577.0,4,None,104.3,88.3,70.5,1,25,39,1,37.3,none,0,0.0
2019,CAB0156,Trans-Pacific,government,2007,12,5,11577.0,4,None,104.3,94.1,77.6,1,25,41,0,19.0,none,0,0.0
2020,CAB0156,Trans-Pacific,government,2007,13,5,11577.0,4,None,104.3,104.3,51.0,1,25,42,0,20.6,none,0,0.0
2021,CAB0156,Trans-Pacific,government,2007,14,5,11577.0,4,None,104.3,104.3,61.8,1,25,43,0,22.2,none,0,0.0
2022,CAB0156,Trans-Pacific,government,2007,15,5,11577.0,4,None,104.3,104.3,46.2,1,25,45,0,23.8,none,0,0.0
2023,CAB0156,Trans-Pacific,government,2007,16,5,11577.0,4,None,104.3,104.3,65.7,1,25,47,0,25.4,none,0,0.0
2024,CAB0156,Trans-Pacific,government,2007,17,5,11577.0,4,None,104.3,104.3,67.2,1,25,49,0,27.0,none,0,0.0
2025,CAB0156,Trans-Pacific,government,2007,18,5,11577.0,4,None,104.3,104.3,95.1,1,25,50,0,28.6,none,0,0.0
2026,CAB0156,Trans-Pacific,government,2007,19,5,11577.0,4,None,104.3,104.3,97.7,1,25,48,0,30.2,none,0,
2015,CAB0157,Intra-Europe,consortium,2000,15,5,2429.0,4,None,54.3,54.3,55.0,1,25,41,0,23.8,fishing_anchor,1,0.0
2016,CAB0157,Intra-Europe,consortium,2000,16,5,2429.0,4,None,54.3,54.3,47.1,1,25,42,0,25.4,none,0,0.0
2017,CAB0157,Intra-Europe,consortium,2000,17,5,2429.0,4,None,54.3,54.3,59.3,1,25,44,0,27.0,none,0,1.0
2018,CAB0157,Intra-Europe,consortium,2000,18,5,2429.0,4,None,54.3,54.3,100.0,1,25,45,0,28.6,fishing_anchor,1,0.0
2019,CAB0157,Intra-Europe,consortium,2000,19,5,2429.0,4,None,54.3,54.3,93.8,1,25,47,0,30.2,none,0,1.0
2020,CAB0157,Intra-Europe,consortium,2000,20,5,2429.0,4,None,54.3,54.3,82.7,1,25,49,0,31.7,equipment,1,0.0
2021,CAB0157,Intra-Europe,consortium,2000,21,5,2429.0,4,None,54.3,54.3,70.4,1,25,49,0,33.3,none,0,1.0
2022,CAB0157,Intra-Europe,consortium,2000,22,5,2429.0,4,None,54.3,54.3,100.0,1,25,52,0,34.9,fishing_anchor,1,0.0
2023,CAB0157,Intra-Europe,consortium,2000,23,5,2429.0,4,None,54.3,54.3,100.0,1,25,53,0,36.5,none,0,0.0
2024,CAB0157,Intra-Europe,consortium,2000,24,5,2429.0,4,None,54.3,54.3,100.0,1,25,53,0,38.1,none,0,0.0
2025,CAB0157,Intra-Europe,consortium,2000,25,5,2429.0,4,None,54.3,54.3,100.0,1,25,58,0,39.7,none,0,
2015,CAB0158,EMEA-Asia,hyperscaler,2002,13,8,15647.0,5,None,109.7,109.7,100.0,1,25,27,1,40.5,none,0,1.0
2016,CAB0158,EMEA-Asia,hyperscaler,2002,14,8,15647.0,5,None,109.7,109.7,61.1,1,25,29,1,42.1,fishing_anchor,1,1.0
2017,CAB0158,EMEA-Asia,hyperscaler,2002,15,8,15647.0,5,None,109.7,109.7,100.0,1,25,32,1,43.7,fishing_anchor,1,0.0
2018,CAB0158,EMEA-Asia,hyperscaler,2002,16,8,15647.0,5,None,109.7,109.7,56.4,1,25,34,1,45.2,none,0,1.0
2019,CAB0158,EMEA-Asia,hyperscaler,2002,17,8,15647.0,5,None,109.7,109.7,83.6,1,25,37,1,46.8,natural_hazard,1,0.0
2020,CAB0158,EMEA-Asia,hyperscaler,2002,18,8,15647.0,5,None,109.7,109.7,48.4,1,25,40,0,28.6,none,0,1.0
2021,CAB0158,EMEA-Asia,hyperscaler,2002,19,8,15647.0,5,None,109.7,109.7,87.2,1,25,44,0,30.2,fishing_anchor,1,0.0
2022,CAB0158,EMEA-Asia,hyperscaler,2002,20,8,15647.0,5,None,109.7,109.7,100.0,1,25,45,0,31.7,none,0,1.0
2023,CAB0158,EMEA-Asia,hyperscaler,2002,21,8,15647.0,5,None,109.7,109.7,77.2,1,25,47,0,33.3,suspected_external,1,0.0
2024,CAB0158,EMEA-Asia,hyperscaler,2002,22,8,15647.0,5,None,109.7,109.7,86.4,1,25,48,0,34.9,none,0,0.0
2025,CAB0158,EMEA-Asia,hyperscaler,2002,23,8,15647.0,5,None,109.7,109.7,77.6,1,25,47,0,36.5,none,0,0.0
2026,CAB0158,EMEA-Asia,hyperscaler,2002,24,8,15647.0,5,None,109.7,109.7,51.8,1,25,47,0,38.1,none,0,
2015,CAB0159,Intra-Pacific-Islands,consortium,1999,16,3,3754.0,5,None,28.3,28.3,95.2,0,25,28,1,61.1,none,0,1.0
2016,CAB0159,Intra-Pacific-Islands,consortium,1999,17,3,3754.0,5,None,28.3,28.3,89.4,0,25,29,1,62.7,fishing_anchor,1,0.0
2017,CAB0159,Intra-Pacific-Islands,consortium,1999,18,3,3754.0,5,None,28.3,28.3,99.6,0,25,29,1,64.3,none,0,0.0
2018,CAB0159,Intra-Pacific-Islands,consortium,1999,19,3,3754.0,5,None,28.3,28.3,68.3,0,25,30,1,65.9,none,0,0.0
2019,CAB0159,Intra-Pacific-Islands,consortium,1999,20,3,3754.0,5,None,28.3,28.3,100.0,0,25,35,1,67.5,none,0,0.0
2020,CAB0159,Intra-Pacific-Islands,consortium,1999,21,3,3754.0,5,None,28.3,28.3,65.5,0,25,40,0,49.2,none,0,0.0
2021,CAB0159,Intra-Pacific-Islands,consortium,1999,22,3,3754.0,5,None,28.3,28.3,81.9,0,25,41,0,50.8,none,0,0.0
2022,CAB0159,Intra-Pacific-Islands,consortium,1999,23,3,3754.0,5,None,28.3,28.3,62.2,0,25,43,0,52.4,none,0,0.0
2023,CAB0159,Intra-Pacific-Islands,consortium,1999,24,3,3754.0,5,None,28.3,28.3,100.0,0,25,45,0,54.0,none,0,1.0
2024,CAB0159,Intra-Pacific-Islands,consortium,1999,25,3,3754.0,5,None,28.3,28.3,100.0,0,25,48,0,55.6,equipment,1,1.0
2025,CAB0159,Intra-Pacific-Islands,consortium,1999,26,3,3754.0,5,None,28.3,28.3,80.5,0,25,50,0,57.1,fishing_anchor,1,
2015,CAB0160,Intra-Asia,hyperscaler,2008,7,5,3829.0,8,None,111.4,78.7,55.7,0,25,53,0,27.0,none,0,0.0
2016,CAB0160,Intra-Asia,hyperscaler,2008,8,5,3829.0,8,None,111.4,88.2,54.6,0,25,59,0,28.6,none,0,0.0
2017,CAB0160,Intra-Asia,hyperscaler,2008,9,5,3829.0,8,None,111.4,91.8,65.1,0,25,60,0,30.2,none,0,0.0
2018,CAB0160,Intra-Asia,hyperscaler,2008,10,5,3829.0,8,None,111.4,87.9,57.4,0,25,62,0,31.7,none,0,0.0
2019,CAB0160,Intra-Asia,hyperscaler,2008,11,5,3829.0,8,None,111.4,107.6,49.1,0,25,64,0,33.3,none,0,0.0
2020,CAB0160,Intra-Asia,hyperscaler,2008,12,5,3829.0,8,None,111.4,111.4,100.0,0,25,66,0,34.9,none,0,0.0
2021,CAB0160,Intra-Asia,hyperscaler,2008,13,5,3829.0,8,None,111.4,111.4,54.7,0,25,69,0,36.5,none,0,0.0
2022,CAB0160,Intra-Asia,hyperscaler,2008,14,5,3829.0,8,None,111.4,111.4,79.3,0,25,70,0,38.1,none,0,0.0
2023,CAB0160,Intra-Asia,hyperscaler,2008,15,5,3829.0,8,None,111.4,111.4,73.9,0,25,70,0,39.7,none,0,0.0
2024,CAB0160,Intra-Asia,hyperscaler,2008,16,5,3829.0,8,None,111.4,111.4,89.6,0,25,75,0,41.3,none,0,0.0
2025,CAB0160,Intra-Asia,hyperscaler,2008,17,5,3829.0,8,None,111.4,111.4,69.6,0,25,77,0,42.9,none,0,0.0
2026,CAB0160,Intra-Asia,hyperscaler,2008,18,5,3829.0,8,None,111.4,111.4,50.3,0,25,77,0,44.4,none,0,
2026,CAB0161,Intra-Asia,consortium,2026,0,38,5128.0,6,Malacca,1824.0,505.3,76.4,1,25,77,0,27.8,none,0,
2016,CAB0162,Intra-Pacific-Islands,government,2016,0,7,845.0,4,None,236.0,77.4,27.8,1,25,29,1,19.8,none,0,0.0
2017,CAB0162,Intra-Pacific-Islands,government,2016,1,7,845.0,4,None,236.0,84.1,27.2,1,25,29,1,21.4,none,0,0.0
2018,CAB0162,Intra-Pacific-Islands,government,2016,2,7,845.0,4,None,236.0,62.5,15.2,1,25,30,1,23.0,none,0,0.0
2019,CAB0162,Intra-Pacific-Islands,government,2016,3,7,845.0,4,None,236.0,106.2,51.2,1,25,35,1,24.6,none,0,0.0
2020,CAB0162,Intra-Pacific-Islands,government,2016,4,7,845.0,4,None,236.0,107.6,21.9,1,25,40,0,6.3,none,0,0.0
2021,CAB0162,Intra-Pacific-Islands,government,2016,5,7,845.0,4,None,236.0,113.5,39.8,1,25,41,0,7.9,none,0,0.0
2022,CAB0162,Intra-Pacific-Islands,government,2016,6,7,845.0,4,None,236.0,123.4,20.9,1,25,43,0,9.5,none,0,0.0
2023,CAB0162,Intra-Pacific-Islands,government,2016,7,7,845.0,4,None,236.0,143.9,79.0,1,25,45,0,11.1,none,0,0.0
2024,CAB0162,Intra-Pacific-Islands,government,2016,8,7,845.0,4,None,236.0,173.2,81.4,1,25,48,0,12.7,none,0,0.0
2025,CAB0162,Intra-Pacific-Islands,government,2016,9,7,845.0,4,None,236.0,176.1,72.1,1,25,50,0,14.3,none,0,0.0
2026,CAB0162,Intra-Pacific-Islands,government,2016,10,7,845.0,4,None,236.0,207.5,71.7,1,25,51,0,15.9,none,0,
2025,CAB0163,Intra-Pacific-Islands,government,2025,0,25,191.0,5,None,1164.3,167.9,8.6,0,25,50,0,15.9,none,0,0.0
2026,CAB0163,Intra-Pacific-Islands,government,2025,1,25,191.0,5,None,1164.3,298.3,33.4,0,25,51,0,17.5,none,0,
2015,CAB0164,Trans-Pacific,consortium,2008,7,7,14668.0,4,None,156.0,102.3,51.1,0,25,35,1,46.8,none,0,0.0
2016,CAB0164,Trans-Pacific,consortium,2008,8,7,14668.0,4,None,156.0,120.3,29.2,0,25,37,1,48.4,none,0,1.0
2017,CAB0164,Trans-Pacific,consortium,2008,9,7,14668.0,4,None,156.0,115.8,98.1,0,25,38,1,50.0,suspected_external,1,1.0
2018,CAB0164,Trans-Pacific,consortium,2008,10,7,14668.0,4,None,156.0,134.2,67.9,0,25,39,1,51.6,fishing_anchor,1,0.0
2019,CAB0164,Trans-Pacific,consortium,2008,11,7,14668.0,4,None,156.0,141.0,85.9,0,25,41,0,33.3,none,0,1.0
2020,CAB0164,Trans-Pacific,consortium,2008,12,7,14668.0,4,None,156.0,148.6,71.3,0,25,42,0,34.9,fishing_anchor,1,0.0
2021,CAB0164,Trans-Pacific,consortium,2008,13,7,14668.0,4,None,156.0,149.2,41.0,0,25,43,0,36.5,none,0,0.0
2022,CAB0164,Trans-Pacific,consortium,2008,14,7,14668.0,4,None,156.0,156.0,72.3,0,25,45,0,38.1,none,0,0.0
2023,CAB0164,Trans-Pacific,consortium,2008,15,7,14668.0,4,None,156.0,156.0,68.8,0,25,47,0,39.7,none,0,1.0
2024,CAB0164,Trans-Pacific,consortium,2008,16,7,14668.0,4,None,156.0,156.0,81.3,0,25,49,0,41.3,natural_hazard,1,0.0
2025,CAB0164,Trans-Pacific,consortium,2008,17,7,14668.0,4,None,156.0,156.0,54.1,0,25,50,0,42.9,none,0,1.0
2026,CAB0164,Trans-Pacific,consortium,2008,18,7,14668.0,4,None,156.0,156.0,45.1,0,25,48,0,44.4,fishing_anchor,1,
2015,CAB0165,Intra-Asia,consortium,2012,3,4,2886.0,7,None,112.0,44.1,41.6,1,25,53,0,4.8,none,0,0.0
2016,CAB0165,Intra-Asia,consortium,2012,4,4,2886.0,7,None,112.0,61.2,81.4,1,25,59,0,6.3,none,0,0.0
2017,CAB0165,Intra-Asia,consortium,2012,5,4,2886.0,7,None,112.0,61.6,12.8,1,25,60,0,7.9,none,0,0.0
2018,CAB0165,Intra-Asia,consortium,2012,6,4,2886.0,7,None,112.0,63.6,65.4,1,25,62,0,9.5,none,0,0.0
2019,CAB0165,Intra-Asia,consortium,2012,7,4,2886.0,7,None,112.0,81.9,46.0,1,25,64,0,11.1,none,0,0.0
2020,CAB0165,Intra-Asia,consortium,2012,8,4,2886.0,7,None,112.0,74.6,51.2,1,25,66,0,12.7,none,0,0.0
2021,CAB0165,Intra-Asia,consortium,2012,9,4,2886.0,7,None,112.0,81.6,28.7,1,25,69,0,14.3,none,0,0.0
2022,CAB0165,Intra-Asia,consortium,2012,10,4,2886.0,7,None,112.0,100.1,62.8,1,25,70,0,15.9,none,0,1.0
2023,CAB0165,Intra-Asia,consortium,2012,11,4,2886.0,7,None,112.0,109.1,42.8,1,25,70,0,17.5,equipment,1,0.0
2024,CAB0165,Intra-Asia,consortium,2012,12,4,2886.0,7,None,112.0,109.4,85.7,1,25,75,0,19.0,none,0,0.0
2025,CAB0165,Intra-Asia,consortium,2012,13,4,2886.0,7,None,112.0,112.0,39.3,1,25,77,0,20.6,none,0,0.0
2026,CAB0165,Intra-Asia,consortium,2012,14,4,2886.0,7,None,112.0,112.0,90.2,1,25,77,0,22.2,none,0,
2023,CAB0166,Intra-Europe,consortium,2023,0,11,2164.0,4,None,480.9,90.9,71.4,0,25,53,0,15.9,none,0,0.0
2024,CAB0166,Intra-Europe,consortium,2023,1,11,2164.0,4,None,480.9,151.3,68.4,0,25,53,0,17.5,none,0,0.0
2025,CAB0166,Intra-Europe,consortium,2023,2,11,2164.0,4,None,480.9,160.6,69.3,0,25,58,0,19.0,none,0,0.0
2026,CAB0166,Intra-Europe,consortium,2023,3,11,2164.0,4,None,480.9,191.9,19.5,0,25,60,0,20.6,none,0,
2015,CAB0167,Africa-Coastal,consortium,1998,17,3,10859.0,5,None,24.0,24.0,100.0,0,25,36,1,62.7,none,0,0.0
2016,CAB0167,Africa-Coastal,consortium,1998,18,3,10859.0,5,None,24.0,24.0,76.9,0,25,37,1,64.3,none,0,0.0
2017,CAB0167,Africa-Coastal,consortium,1998,19,3,10859.0,5,None,24.0,24.0,96.4,0,25,40,0,46.0,none,0,0.0
2018,CAB0167,Africa-Coastal,consortium,1998,20,3,10859.0,5,None,24.0,24.0,56.8,0,25,40,0,47.6,none,0,0.0
2019,CAB0167,Africa-Coastal,consortium,1998,21,3,10859.0,5,None,24.0,24.0,86.4,0,25,42,0,49.2,none,0,0.0
2020,CAB0167,Africa-Coastal,consortium,1998,22,3,10859.0,5,None,24.0,24.0,49.7,0,25,43,0,50.8,none,0,0.0
2021,CAB0167,Africa-Coastal,consortium,1998,23,3,10859.0,5,None,24.0,24.0,89.1,0,25,44,0,52.4,none,0,0.0
2022,CAB0167,Africa-Coastal,consortium,1998,24,3,10859.0,5,None,24.0,24.0,85.8,0,25,45,0,54.0,none,0,0.0
2023,CAB0167,Africa-Coastal,consortium,1998,25,3,10859.0,5,None,24.0,24.0,100.0,0,25,47,0,55.6,none,0,0.0
2024,CAB0167,Africa-Coastal,consortium,1998,26,3,10859.0,5,None,24.0,24.0,95.1,0,25,49,0,57.1,none,0,0.0
2025,CAB0167,Africa-Coastal,consortium,1998,27,3,10859.0,5,None,24.0,24.0,100.0,0,25,52,0,58.7,none,0,0.0
2026,CAB0167,Africa-Coastal,consortium,1998,28,3,10859.0,5,None,24.0,24.0,100.0,0,25,53,0,60.3,none,0,
2019,CAB0168,Intra-Pacific-Islands,carrier,2019,0,21,2572.0,6,None,798.0,255.7,1.0,0,25,35,1,35.7,none,0,0.0
2020,CAB0168,Intra-Pacific-Islands,carrier,2019,1,21,2572.0,6,None,798.0,233.0,50.6,0,25,40,0,17.5,none,0,0.0
2021,CAB0168,Intra-Pacific-Islands,carrier,2019,2,21,2572.0,6,None,798.0,280.1,63.3,0,25,41,0,19.0,none,0,0.0
2022,CAB0168,Intra-Pacific-Islands,carrier,2019,3,21,2572.0,6,None,798.0,306.2,28.6,0,25,43,0,20.6,none,0,0.0
2023,CAB0168,Intra-Pacific-Islands,carrier,2019,4,21,2572.0,6,None,798.0,454.7,34.1,0,25,45,0,22.2,none,0,1.0
2024,CAB0168,Intra-Pacific-Islands,carrier,2019,5,21,2572.0,6,None,798.0,409.8,22.6,0,25,48,0,23.8,natural_hazard,1,0.0
2025,CAB0168,Intra-Pacific-Islands,carrier,2019,6,21,2572.0,6,None,798.0,532.2,100.0,0,25,50,0,25.4,none,0,1.0
2026,CAB0168,Intra-Pacific-Islands,carrier,2019,7,21,2572.0,6,None,798.0,507.5,36.5,0,25,51,0,27.0,fishing_anchor,1,
2015,CAB0169,Indian-Ocean,government,2004,11,6,4630.0,5,None,99.4,94.4,59.0,1,25,31,1,37.3,none,0,0.0
2016,CAB0169,Indian-Ocean,government,2004,12,6,4630.0,5,None,99.4,94.2,65.3,1,25,33,1,38.9,none,0,0.0
2017,CAB0169,Indian-Ocean,government,2004,13,6,4630.0,5,None,99.4,96.3,35.5,1,25,33,1,40.5,none,0,0.0
2018,CAB0169,Indian-Ocean,government,2004,14,6,4630.0,5,None,99.4,99.4,88.5,1,25,35,1,42.1,none,0,1.0
2019,CAB0169,Indian-Ocean,government,2004,15,6,4630.0,5,None,99.4,99.4,58.7,1,25,35,1,43.7,fishing_anchor,1,0.0
2020,CAB0169,Indian-Ocean,government,2004,16,6,4630.0,5,None,99.4,99.4,74.9,1,25,36,1,45.2,none,0,0.0
2021,CAB0169,Indian-Ocean,government,2004,17,6,4630.0,5,None,99.4,99.4,53.3,1,25,39,1,46.8,none,0,0.0
2022,CAB0169,Indian-Ocean,government,2004,18,6,4630.0,5,None,99.4,99.4,86.9,1,25,39,1,48.4,none,0,0.0
2023,CAB0169,Indian-Ocean,government,2004,19,6,4630.0,5,None,99.4,99.4,86.8,1,25,40,0,30.2,none,0,0.0
2024,CAB0169,Indian-Ocean,government,2004,20,6,4630.0,5,None,99.4,99.4,81.5,1,25,41,0,31.7,none,0,0.0
2025,CAB0169,Indian-Ocean,government,2004,21,6,4630.0,5,None,99.4,99.4,100.0,1,25,44,0,33.3,none,0,0.0
2026,CAB0169,Indian-Ocean,government,2004,22,6,4630.0,5,None,99.4,99.4,58.8,1,25,43,0,34.9,none,0,
2015,CAB0170,Trans-Atlantic,consortium,2015,0,4,6489.0,3,None,129.1,25.5,31.6,0,25,33,1,35.7,none,0,0.0
2016,CAB0170,Trans-Atlantic,consortium,2015,1,4,6489.0,3,None,129.1,39.4,17.2,0,25,37,1,37.3,none,0,0.0
2017,CAB0170,Trans-Atlantic,consortium,2015,2,4,6489.0,3,None,129.1,50.9,13.4,0,25,37,1,38.9,none,0,0.0
2018,CAB0170,Trans-Atlantic,consortium,2015,3,4,6489.0,3,None,129.1,48.2,32.2,0,25,40,0,20.6,none,0,0.0
2019,CAB0170,Trans-Atlantic,consortium,2015,4,4,6489.0,3,None,129.1,58.2,64.8,0,25,45,0,22.2,none,0,0.0
2020,CAB0170,Trans-Atlantic,consortium,2015,5,4,6489.0,3,None,129.1,63.6,41.6,0,25,48,0,23.8,none,0,0.0
2021,CAB0170,Trans-Atlantic,consortium,2015,6,4,6489.0,3,None,129.1,73.7,53.7,0,25,50,0,25.4,none,0,0.0
2022,CAB0170,Trans-Atlantic,consortium,2015,7,4,6489.0,3,None,129.1,87.1,26.5,0,25,51,0,27.0,none,0,0.0
2023,CAB0170,Trans-Atlantic,consortium,2015,8,4,6489.0,3,None,129.1,105.4,69.5,0,25,54,0,28.6,none,0,0.0
2024,CAB0170,Trans-Atlantic,consortium,2015,9,4,6489.0,3,None,129.1,103.2,28.3,0,25,58,0,30.2,none,0,0.0
2025,CAB0170,Trans-Atlantic,consortium,2015,10,4,6489.0,3,None,129.1,113.0,58.7,0,25,62,0,31.7,none,0,0.0
2026,CAB0170,Trans-Atlantic,consortium,2015,11,4,6489.0,3,None,129.1,121.9,88.8,0,25,63,0,33.3,none,0,
2024,CAB0171,Trans-Atlantic,consortium,2024,0,48,6800.0,9,None,2166.9,528.6,12.5,1,25,58,0,0.0,none,0,1.0
2025,CAB0171,Trans-Atlantic,consortium,2024,1,48,6800.0,9,None,2166.9,622.9,27.5,1,25,62,0,1.6,fishing_anchor,1,0.0
2026,CAB0171,Trans-Atlantic,consortium,2024,2,48,6800.0,9,None,2166.9,748.0,43.3,1,25,63,0,3.2,none,0,
2018,CAB0172,EMEA-Asia,carrier,2018,0,7,8219.0,3,None,256.0,72.1,27.1,0,25,34,1,35.7,none,0,0.0
2019,CAB0172,EMEA-Asia,carrier,2018,1,7,8219.0,3,None,256.0,68.0,24.9,0,25,37,1,37.3,none,0,1.0
2020,CAB0172,EMEA-Asia,carrier,2018,2,7,8219.0,3,None,256.0,106.8,58.3,0,25,40,0,19.0,fishing_anchor,1,0.0
2021,CAB0172,EMEA-Asia,carrier,2018,3,7,8219.0,3,None,256.0,116.7,10.3,0,25,44,0,20.6,none,0,0.0
2022,CAB0172,EMEA-Asia,carrier,2018,4,7,8219.0,3,None,256.0,128.0,63.5,0,25,45,0,22.2,none,0,0.0
2023,CAB0172,EMEA-Asia,carrier,2018,5,7,8219.0,3,None,256.0,152.6,51.4,0,25,47,0,23.8,none,0,0.0
2024,CAB0172,EMEA-Asia,carrier,2018,6,7,8219.0,3,None,256.0,169.0,34.8,0,25,48,0,25.4,none,0,1.0
2025,CAB0172,EMEA-Asia,carrier,2018,7,7,8219.0,3,None,256.0,178.5,31.0,0,25,47,0,27.0,natural_hazard,1,0.0
2026,CAB0172,EMEA-Asia,carrier,2018,8,7,8219.0,3,None,256.0,171.9,30.3,0,25,47,0,28.6,none,0,
2015,CAB0173,Trans-Pacific,consortium,2009,6,5,11018.0,7,None,118.6,67.9,51.5,0,25,35,1,45.2,fishing_anchor,1,0.0
2016,CAB0173,Trans-Pacific,consortium,2009,7,5,11018.0,7,None,118.6,77.2,53.5,0,25,37,1,46.8,none,0,0.0
2017,CAB0173,Trans-Pacific,consortium,2009,8,5,11018.0,7,None,118.6,96.5,83.0,0,25,38,1,48.4,none,0,0.0
2018,CAB0173,Trans-Pacific,consortium,2009,9,5,11018.0,7,None,118.6,100.2,69.0,0,25,39,1,50.0,none,0,0.0
2019,CAB0173,Trans-Pacific,consortium,2009,10,5,11018.0,7,None,118.6,95.6,49.7,0,25,41,0,31.7,none,0,0.0
2020,CAB0173,Trans-Pacific,consortium,2009,11,5,11018.0,7,None,118.6,118.6,64.8,0,25,42,0,33.3,none,0,1.0
2021,CAB0173,Trans-Pacific,consortium,2009,12,5,11018.0,7,None,118.6,106.9,60.9,0,25,43,0,34.9,suspected_external,1,0.0
2022,CAB0173,Trans-Pacific,consortium,2009,13,5,11018.0,7,None,118.6,118.6,60.7,0,25,45,0,36.5,none,0,1.0
2023,CAB0173,Trans-Pacific,consortium,2009,14,5,11018.0,7,None,118.6,118.6,42.0,0,25,47,0,38.1,fishing_anchor,1,1.0
2024,CAB0173,Trans-Pacific,consortium,2009,15,5,11018.0,7,None,118.6,118.6,90.1,0,25,49,0,39.7,fishing_anchor,1,0.0
2025,CAB0173,Trans-Pacific,consortium,2009,16,5,11018.0,7,None,118.6,118.6,88.9,0,25,50,0,41.3,none,0,1.0
2026,CAB0173,Trans-Pacific,consortium,2009,17,5,11018.0,7,None,118.6,118.6,93.0,0,25,48,0,42.9,equipment,1,
2020,CAB0174,Trans-Pacific,hyperscaler,2020,0,11,14421.0,5,None,433.7,128.7,29.8,1,25,42,0,0.0,fishing_anchor,1,0.0
2021,CAB0174,Trans-Pacific,hyperscaler,2020,1,11,14421.0,5,None,433.7,117.8,47.2,1,25,43,0,1.6,none,0,0.0
2022,CAB0174,Trans-Pacific,hyperscaler,2020,2,11,14421.0,5,None,433.7,152.4,84.8,1,25,45,0,3.2,none,0,0.0
2023,CAB0174,Trans-Pacific,hyperscaler,2020,3,11,14421.0,5,None,433.7,186.4,29.8,1,25,47,0,4.8,none,0,1.0
2024,CAB0174,Trans-Pacific,hyperscaler,2020,4,11,14421.0,5,None,433.7,201.8,43.6,1,25,49,0,6.3,fishing_anchor,1,0.0
2025,CAB0174,Trans-Pacific,hyperscaler,2020,5,11,14421.0,5,None,433.7,202.4,61.5,1,25,50,0,7.9,none,0,0.0
2026,CAB0174,Trans-Pacific,hyperscaler,2020,6,11,14421.0,5,None,433.7,251.1,69.3,1,25,48,0,9.5,none,0,
2015,CAB0175,Intra-Europe,consortium,2011,4,6,2749.0,4,None,159.4,95.6,27.2,1,25,41,0,6.3,none,0,0.0
2016,CAB0175,Intra-Europe,consortium,2011,5,6,2749.0,4,None,159.4,84.2,44.9,1,25,42,0,7.9,none,0,0.0
2017,CAB0175,Intra-Europe,consortium,2011,6,6,2749.0,4,None,159.4,95.9,54.0,1,25,44,0,9.5,none,0,0.0
2018,CAB0175,Intra-Europe,consortium,2011,7,6,2749.0,4,None,159.4,101.8,49.2,1,25,45,0,11.1,none,0,0.0
2019,CAB0175,Intra-Europe,consortium,2011,8,6,2749.0,4,None,159.4,122.7,58.5,1,25,47,0,12.7,none,0,0.0
2020,CAB0175,Intra-Europe,consortium,2011,9,6,2749.0,4,None,159.4,127.7,72.8,1,25,49,0,14.3,none,0,0.0
2021,CAB0175,Intra-Europe,consortium,2011,10,6,2749.0,4,None,159.4,142.9,39.3,1,25,49,0,15.9,none,0,0.0
2022,CAB0175,Intra-Europe,consortium,2011,11,6,2749.0,4,None,159.4,142.9,69.1,1,25,52,0,17.5,none,0,0.0
2023,CAB0175,Intra-Europe,consortium,2011,12,6,2749.0,4,None,159.4,154.2,63.5,1,25,53,0,19.0,none,0,0.0
2024,CAB0175,Intra-Europe,consortium,2011,13,6,2749.0,4,None,159.4,159.4,80.9,1,25,53,0,20.6,none,0,0.0
2025,CAB0175,Intra-Europe,consortium,2011,14,6,2749.0,4,None,159.4,159.4,69.5,1,25,58,0,22.2,none,0,0.0
2026,CAB0175,Intra-Europe,consortium,2011,15,6,2749.0,4,None,159.4,159.4,46.8,1,25,60,0,23.8,none,0,
2015,CAB0176,Trans-Pacific,consortium,2014,1,7,11224.0,2,None,216.0,60.5,30.8,1,25,35,1,33.3,natural_hazard,1,0.0
2016,CAB0176,Trans-Pacific,consortium,2014,2,7,11224.0,2,None,216.0,88.1,18.5,1,25,37,1,34.9,none,0,0.0
2017,CAB0176,Trans-Pacific,consortium,2014,3,7,11224.0,2,None,216.0,99.4,44.3,1,25,38,1,36.5,none,0,0.0
2018,CAB0176,Trans-Pacific,consortium,2014,4,7,11224.0,2,None,216.0,125.1,66.1,1,25,39,1,38.1,none,0,1.0
2019,CAB0176,Trans-Pacific,consortium,2014,5,7,11224.0,2,None,216.0,103.2,26.2,1,25,41,0,19.8,equipment,1,0.0
2020,CAB0176,Trans-Pacific,consortium,2014,6,7,11224.0,2,None,216.0,127.7,33.8,1,25,42,0,21.4,none,0,0.0
2021,CAB0176,Trans-Pacific,consortium,2014,7,7,11224.0,2,None,216.0,140.0,30.4,1,25,43,0,23.0,none,0,0.0
2022,CAB0176,Trans-Pacific,consortium,2014,8,7,11224.0,2,None,216.0,160.0,47.0,1,25,45,0,24.6,none,0,0.0
2023,CAB0176,Trans-Pacific,consortium,2014,9,7,11224.0,2,None,216.0,163.4,43.5,1,25,47,0,26.2,none,0,0.0
2024,CAB0176,Trans-Pacific,consortium,2014,10,7,11224.0,2,None,216.0,184.4,80.1,1,25,49,0,27.8,none,0,0.0
2025,CAB0176,Trans-Pacific,consortium,2014,11,7,11224.0,2,None,216.0,211.0,41.0,1,25,50,0,29.4,none,0,0.0
2026,CAB0176,Trans-Pacific,consortium,2014,12,7,11224.0,2,None,216.0,199.1,85.0,1,25,48,0,31.0,none,0,
2015,CAB0177,Intra-Asia,hyperscaler,2007,8,14,2944.0,4,Taiwan-Strait,292.0,200.0,58.8,0,25,53,0,56.3,none,0,1.0
2016,CAB0177,Intra-Asia,hyperscaler,2007,9,14,2944.0,4,Taiwan-Strait,292.0,232.1,73.3,0,25,59,0,57.9,suspected_external,1,0.0
2017,CAB0177,Intra-Asia,hyperscaler,2007,10,14,2944.0,4,Taiwan-Strait,292.0,226.8,46.6,0,25,60,0,59.5,none,0,0.0
2018,CAB0177,Intra-Asia,hyperscaler,2007,11,14,2944.0,4,Taiwan-Strait,292.0,281.4,62.4,0,25,62,0,61.1,none,0,0.0
2019,CAB0177,Intra-Asia,hyperscaler,2007,12,14,2944.0,4,Taiwan-Strait,292.0,285.2,55.3,0,25,64,0,62.7,none,0,0.0
2020,CAB0177,Intra-Asia,hyperscaler,2007,13,14,2944.0,4,Taiwan-Strait,292.0,278.0,100.0,0,25,66,0,64.3,none,0,0.0
2021,CAB0177,Intra-Asia,hyperscaler,2007,14,14,2944.0,4,Taiwan-Strait,292.0,292.0,60.3,0,25,69,0,65.9,none,0,0.0
2022,CAB0177,Intra-Asia,hyperscaler,2007,15,14,2944.0,4,Taiwan-Strait,292.0,292.0,100.0,0,25,70,0,67.5,none,0,0.0
2023,CAB0177,Intra-Asia,hyperscaler,2007,16,14,2944.0,4,Taiwan-Strait,292.0,292.0,87.8,0,25,70,0,69.0,none,0,0.0
2024,CAB0177,Intra-Asia,hyperscaler,2007,17,14,2944.0,4,Taiwan-Strait,292.0,292.0,46.6,0,25,75,0,70.6,none,0,0.0
2025,CAB0177,Intra-Asia,hyperscaler,2007,18,14,2944.0,4,Taiwan-Strait,292.0,292.0,65.1,0,25,77,0,72.2,none,0,0.0
2026,CAB0177,Intra-Asia,hyperscaler,2007,19,14,2944.0,4,Taiwan-Strait,292.0,292.0,100.0,0,25,77,0,73.8,none,0,
2023,CAB0178,Intra-Pacific-Islands,carrier,2023,0,23,851.0,4,None,1005.4,260.1,43.0,1,25,45,0,0.0,none,0,0.0
2024,CAB0178,Intra-Pacific-Islands,carrier,2023,1,23,851.0,4,None,1005.4,410.9,70.0,1,25,48,0,1.6,none,0,0.0
2025,CAB0178,Intra-Pacific-Islands,carrier,2023,2,23,851.0,4,None,1005.4,444.8,69.3,1,25,50,0,3.2,none,0,0.0
2026,CAB0178,Intra-Pacific-Islands,carrier,2023,3,23,851.0,4,None,1005.4,406.6,57.2,1,25,51,0,4.8,none,0,
2015,CAB0179,Americas,carrier,2009,6,5,7686.0,7,None,118.6,65.4,30.9,1,25,28,1,29.4,fishing_anchor,1,0.0
2016,CAB0179,Americas,carrier,2009,7,5,7686.0,7,None,118.6,75.6,30.5,1,25,29,1,31.0,none,0,0.0
2017,CAB0179,Americas,carrier,2009,8,5,7686.0,7,None,118.6,96.2,63.7,1,25,29,1,32.5,none,0,1.0
2018,CAB0179,Americas,carrier,2009,9,5,7686.0,7,None,118.6,89.3,39.6,1,25,31,1,34.1,fishing_anchor,1,0.0
2019,CAB0179,Americas,carrier,2009,10,5,7686.0,7,None,118.6,110.3,32.9,1,25,32,1,35.7,none,0,0.0
2020,CAB0179,Americas,carrier,2009,11,5,7686.0,7,None,118.6,104.9,39.0,1,25,33,1,37.3,none,0,0.0
2021,CAB0179,Americas,carrier,2009,12,5,7686.0,7,None,118.6,118.1,95.4,1,25,37,1,38.9,none,0,0.0
2022,CAB0179,Americas,carrier,2009,13,5,7686.0,7,None,118.6,118.6,41.7,1,25,37,1,40.5,none,0,0.0
2023,CAB0179,Americas,carrier,2009,14,5,7686.0,7,None,118.6,118.6,69.8,1,25,37,1,42.1,none,0,1.0
2024,CAB0179,Americas,carrier,2009,15,5,7686.0,7,None,118.6,118.6,70.0,1,25,39,1,43.7,fishing_anchor,1,0.0
2025,CAB0179,Americas,carrier,2009,16,5,7686.0,7,None,118.6,118.6,90.4,1,25,39,1,45.2,none,0,0.0
2026,CAB0179,Americas,carrier,2009,17,5,7686.0,7,None,118.6,118.6,53.9,1,25,40,0,27.0,none,0,
2015,CAB0180,EMEA-Asia,hyperscaler,2003,12,12,17190.0,8,Malacca,181.7,166.8,77.2,0,25,27,1,82.5,fishing_anchor,1,1.0
2016,CAB0180,EMEA-Asia,hyperscaler,2003,13,12,17190.0,8,Malacca,181.7,173.3,76.0,0,25,29,1,84.1,equipment,1,1.0
2017,CAB0180,EMEA-Asia,hyperscaler,2003,14,12,17190.0,8,Malacca,181.7,181.6,53.0,0,25,32,1,85.7,fishing_anchor,1,0.0
2018,CAB0180,EMEA-Asia,hyperscaler,2003,15,12,17190.0,8,Malacca,181.7,181.7,72.3,0,25,34,1,87.3,none,0,1.0
2019,CAB0180,EMEA-Asia,hyperscaler,2003,16,12,17190.0,8,Malacca,181.7,181.7,64.8,0,25,37,1,88.9,suspected_external,1,1.0
2020,CAB0180,EMEA-Asia,hyperscaler,2003,17,12,17190.0,8,Malacca,181.7,181.7,69.3,0,25,40,0,70.6,fishing_anchor,1,0.0
2021,CAB0180,EMEA-Asia,hyperscaler,2003,18,12,17190.0,8,Malacca,181.7,181.7,45.1,0,25,44,0,72.2,none,0,1.0
2022,CAB0180,EMEA-Asia,hyperscaler,2003,19,12,17190.0,8,Malacca,181.7,181.7,100.0,0,25,45,0,73.8,suspected_external,1,1.0
2023,CAB0180,EMEA-Asia,hyperscaler,2003,20,12,17190.0,8,Malacca,181.7,181.7,87.6,0,25,47,0,75.4,fishing_anchor,1,1.0
2024,CAB0180,EMEA-Asia,hyperscaler,2003,21,12,17190.0,8,Malacca,181.7,181.7,53.2,0,25,48,0,77.0,fishing_anchor,1,0.0
2025,CAB0180,EMEA-Asia,hyperscaler,2003,22,12,17190.0,8,Malacca,181.7,181.7,88.3,0,25,47,0,78.6,none,0,1.0
2026,CAB0180,EMEA-Asia,hyperscaler,2003,23,12,17190.0,8,Malacca,181.7,181.7,58.6,0,25,47,0,80.2,fishing_anchor,1,
2023,CAB0181,Trans-Pacific,hyperscaler,2023,0,17,10976.0,4,None,743.1,164.7,23.8,0,25,47,0,15.9,natural_hazard,1,0.0
2024,CAB0181,Trans-Pacific,hyperscaler,2023,1,17,10976.0,4,None,743.1,240.0,9.7,0,25,49,0,17.5,none,0,1.0
2025,CAB0181,Trans-Pacific,hyperscaler,2023,2,17,10976.0,4,None,743.1,242.9,13.4,0,25,50,0,19.0,fishing_anchor,1,1.0
2026,CAB0181,Trans-Pacific,hyperscaler,2023,3,17,10976.0,4,None,743.1,269.0,41.9,0,25,48,0,20.6,suspected_external,1,
2015,CAB0182,EMEA-Asia,carrier,1999,16,2,17701.0,7,Hormuz,18.9,18.9,92.7,0,25,27,1,88.9,none,0,1.0
2016,CAB0182,EMEA-Asia,carrier,1999,17,2,17701.0,7,Hormuz,18.9,18.9,100.0,0,25,29,1,90.5,fishing_anchor,1,1.0
2017,CAB0182,EMEA-Asia,carrier,1999,18,2,17701.0,7,Hormuz,18.9,18.9,63.0,0,25,32,1,92.1,fishing_anchor,1,0.0
2018,CAB0182,EMEA-Asia,carrier,1999,19,2,17701.0,7,Hormuz,18.9,18.9,100.0,0,25,34,1,93.7,none,0,1.0
2019,CAB0182,EMEA-Asia,carrier,1999,20,2,17701.0,7,Hormuz,18.9,18.9,75.0,0,25,37,1,95.2,equipment,1,0.0
2020,CAB0182,EMEA-Asia,carrier,1999,21,2,17701.0,7,Hormuz,18.9,18.9,100.0,0,25,40,0,77.0,none,0,1.0
2021,CAB0182,EMEA-Asia,carrier,1999,22,2,17701.0,7,Hormuz,18.9,18.9,96.0,0,25,44,0,78.6,fishing_anchor,1,0.0
2022,CAB0182,EMEA-Asia,carrier,1999,23,2,17701.0,7,Hormuz,18.9,18.9,92.0,0,25,45,0,80.2,none,0,1.0
2023,CAB0182,EMEA-Asia,carrier,1999,24,2,17701.0,7,Hormuz,18.9,18.9,100.0,0,25,47,0,81.7,fishing_anchor,1,1.0
2024,CAB0182,EMEA-Asia,carrier,1999,25,2,17701.0,7,Hormuz,18.9,18.9,86.3,0,25,48,0,83.3,natural_hazard,1,1.0
2025,CAB0182,EMEA-Asia,carrier,1999,26,2,17701.0,7,Hormuz,18.9,18.9,100.0,0,25,47,0,84.9,fishing_anchor,1,0.0
2026,CAB0182,EMEA-Asia,carrier,1999,27,2,17701.0,7,Hormuz,18.9,18.9,100.0,0,25,47,0,86.5,none,0,
2019,CAB0183,EMEA-Asia,consortium,2019,0,48,12923.0,6,Suez,1824.0,652.9,64.3,0,25,37,1,63.5,none,0,0.0
2020,CAB0183,EMEA-Asia,consortium,2019,1,48,12923.0,6,Suez,1824.0,523.3,65.3,0,25,40,0,45.2,none,0,0.0
2021,CAB0183,EMEA-Asia,consortium,2019,2,48,12923.0,6,Suez,1824.0,578.4,59.6,0,25,44,0,46.8,none,0,0.0
2022,CAB0183,EMEA-Asia,consortium,2019,3,48,12923.0,6,Suez,1824.0,652.2,50.6,0,25,45,0,48.4,none,0,1.0
2023,CAB0183,EMEA-Asia,consortium,2019,4,48,12923.0,6,Suez,1824.0,919.4,40.5,0,25,47,0,50.0,equipment,1,0.0
2024,CAB0183,EMEA-Asia,consortium,2019,5,48,12923.0,6,Suez,1824.0,930.9,56.1,0,25,48,0,51.6,none,0,0.0
2025,CAB0183,EMEA-Asia,consortium,2019,6,48,12923.0,6,Suez,1824.0,1012.9,70.9,0,25,47,0,53.2,none,0,0.0
2026,CAB0183,EMEA-Asia,consortium,2019,7,48,12923.0,6,Suez,1824.0,1055.1,51.2,0,25,47,0,54.8,none,0,
2022,CAB0184,Intra-Europe,consortium,2022,0,8,1892.0,6,None,338.3,87.5,54.3,0,25,52,0,15.9,none,0,0.0
2023,CAB0184,Intra-Europe,consortium,2022,1,8,1892.0,6,None,338.3,98.7,55.0,0,25,53,0,17.5,none,0,0.0
2024,CAB0184,Intra-Europe,consortium,2022,2,8,1892.0,6,None,338.3,117.4,59.8,0,25,53,0,19.0,none,0,0.0
2025,CAB0184,Intra-Europe,consortium,2022,3,8,1892.0,6,None,338.3,126.6,57.2,0,25,58,0,20.6,none,0,0.0
2026,CAB0184,Intra-Europe,consortium,2022,4,8,1892.0,6,None,338.3,159.1,71.2,0,25,60,0,22.2,none,0,
2019,CAB0185,EMEA-Asia,hyperscaler,2019,0,8,8064.0,5,Malacca,304.0,87.6,24.5,1,25,37,1,47.6,none,0,0.0
2020,CAB0185,EMEA-Asia,hyperscaler,2019,1,8,8064.0,5,Malacca,304.0,111.7,63.6,1,25,40,0,29.4,none,0,0.0
2021,CAB0185,EMEA-Asia,hyperscaler,2019,2,8,8064.0,5,Malacca,304.0,132.9,59.5,1,25,44,0,31.0,none,0,0.0
2022,CAB0185,EMEA-Asia,hyperscaler,2019,3,8,8064.0,5,Malacca,304.0,159.6,38.1,1,25,45,0,32.5,none,0,0.0
2023,CAB0185,EMEA-Asia,hyperscaler,2019,4,8,8064.0,5,Malacca,304.0,136.3,28.6,1,25,47,0,34.1,none,0,0.0
2024,CAB0185,EMEA-Asia,hyperscaler,2019,5,8,8064.0,5,Malacca,304.0,178.2,79.7,1,25,48,0,35.7,none,0,0.0
2025,CAB0185,EMEA-Asia,hyperscaler,2019,6,8,8064.0,5,Malacca,304.0,181.7,33.6,1,25,47,0,37.3,none,0,0.0
2026,CAB0185,EMEA-Asia,hyperscaler,2019,7,8,8064.0,5,Malacca,304.0,185.5,84.7,1,25,47,0,38.9,none,0,
2015,CAB0186,Intra-Europe,government,2011,4,6,1537.0,3,None,159.4,89.6,47.2,1,25,41,0,6.3,none,0,0.0
2016,CAB0186,Intra-Europe,government,2011,5,6,1537.0,3,None,159.4,79.4,47.7,1,25,42,0,7.9,none,0,0.0
2017,CAB0186,Intra-Europe,government,2011,6,6,1537.0,3,None,159.4,101.2,31.2,1,25,44,0,9.5,none,0,0.0
2018,CAB0186,Intra-Europe,government,2011,7,6,1537.0,3,None,159.4,121.8,41.0,1,25,45,0,11.1,none,0,0.0
2019,CAB0186,Intra-Europe,government,2011,8,6,1537.0,3,None,159.4,119.9,55.2,1,25,47,0,12.7,none,0,0.0
2020,CAB0186,Intra-Europe,government,2011,9,6,1537.0,3,None,159.4,122.0,80.7,1,25,49,0,14.3,none,0,0.0
2021,CAB0186,Intra-Europe,government,2011,10,6,1537.0,3,None,159.4,132.2,29.4,1,25,49,0,15.9,none,0,0.0
2022,CAB0186,Intra-Europe,government,2011,11,6,1537.0,3,None,159.4,134.3,37.0,1,25,52,0,17.5,none,0,0.0
2023,CAB0186,Intra-Europe,government,2011,12,6,1537.0,3,None,159.4,145.9,36.9,1,25,53,0,19.0,none,0,0.0
2024,CAB0186,Intra-Europe,government,2011,13,6,1537.0,3,None,159.4,159.4,40.7,1,25,53,0,20.6,none,0,0.0
2025,CAB0186,Intra-Europe,government,2011,14,6,1537.0,3,None,159.4,159.4,87.8,1,25,58,0,22.2,none,0,0.0
2026,CAB0186,Intra-Europe,government,2011,15,6,1537.0,3,None,159.4,159.4,100.0,1,25,60,0,23.8,none,0,
2015,CAB0187,Trans-Pacific,hyperscaler,2014,1,14,13086.0,5,None,432.0,153.7,54.1,1,25,35,1,21.4,none,0,0.0
2016,CAB0187,Trans-Pacific,hyperscaler,2014,2,14,13086.0,5,None,432.0,149.1,89.4,1,25,37,1,23.0,none,0,1.0
2017,CAB0187,Trans-Pacific,hyperscaler,2014,3,14,13086.0,5,None,432.0,212.2,26.7,1,25,38,1,24.6,equipment,1,0.0
2018,CAB0187,Trans-Pacific,hyperscaler,2014,4,14,13086.0,5,None,432.0,212.2,52.8,1,25,39,1,26.2,none,0,0.0
2019,CAB0187,Trans-Pacific,hyperscaler,2014,5,14,13086.0,5,None,432.0,258.2,61.4,1,25,41,0,7.9,none,0,0.0
2020,CAB0187,Trans-Pacific,hyperscaler,2014,6,14,13086.0,5,None,432.0,269.6,56.8,1,25,42,0,9.5,none,0,0.0
2021,CAB0187,Trans-Pacific,hyperscaler,2014,7,14,13086.0,5,None,432.0,298.5,39.0,1,25,43,0,11.1,none,0,0.0
2022,CAB0187,Trans-Pacific,hyperscaler,2014,8,14,13086.0,5,None,432.0,324.4,77.8,1,25,45,0,12.7,none,0,0.0
2023,CAB0187,Trans-Pacific,hyperscaler,2014,9,14,13086.0,5,None,432.0,319.9,58.0,1,25,47,0,14.3,none,0,0.0
2024,CAB0187,Trans-Pacific,hyperscaler,2014,10,14,13086.0,5,None,432.0,365.3,60.5,1,25,49,0,15.9,none,0,0.0
2025,CAB0187,Trans-Pacific,hyperscaler,2014,11,14,13086.0,5,None,432.0,417.3,68.5,1,25,50,0,17.5,none,0,0.0
2026,CAB0187,Trans-Pacific,hyperscaler,2014,12,14,13086.0,5,None,432.0,422.3,82.2,1,25,48,0,19.0,none,0,
2015,CAB0188,Africa-Coastal,hyperscaler,2007,8,22,10594.0,2,None,458.9,318.6,75.3,1,25,36,1,44.4,none,0,0.0
2016,CAB0188,Africa-Coastal,hyperscaler,2007,9,22,10594.0,2,None,458.9,376.2,80.3,1,25,37,1,46.0,none,0,0.0
2017,CAB0188,Africa-Coastal,hyperscaler,2007,10,22,10594.0,2,None,458.9,342.8,37.6,1,25,40,0,27.8,none,0,0.0
2018,CAB0188,Africa-Coastal,hyperscaler,2007,11,22,10594.0,2,None,458.9,382.9,42.8,1,25,40,0,29.4,none,0,0.0
2019,CAB0188,Africa-Coastal,hyperscaler,2007,12,22,10594.0,2,None,458.9,458.9,80.9,1,25,42,0,31.0,none,0,0.0
2020,CAB0188,Africa-Coastal,hyperscaler,2007,13,22,10594.0,2,None,458.9,434.3,56.6,1,25,43,0,32.5,none,0,0.0
2021,CAB0188,Africa-Coastal,hyperscaler,2007,14,22,10594.0,2,None,458.9,458.9,100.0,1,25,44,0,34.1,none,0,0.0
2022,CAB0188,Africa-Coastal,hyperscaler,2007,15,22,10594.0,2,None,458.9,458.9,61.7,1,25,45,0,35.7,none,0,0.0
2023,CAB0188,Africa-Coastal,hyperscaler,2007,16,22,10594.0,2,None,458.9,458.9,77.2,1,25,47,0,37.3,none,0,0.0
2024,CAB0188,Africa-Coastal,hyperscaler,2007,17,22,10594.0,2,None,458.9,458.9,100.0,1,25,49,0,38.9,none,0,0.0
2025,CAB0188,Africa-Coastal,hyperscaler,2007,18,22,10594.0,2,None,458.9,458.9,55.7,1,25,52,0,40.5,none,0,0.0
2026,CAB0188,Africa-Coastal,hyperscaler,2007,19,22,10594.0,2,None,458.9,458.9,98.4,1,25,53,0,42.1,none,0,
2019,CAB0189,Intra-Pacific-Islands,consortium,2019,0,8,2875.0,2,None,304.0,96.5,60.3,1,25,35,1,31.7,none,0,0.0
2020,CAB0189,Intra-Pacific-Islands,consortium,2019,1,8,2875.0,2,None,304.0,95.8,16.4,1,25,40,0,13.5,none,0,0.0
2021,CAB0189,Intra-Pacific-Islands,consortium,2019,2,8,2875.0,2,None,304.0,69.0,52.6,1,25,41,0,15.1,none,0,1.0
2022,CAB0189,Intra-Pacific-Islands,consortium,2019,3,8,2875.0,2,None,304.0,145.8,32.7,1,25,43,0,16.7,natural_hazard,1,0.0
2023,CAB0189,Intra-Pacific-Islands,consortium,2019,4,8,2875.0,2,None,304.0,159.2,70.3,1,25,45,0,18.3,none,0,1.0
2024,CAB0189,Intra-Pacific-Islands,consortium,2019,5,8,2875.0,2,None,304.0,150.0,49.2,1,25,48,0,19.8,fishing_anchor,1,1.0
2025,CAB0189,Intra-Pacific-Islands,consortium,2019,6,8,2875.0,2,None,304.0,192.3,75.4,1,25,50,0,21.4,fishing_anchor,1,0.0
2026,CAB0189,Intra-Pacific-Islands,consortium,2019,7,8,2875.0,2,None,304.0,204.7,90.0,1,25,51,0,23.0,none,0,
2019,CAB0190,Africa-Coastal,consortium,2019,0,10,10526.0,4,None,380.0,132.5,24.8,0,25,42,0,15.9,none,0,0.0
2020,CAB0190,Africa-Coastal,consortium,2019,1,10,10526.0,4,None,380.0,103.8,23.7,0,25,43,0,17.5,none,0,1.0
2021,CAB0190,Africa-Coastal,consortium,2019,2,10,10526.0,4,None,380.0,131.1,45.9,0,25,44,0,19.0,fishing_anchor,1,0.0
2022,CAB0190,Africa-Coastal,consortium,2019,3,10,10526.0,4,None,380.0,176.7,75.5,0,25,45,0,20.6,none,0,0.0
2023,CAB0190,Africa-Coastal,consortium,2019,4,10,10526.0,4,None,380.0,184.8,46.7,0,25,47,0,22.2,none,0,0.0
2024,CAB0190,Africa-Coastal,consortium,2019,5,10,10526.0,4,None,380.0,173.7,65.0,0,25,49,0,23.8,none,0,0.0
2025,CAB0190,Africa-Coastal,consortium,2019,6,10,10526.0,4,None,380.0,249.8,35.7,0,25,52,0,25.4,none,0,0.0
2026,CAB0190,Africa-Coastal,consortium,2019,7,10,10526.0,4,None,380.0,258.7,79.1,0,25,53,0,27.0,none,0,
2024,CAB0191,Intra-Asia,consortium,2024,0,9,6384.0,4,None,406.3,118.7,33.2,1,25,75,0,0.0,none,0,0.0
2025,CAB0191,Intra-Asia,consortium,2024,1,9,6384.0,4,None,406.3,139.6,36.3,1,25,77,0,1.6,none,0,0.0
2026,CAB0191,Intra-Asia,consortium,2024,2,9,6384.0,4,None,406.3,140.6,26.1,1,25,77,0,3.2,none,0,
2015,CAB0192,Trans-Atlantic,carrier,2001,14,5,7245.0,4,None,61.4,61.4,93.9,1,25,33,1,42.1,none,0,0.0
2016,CAB0192,Trans-Atlantic,carrier,2001,15,5,7245.0,4,None,61.4,61.4,100.0,1,25,37,1,43.7,none,0,0.0
2017,CAB0192,Trans-Atlantic,carrier,2001,16,5,7245.0,4,None,61.4,61.4,51.3,1,25,37,1,45.2,none,0,0.0
2018,CAB0192,Trans-Atlantic,carrier,2001,17,5,7245.0,4,None,61.4,61.4,85.6,1,25,40,0,27.0,none,0,0.0
2019,CAB0192,Trans-Atlantic,carrier,2001,18,5,7245.0,4,None,61.4,61.4,100.0,1,25,45,0,28.6,none,0,0.0
2020,CAB0192,Trans-Atlantic,carrier,2001,19,5,7245.0,4,None,61.4,61.4,79.2,1,25,48,0,30.2,none,0,0.0
2021,CAB0192,Trans-Atlantic,carrier,2001,20,5,7245.0,4,None,61.4,61.4,100.0,1,25,50,0,31.7,none,0,0.0
2022,CAB0192,Trans-Atlantic,carrier,2001,21,5,7245.0,4,None,61.4,61.4,71.6,1,25,51,0,33.3,none,0,0.0
2023,CAB0192,Trans-Atlantic,carrier,2001,22,5,7245.0,4,None,61.4,61.4,57.7,1,25,54,0,34.9,none,0,0.0
2024,CAB0192,Trans-Atlantic,carrier,2001,23,5,7245.0,4,None,61.4,61.4,67.0,1,25,58,0,36.5,none,0,0.0
2025,CAB0192,Trans-Atlantic,carrier,2001,24,5,7245.0,4,None,61.4,61.4,100.0,1,25,62,0,38.1,none,0,0.0
2026,CAB0192,Trans-Atlantic,carrier,2001,25,5,7245.0,4,None,61.4,61.4,86.7,1,25,63,0,39.7,none,0,
2025,CAB0193,Intra-Europe,carrier,2025,0,18,1167.0,5,None,838.3,189.7,73.0,0,25,58,0,15.9,none,0,0.0
2026,CAB0193,Intra-Europe,carrier,2025,1,18,1167.0,5,None,838.3,206.6,22.3,0,25,60,0,17.5,none,0,
2015,CAB0194,Intra-Pacific-Islands,carrier,2009,6,7,506.0,4,None,166.0,98.1,19.2,1,25,28,1,29.4,none,0,0.0
2016,CAB0194,Intra-Pacific-Islands,carrier,2009,7,7,506.0,4,None,166.0,115.2,45.1,1,25,29,1,31.0,none,0,1.0
2017,CAB0194,Intra-Pacific-Islands,carrier,2009,8,7,506.0,4,None,166.0,126.9,63.2,1,25,29,1,32.5,fishing_anchor,1,0.0
2018,CAB0194,Intra-Pacific-Islands,carrier,2009,9,7,506.0,4,None,166.0,125.7,80.6,1,25,30,1,34.1,none,0,0.0
2019,CAB0194,Intra-Pacific-Islands,carrier,2009,10,7,506.0,4,None,166.0,146.5,35.7,1,25,35,1,35.7,none,0,0.0
2020,CAB0194,Intra-Pacific-Islands,carrier,2009,11,7,506.0,4,None,166.0,153.8,50.2,1,25,40,0,17.5,none,0,0.0
2021,CAB0194,Intra-Pacific-Islands,carrier,2009,12,7,506.0,4,None,166.0,166.0,67.8,1,25,41,0,19.0,none,0,0.0
2022,CAB0194,Intra-Pacific-Islands,carrier,2009,13,7,506.0,4,None,166.0,166.0,69.7,1,25,43,0,20.6,none,0,0.0
2023,CAB0194,Intra-Pacific-Islands,carrier,2009,14,7,506.0,4,None,166.0,166.0,52.0,1,25,45,0,22.2,none,0,0.0
2024,CAB0194,Intra-Pacific-Islands,carrier,2009,15,7,506.0,4,None,166.0,166.0,100.0,1,25,48,0,23.8,none,0,1.0
2025,CAB0194,Intra-Pacific-Islands,carrier,2009,16,7,506.0,4,None,166.0,166.0,73.2,1,25,50,0,25.4,fishing_anchor,1,0.0
2026,CAB0194,Intra-Pacific-Islands,carrier,2009,17,7,506.0,4,None,166.0,166.0,42.7,1,25,51,0,27.0,none,0,
2015,CAB0195,Indian-Ocean,consortium,2001,14,8,10027.0,4,Bab-el-Mandeb,98.3,98.3,78.9,0,25,31,1,85.7,none,0,1.0
2016,CAB0195,Indian-Ocean,consortium,2001,15,8,10027.0,4,Bab-el-Mandeb,98.3,98.3,86.5,0,25,33,1,87.3,natural_hazard,1,1.0
2017,CAB0195,Indian-Ocean,consortium,2001,16,8,10027.0,4,Bab-el-Mandeb,98.3,98.3,100.0,0,25,33,1,88.9,fishing_anchor,1,0.0
2018,CAB0195,Indian-Ocean,consortium,2001,17,8,10027.0,4,Bab-el-Mandeb,98.3,98.3,93.7,0,25,35,1,90.5,none,0,1.0
2019,CAB0195,Indian-Ocean,consortium,2001,18,8,10027.0,4,Bab-el-Mandeb,98.3,98.3,52.8,0,25,35,1,92.1,fishing_anchor,1,1.0
2020,CAB0195,Indian-Ocean,consortium,2001,19,8,10027.0,4,Bab-el-Mandeb,98.3,98.3,100.0,0,25,36,1,93.7,fishing_anchor,1,0.0
2021,CAB0195,Indian-Ocean,consortium,2001,20,8,10027.0,4,Bab-el-Mandeb,98.3,98.3,65.8,0,25,39,1,95.2,none,0,0.0
2022,CAB0195,Indian-Ocean,consortium,2001,21,8,10027.0,4,Bab-el-Mandeb,98.3,98.3,100.0,0,25,39,1,96.8,none,0,1.0
2023,CAB0195,Indian-Ocean,consortium,2001,22,8,10027.0,4,Bab-el-Mandeb,98.3,98.3,99.2,0,25,40,0,78.6,suspected_external,1,0.0
2024,CAB0195,Indian-Ocean,consortium,2001,23,8,10027.0,4,Bab-el-Mandeb,98.3,98.3,77.5,0,25,41,0,80.2,none,0,0.0
2025,CAB0195,Indian-Ocean,consortium,2001,24,8,10027.0,4,Bab-el-Mandeb,98.3,98.3,88.5,0,25,44,0,81.7,none,0,1.0
2026,CAB0195,Indian-Ocean,consortium,2001,25,8,10027.0,4,Bab-el-Mandeb,98.3,98.3,85.8,0,25,43,0,83.3,fishing_anchor,1,
2015,CAB0196,Trans-Atlantic,carrier,2001,14,8,6219.0,3,None,98.3,98.3,40.5,0,25,33,1,57.9,none,0,0.0
2016,CAB0196,Trans-Atlantic,carrier,2001,15,8,6219.0,3,None,98.3,98.3,81.6,0,25,37,1,59.5,none,0,0.0
2017,CAB0196,Trans-Atlantic,carrier,2001,16,8,6219.0,3,None,98.3,98.3,68.4,0,25,37,1,61.1,none,0,0.0
2018,CAB0196,Trans-Atlantic,carrier,2001,17,8,6219.0,3,None,98.3,98.3,46.9,0,25,40,0,42.9,none,0,0.0
2019,CAB0196,Trans-Atlantic,carrier,2001,18,8,6219.0,3,None,98.3,98.3,57.8,0,25,45,0,44.4,none,0,1.0
2020,CAB0196,Trans-Atlantic,carrier,2001,19,8,6219.0,3,None,98.3,98.3,100.0,0,25,48,0,46.0,fishing_anchor,1,1.0
2021,CAB0196,Trans-Atlantic,carrier,2001,20,8,6219.0,3,None,98.3,98.3,77.3,0,25,50,0,47.6,suspected_external,1,0.0
2022,CAB0196,Trans-Atlantic,carrier,2001,21,8,6219.0,3,None,98.3,98.3,90.9,0,25,51,0,49.2,none,0,0.0
2023,CAB0196,Trans-Atlantic,carrier,2001,22,8,6219.0,3,None,98.3,98.3,100.0,0,25,54,0,50.8,none,0,0.0
2024,CAB0196,Trans-Atlantic,carrier,2001,23,8,6219.0,3,None,98.3,98.3,100.0,0,25,58,0,52.4,none,0,0.0
2025,CAB0196,Trans-Atlantic,carrier,2001,24,8,6219.0,3,None,98.3,98.3,100.0,0,25,62,0,54.0,none,0,0.0
2026,CAB0196,Trans-Atlantic,carrier,2001,25,8,6219.0,3,None,98.3,98.3,100.0,0,25,63,0,55.6,none,0,
2024,CAB0197,Trans-Atlantic,consortium,2024,0,9,5720.0,3,None,406.3,113.2,53.3,1,25,58,0,0.0,fishing_anchor,1,0.0
2025,CAB0197,Trans-Atlantic,consortium,2024,1,9,5720.0,3,None,406.3,101.4,67.7,1,25,62,0,1.6,none,0,0.0
2026,CAB0197,Trans-Atlantic,consortium,2024,2,9,5720.0,3,None,406.3,114.3,68.8,1,25,63,0,3.2,none,0,
2015,CAB0198,Trans-Atlantic,hyperscaler,2010,5,24,7324.0,6,None,603.4,273.8,82.3,0,25,33,1,43.7,natural_hazard,1,0.0
2016,CAB0198,Trans-Atlantic,hyperscaler,2010,6,24,7324.0,6,None,603.4,389.2,14.5,0,25,37,1,45.2,none,0,0.0
2017,CAB0198,Trans-Atlantic,hyperscaler,2010,7,24,7324.0,6,None,603.4,374.1,41.9,0,25,37,1,46.8,none,0,0.0
2018,CAB0198,Trans-Atlantic,hyperscaler,2010,8,24,7324.0,6,None,603.4,444.4,37.2,0,25,40,0,28.6,none,0,0.0
2019,CAB0198,Trans-Atlantic,hyperscaler,2010,9,24,7324.0,6,None,603.4,487.3,57.2,0,25,45,0,30.2,none,0,1.0
2020,CAB0198,Trans-Atlantic,hyperscaler,2010,10,24,7324.0,6,None,603.4,514.8,49.1,0,25,48,0,31.7,natural_hazard,1,0.0
2021,CAB0198,Trans-Atlantic,hyperscaler,2010,11,24,7324.0,6,None,603.4,568.2,38.4,0,25,50,0,33.3,none,0,0.0
2022,CAB0198,Trans-Atlantic,hyperscaler,2010,12,24,7324.0,6,None,603.4,585.2,52.5,0,25,51,0,34.9,none,0,1.0
2023,CAB0198,Trans-Atlantic,hyperscaler,2010,13,24,7324.0,6,None,603.4,603.4,100.0,0,25,54,0,36.5,fishing_anchor,1,0.0
2024,CAB0198,Trans-Atlantic,hyperscaler,2010,14,24,7324.0,6,None,603.4,603.4,85.7,0,25,58,0,38.1,none,0,0.0
2025,CAB0198,Trans-Atlantic,hyperscaler,2010,15,24,7324.0,6,None,603.4,603.4,56.0,0,25,62,0,39.7,none,0,0.0
2026,CAB0198,Trans-Atlantic,hyperscaler,2010,16,24,7324.0,6,None,603.4,603.4,100.0,0,25,63,0,41.3,none,0,
2015,CAB0199,Trans-Atlantic,consortium,2006,9,7,5687.0,4,None,136.0,102.7,97.6,0,25,33,1,50.0,none,0,0.0
2016,CAB0199,Trans-Atlantic,consortium,2006,10,7,5687.0,4,None,136.0,109.9,75.1,0,25,37,1,51.6,none,0,0.0
2017,CAB0199,Trans-Atlantic,consortium,2006,11,7,5687.0,4,None,136.0,120.9,28.9,0,25,37,1,53.2,none,0,0.0
2018,CAB0199,Trans-Atlantic,consortium,2006,12,7,5687.0,4,None,136.0,122.0,100.0,0,25,40,0,34.9,none,0,0.0
2019,CAB0199,Trans-Atlantic,consortium,2006,13,7,5687.0,4,None,136.0,136.0,67.6,0,25,45,0,36.5,none,0,0.0
2020,CAB0199,Trans-Atlantic,consortium,2006,14,7,5687.0,4,None,136.0,136.0,43.3,0,25,48,0,38.1,none,0,0.0
2021,CAB0199,Trans-Atlantic,consortium,2006,15,7,5687.0,4,None,136.0,136.0,59.6,0,25,50,0,39.7,none,0,0.0
2022,CAB0199,Trans-Atlantic,consortium,2006,16,7,5687.0,4,None,136.0,136.0,75.6,0,25,51,0,41.3,none,0,0.0
2023,CAB0199,Trans-Atlantic,consortium,2006,17,7,5687.0,4,None,136.0,136.0,62.0,0,25,54,0,42.9,none,0,0.0
2024,CAB0199,Trans-Atlantic,consortium,2006,18,7,5687.0,4,None,136.0,136.0,100.0,0,25,58,0,44.4,none,0,0.0
2025,CAB0199,Trans-Atlantic,consortium,2006,19,7,5687.0,4,None,136.0,136.0,57.5,0,25,62,0,46.0,none,0,1.0
2026,CAB0199,Trans-Atlantic,consortium,2006,20,7,5687.0,4,None,136.0,136.0,95.3,0,25,63,0,47.6,fishing_anchor,1,
2015,CAB0200,EMEA-Asia,carrier,2013,2,6,11299.0,3,None,176.6,59.3,82.2,1,25,27,1,23.0,none,0,1.0
2016,CAB0200,EMEA-Asia,carrier,2013,3,6,11299.0,3,None,176.6,74.7,46.1,1,25,29,1,24.6,fishing_anchor,1,0.0
2017,CAB0200,EMEA-Asia,carrier,2013,4,6,11299.0,3,None,176.6,102.0,37.7,1,25,32,1,26.2,none,0,0.0
2018,CAB0200,EMEA-Asia,carrier,2013,5,6,11299.0,3,None,176.6,89.5,86.5,1,25,34,1,27.8,none,0,0.0
2019,CAB0200,EMEA-Asia,carrier,2013,6,6,11299.0,3,None,176.6,101.0,41.8,1,25,37,1,29.4,none,0,0.0
2020,CAB0200,EMEA-Asia,carrier,2013,7,6,11299.0,3,None,176.6,125.8,53.3,1,25,40,0,11.1,none,0,0.0
2021,CAB0200,EMEA-Asia,carrier,2013,8,6,11299.0,3,None,176.6,135.3,65.1,1,25,44,0,12.7,none,0,0.0
2022,CAB0200,EMEA-Asia,carrier,2013,9,6,11299.0,3,None,176.6,146.0,100.0,1,25,45,0,14.3,none,0,1.0
2023,CAB0200,EMEA-Asia,carrier,2013,10,6,11299.0,3,None,176.6,147.7,97.9,1,25,47,0,15.9,fishing_anchor,1,0.0
2024,CAB0200,EMEA-Asia,carrier,2013,11,6,11299.0,3,None,176.6,169.9,63.1,1,25,48,0,17.5,none,0,0.0
2025,CAB0200,EMEA-Asia,carrier,2013,12,6,11299.0,3,None,176.6,172.4,33.9,1,25,47,0,19.0,none,0,0.0
2026,CAB0200,EMEA-Asia,carrier,2013,13,6,11299.0,3,None,176.6,176.3,45.5,1,25,47,0,20.6,none,0,
2023,CAB0201,Indian-Ocean,carrier,2023,0,17,4013.0,5,Bab-el-Mandeb,743.1,137.4,50.2,1,25,40,0,27.8,none,0,0.0
2024,CAB0201,Indian-Ocean,carrier,2023,1,17,4013.0,5,Bab-el-Mandeb,743.1,248.2,39.1,1,25,41,0,29.4,none,0,0.0
2025,CAB0201,Indian-Ocean,carrier,2023,2,17,4013.0,5,Bab-el-Mandeb,743.1,236.0,26.3,1,25,44,0,31.0,none,0,0.0
2026,CAB0201,Indian-Ocean,carrier,2023,3,17,4013.0,5,Bab-el-Mandeb,743.1,402.7,32.8,1,25,43,0,32.5,none,0,
2015,CAB0202,Intra-Asia,hyperscaler,2008,7,3,5120.0,6,None,66.9,43.5,50.3,1,25,53,0,11.1,none,0,0.0
2016,CAB0202,Intra-Asia,hyperscaler,2008,8,3,5120.0,6,None,66.9,47.4,42.5,1,25,59,0,12.7,none,0,0.0
2017,CAB0202,Intra-Asia,hyperscaler,2008,9,3,5120.0,6,None,66.9,56.3,31.8,1,25,60,0,14.3,none,0,0.0
2018,CAB0202,Intra-Asia,hyperscaler,2008,10,3,5120.0,6,None,66.9,63.9,57.3,1,25,62,0,15.9,none,0,0.0
2019,CAB0202,Intra-Asia,hyperscaler,2008,11,3,5120.0,6,None,66.9,57.4,40.4,1,25,64,0,17.5,none,0,1.0
2020,CAB0202,Intra-Asia,hyperscaler,2008,12,3,5120.0,6,None,66.9,66.9,96.9,1,25,66,0,19.0,natural_hazard,1,0.0
2021,CAB0202,Intra-Asia,hyperscaler,2008,13,3,5120.0,6,None,66.9,66.9,37.7,1,25,69,0,20.6,none,0,0.0
2022,CAB0202,Intra-Asia,hyperscaler,2008,14,3,5120.0,6,None,66.9,66.9,73.4,1,25,70,0,22.2,none,0,0.0
2023,CAB0202,Intra-Asia,hyperscaler,2008,15,3,5120.0,6,None,66.9,66.9,61.5,1,25,70,0,23.8,none,0,0.0
2024,CAB0202,Intra-Asia,hyperscaler,2008,16,3,5120.0,6,None,66.9,66.9,100.0,1,25,75,0,25.4,none,0,0.0
2025,CAB0202,Intra-Asia,hyperscaler,2008,17,3,5120.0,6,None,66.9,66.9,61.1,1,25,77,0,27.0,none,0,0.0
2026,CAB0202,Intra-Asia,hyperscaler,2008,18,3,5120.0,6,None,66.9,66.9,100.0,1,25,77,0,28.6,none,0,
2015,CAB0203,Africa-Coastal,hyperscaler,2001,14,16,11761.0,3,None,196.6,196.6,59.4,1,25,36,1,42.1,fishing_anchor,1,1.0
2016,CAB0203,Africa-Coastal,hyperscaler,2001,15,16,11761.0,3,None,196.6,196.6,60.9,1,25,37,1,43.7,fishing_anchor,1,0.0
2017,CAB0203,Africa-Coastal,hyperscaler,2001,16,16,11761.0,3,None,196.6,196.6,71.8,1,25,40,0,25.4,none,0,0.0
2018,CAB0203,Africa-Coastal,hyperscaler,2001,17,16,11761.0,3,None,196.6,196.6,79.7,1,25,40,0,27.0,none,0,0.0
2019,CAB0203,Africa-Coastal,hyperscaler,2001,18,16,11761.0,3,None,196.6,196.6,62.3,1,25,42,0,28.6,none,0,1.0
2020,CAB0203,Africa-Coastal,hyperscaler,2001,19,16,11761.0,3,None,196.6,196.6,97.5,1,25,43,0,30.2,fishing_anchor,1,1.0
2021,CAB0203,Africa-Coastal,hyperscaler,2001,20,16,11761.0,3,None,196.6,196.6,64.3,1,25,44,0,31.7,fishing_anchor,1,1.0
2022,CAB0203,Africa-Coastal,hyperscaler,2001,21,16,11761.0,3,None,196.6,196.6,98.2,1,25,45,0,33.3,equipment,1,0.0
2023,CAB0203,Africa-Coastal,hyperscaler,2001,22,16,11761.0,3,None,196.6,196.6,100.0,1,25,47,0,34.9,none,0,0.0
2024,CAB0203,Africa-Coastal,hyperscaler,2001,23,16,11761.0,3,None,196.6,196.6,83.1,1,25,49,0,36.5,none,0,0.0
2025,CAB0203,Africa-Coastal,hyperscaler,2001,24,16,11761.0,3,None,196.6,196.6,67.1,1,25,52,0,38.1,none,0,1.0
2026,CAB0203,Africa-Coastal,hyperscaler,2001,25,16,11761.0,3,None,196.6,196.6,68.5,1,25,53,0,39.7,fishing_anchor,1,
2020,CAB0204,Intra-Asia,consortium,2020,0,8,2240.0,2,Luzon-Strait,315.4,76.1,27.9,1,25,66,0,39.7,fishing_anchor,1,1.0
2021,CAB0204,Intra-Asia,consortium,2020,1,8,2240.0,2,Luzon-Strait,315.4,87.9,66.5,1,25,69,0,41.3,fishing_anchor,1,0.0
2022,CAB0204,Intra-Asia,consortium,2020,2,8,2240.0,2,Luzon-Strait,315.4,132.2,82.4,1,25,70,0,42.9,none,0,1.0
2023,CAB0204,Intra-Asia,consortium,2020,3,8,2240.0,2,Luzon-Strait,315.4,131.5,10.0,1,25,70,0,44.4,natural_hazard,1,0.0
2024,CAB0204,Intra-Asia,consortium,2020,4,8,2240.0,2,Luzon-Strait,315.4,163.3,34.5,1,25,75,0,46.0,none,0,1.0
2025,CAB0204,Intra-Asia,consortium,2020,5,8,2240.0,2,Luzon-Strait,315.4,196.6,60.4,1,25,77,0,47.6,fishing_anchor,1,0.0
2026,CAB0204,Intra-Asia,consortium,2020,6,8,2240.0,2,Luzon-Strait,315.4,225.9,20.3,1,25,77,0,49.2,none,0,
2015,CAB0205,Indian-Ocean,consortium,2007,8,7,7556.0,6,Suez,146.0,114.7,56.1,0,25,31,1,76.2,natural_hazard,1,0.0
2016,CAB0205,Indian-Ocean,consortium,2007,9,7,7556.0,6,Suez,146.0,122.7,75.6,0,25,33,1,77.8,none,0,1.0
2017,CAB0205,Indian-Ocean,consortium,2007,10,7,7556.0,6,Suez,146.0,129.0,22.8,0,25,33,1,79.4,fishing_anchor,1,1.0
2018,CAB0205,Indian-Ocean,consortium,2007,11,7,7556.0,6,Suez,146.0,130.2,54.2,0,25,35,1,81.0,natural_hazard,1,0.0
2019,CAB0205,Indian-Ocean,consortium,2007,12,7,7556.0,6,Suez,146.0,135.8,85.8,0,25,35,1,82.5,none,0,0.0
2020,CAB0205,Indian-Ocean,consortium,2007,13,7,7556.0,6,Suez,146.0,144.3,73.1,0,25,36,1,84.1,none,0,0.0
2021,CAB0205,Indian-Ocean,consortium,2007,14,7,7556.0,6,Suez,146.0,146.0,94.4,0,25,39,1,85.7,none,0,0.0
2022,CAB0205,Indian-Ocean,consortium,2007,15,7,7556.0,6,Suez,146.0,146.0,66.4,0,25,39,1,87.3,none,0,0.0
2023,CAB0205,Indian-Ocean,consortium,2007,16,7,7556.0,6,Suez,146.0,146.0,55.7,0,25,40,0,69.0,none,0,0.0
2024,CAB0205,Indian-Ocean,consortium,2007,17,7,7556.0,6,Suez,146.0,146.0,68.1,0,25,41,0,70.6,none,0,0.0
2025,CAB0205,Indian-Ocean,consortium,2007,18,7,7556.0,6,Suez,146.0,146.0,42.5,0,25,44,0,72.2,none,0,0.0
2026,CAB0205,Indian-Ocean,consortium,2007,19,7,7556.0,6,Suez,146.0,146.0,100.0,0,25,43,0,73.8,none,0,
2016,CAB0206,Trans-Atlantic,carrier,2016,0,4,5927.0,6,None,134.9,33.1,54.6,0,25,37,1,35.7,none,0,0.0
2017,CAB0206,Trans-Atlantic,carrier,2016,1,4,5927.0,6,None,134.9,62.9,46.4,0,25,37,1,37.3,none,0,0.0
2018,CAB0206,Trans-Atlantic,carrier,2016,2,4,5927.0,6,None,134.9,41.2,35.6,0,25,40,0,19.0,none,0,1.0
2019,CAB0206,Trans-Atlantic,carrier,2016,3,4,5927.0,6,None,134.9,54.2,37.6,0,25,45,0,20.6,fishing_anchor,1,0.0
2020,CAB0206,Trans-Atlantic,carrier,2016,4,4,5927.0,6,None,134.9,66.4,66.4,0,25,48,0,22.2,none,0,0.0
2021,CAB0206,Trans-Atlantic,carrier,2016,5,4,5927.0,6,None,134.9,74.4,42.8,0,25,50,0,23.8,none,0,0.0
2022,CAB0206,Trans-Atlantic,carrier,2016,6,4,5927.0,6,None,134.9,79.6,47.1,0,25,51,0,25.4,none,0,0.0
2023,CAB0206,Trans-Atlantic,carrier,2016,7,4,5927.0,6,None,134.9,84.9,67.1,0,25,54,0,27.0,none,0,0.0
2024,CAB0206,Trans-Atlantic,carrier,2016,8,4,5927.0,6,None,134.9,111.8,91.4,0,25,58,0,28.6,none,0,0.0
2025,CAB0206,Trans-Atlantic,carrier,2016,9,4,5927.0,6,None,134.9,107.6,84.9,0,25,62,0,30.2,none,0,0.0
2026,CAB0206,Trans-Atlantic,carrier,2016,10,4,5927.0,6,None,134.9,117.6,51.7,0,25,63,0,31.7,none,0,
2015,CAB0207,Americas,consortium,2000,15,16,2194.0,8,Panama,173.7,173.7,90.2,1,25,28,1,71.4,none,0,1.0
2016,CAB0207,Americas,consortium,2000,16,16,2194.0,8,Panama,173.7,173.7,60.3,1,25,29,1,73.0,fishing_anchor,1,0.0
2017,CAB0207,Americas,consortium,2000,17,16,2194.0,8,Panama,173.7,173.7,100.0,1,25,29,1,74.6,none,0,0.0
2018,CAB0207,Americas,consortium,2000,18,16,2194.0,8,Panama,173.7,173.7,54.0,1,25,31,1,76.2,none,0,1.0
2019,CAB0207,Americas,consortium,2000,19,16,2194.0,8,Panama,173.7,173.7,51.0,1,25,32,1,77.8,fishing_anchor,1,0.0
2020,CAB0207,Americas,consortium,2000,20,16,2194.0,8,Panama,173.7,173.7,58.8,1,25,33,1,79.4,none,0,1.0
2021,CAB0207,Americas,consortium,2000,21,16,2194.0,8,Panama,173.7,173.7,100.0,1,25,37,1,81.0,fishing_anchor,1,1.0
2022,CAB0207,Americas,consortium,2000,22,16,2194.0,8,Panama,173.7,173.7,100.0,1,25,37,1,82.5,natural_hazard,1,0.0
2023,CAB0207,Americas,consortium,2000,23,16,2194.0,8,Panama,173.7,173.7,100.0,1,25,37,1,84.1,none,0,0.0
2024,CAB0207,Americas,consortium,2000,24,16,2194.0,8,Panama,173.7,173.7,94.0,1,25,39,1,85.7,none,0,1.0
2025,CAB0207,Americas,consortium,2000,25,16,2194.0,8,Panama,173.7,173.7,91.4,1,25,39,1,87.3,fishing_anchor,1,1.0
2026,CAB0207,Americas,consortium,2000,26,16,2194.0,8,Panama,173.7,173.7,99.4,1,25,40,0,69.0,equipment,1,
2016,CAB0208,Americas,consortium,2016,0,19,2781.0,4,None,640.6,198.4,22.8,1,25,29,1,19.8,none,0,0.0
2017,CAB0208,Americas,consortium,2016,1,19,2781.0,4,None,640.6,179.8,18.6,1,25,29,1,21.4,none,0,0.0
2018,CAB0208,Americas,consortium,2016,2,19,2781.0,4,None,640.6,212.9,39.1,1,25,31,1,23.0,none,0,0.0
2019,CAB0208,Americas,consortium,2016,3,19,2781.0,4,None,640.6,258.4,35.3,1,25,32,1,24.6,none,0,1.0
2020,CAB0208,Americas,consortium,2016,4,19,2781.0,4,None,640.6,286.4,60.4,1,25,33,1,26.2,fishing_anchor,1,0.0
2021,CAB0208,Americas,consortium,2016,5,19,2781.0,4,None,640.6,284.0,26.5,1,25,37,1,27.8,none,0,0.0
2022,CAB0208,Americas,consortium,2016,6,19,2781.0,4,None,640.6,372.4,28.0,1,25,37,1,29.4,none,0,0.0
2023,CAB0208,Americas,consortium,2016,7,19,2781.0,4,None,640.6,413.5,92.9,1,25,37,1,31.0,none,0,0.0
2024,CAB0208,Americas,consortium,2016,8,19,2781.0,4,None,640.6,474.5,28.9,1,25,39,1,32.5,none,0,0.0
2025,CAB0208,Americas,consortium,2016,9,19,2781.0,4,None,640.6,482.1,65.6,1,25,39,1,34.1,none,0,0.0
2026,CAB0208,Americas,consortium,2016,10,19,2781.0,4,None,640.6,563.9,44.6,1,25,40,0,15.9,none,0,
2019,CAB0209,Africa-Coastal,consortium,2019,0,8,14104.0,6,None,304.0,48.7,11.2,0,25,42,0,15.9,none,0,0.0
2020,CAB0209,Africa-Coastal,consortium,2019,1,8,14104.0,6,None,304.0,95.8,71.5,0,25,43,0,17.5,none,0,0.0
2021,CAB0209,Africa-Coastal,consortium,2019,2,8,14104.0,6,None,304.0,130.0,41.5,0,25,44,0,19.0,none,0,0.0
2022,CAB0209,Africa-Coastal,consortium,2019,3,8,14104.0,6,None,304.0,155.9,64.0,0,25,45,0,20.6,none,0,0.0
2023,CAB0209,Africa-Coastal,consortium,2019,4,8,14104.0,6,None,304.0,112.2,55.1,0,25,47,0,22.2,none,0,0.0
2024,CAB0209,Africa-Coastal,consortium,2019,5,8,14104.0,6,None,304.0,167.7,65.6,0,25,49,0,23.8,none,0,0.0
2025,CAB0209,Africa-Coastal,consortium,2019,6,8,14104.0,6,None,304.0,190.9,35.7,0,25,52,0,25.4,none,0,0.0
2026,CAB0209,Africa-Coastal,consortium,2019,7,8,14104.0,6,None,304.0,168.6,24.6,0,25,53,0,27.0,none,0,
2015,CAB0210,Trans-Atlantic,hyperscaler,2004,11,4,6847.0,5,None,66.3,55.9,49.4,1,25,33,1,37.3,fishing_anchor,1,0.0
2016,CAB0210,Trans-Atlantic,hyperscaler,2004,12,4,6847.0,5,None,66.3,64.3,100.0,1,25,37,1,38.9,none,0,1.0
2017,CAB0210,Trans-Atlantic,hyperscaler,2004,13,4,6847.0,5,None,66.3,66.3,70.6,1,25,37,1,40.5,fishing_anchor,1,0.0
2018,CAB0210,Trans-Atlantic,hyperscaler,2004,14,4,6847.0,5,None,66.3,66.3,56.4,1,25,40,0,22.2,none,0,0.0
2019,CAB0210,Trans-Atlantic,hyperscaler,2004,15,4,6847.0,5,None,66.3,66.3,54.7,1,25,45,0,23.8,none,0,0.0
2020,CAB0210,Trans-Atlantic,hyperscaler,2004,16,4,6847.0,5,None,66.3,66.3,47.4,1,25,48,0,25.4,none,0,0.0
2021,CAB0210,Trans-Atlantic,hyperscaler,2004,17,4,6847.0,5,None,66.3,66.3,91.3,1,25,50,0,27.0,none,0,0.0
2022,CAB0210,Trans-Atlantic,hyperscaler,2004,18,4,6847.0,5,None,66.3,66.3,47.0,1,25,51,0,28.6,none,0,0.0
2023,CAB0210,Trans-Atlantic,hyperscaler,2004,19,4,6847.0,5,None,66.3,66.3,46.8,1,25,54,0,30.2,none,0,1.0
2024,CAB0210,Trans-Atlantic,hyperscaler,2004,20,4,6847.0,5,None,66.3,66.3,97.6,1,25,58,0,31.7,fishing_anchor,1,0.0
2025,CAB0210,Trans-Atlantic,hyperscaler,2004,21,4,6847.0,5,None,66.3,66.3,100.0,1,25,62,0,33.3,none,0,0.0
2026,CAB0210,Trans-Atlantic,hyperscaler,2004,22,4,6847.0,5,None,66.3,66.3,80.3,1,25,63,0,34.9,none,0,
2021,CAB0211,EMEA-Asia,hyperscaler,2021,0,8,14185.0,6,Hormuz,326.9,93.2,4.4,1,25,44,0,27.8,none,0,0.0
2022,CAB0211,EMEA-Asia,hyperscaler,2021,1,8,14185.0,6,Hormuz,326.9,91.9,73.0,1,25,45,0,29.4,none,0,0.0
2023,CAB0211,EMEA-Asia,hyperscaler,2021,2,8,14185.0,6,Hormuz,326.9,88.5,70.4,1,25,47,0,31.0,none,0,0.0
2024,CAB0211,EMEA-Asia,hyperscaler,2021,3,8,14185.0,6,Hormuz,326.9,126.9,57.4,1,25,48,0,32.5,none,0,0.0
2025,CAB0211,EMEA-Asia,hyperscaler,2021,4,8,14185.0,6,Hormuz,326.9,149.7,31.3,1,25,47,0,34.1,none,0,1.0
2026,CAB0211,EMEA-Asia,hyperscaler,2021,5,8,14185.0,6,Hormuz,326.9,200.0,39.5,1,25,47,0,35.7,fishing_anchor,1,
2015,CAB0212,Intra-Europe,carrier,2014,1,9,2376.0,7,None,277.7,86.0,41.4,1,25,41,0,1.6,none,0,0.0
2016,CAB0212,Intra-Europe,carrier,2014,2,9,2376.0,7,None,277.7,104.2,21.5,1,25,42,0,3.2,none,0,0.0
2017,CAB0212,Intra-Europe,carrier,2014,3,9,2376.0,7,None,277.7,143.6,32.6,1,25,44,0,4.8,none,0,0.0
2018,CAB0212,Intra-Europe,carrier,2014,4,9,2376.0,7,None,277.7,153.0,55.6,1,25,45,0,6.3,none,0,0.0
2019,CAB0212,Intra-Europe,carrier,2014,5,9,2376.0,7,None,277.7,170.1,50.2,1,25,47,0,7.9,none,0,0.0
2020,CAB0212,Intra-Europe,carrier,2014,6,9,2376.0,7,None,277.7,172.8,34.0,1,25,49,0,9.5,none,0,0.0
2021,CAB0212,Intra-Europe,carrier,2014,7,9,2376.0,7,None,277.7,187.1,23.4,1,25,49,0,11.1,none,0,0.0
2022,CAB0212,Intra-Europe,carrier,2014,8,9,2376.0,7,None,277.7,205.1,80.2,1,25,52,0,12.7,none,0,0.0
2023,CAB0212,Intra-Europe,carrier,2014,9,9,2376.0,7,None,277.7,228.7,68.5,1,25,53,0,14.3,none,0,0.0
2024,CAB0212,Intra-Europe,carrier,2014,10,9,2376.0,7,None,277.7,241.3,86.0,1,25,53,0,15.9,none,0,0.0
2025,CAB0212,Intra-Europe,carrier,2014,11,9,2376.0,7,None,277.7,265.2,38.1,1,25,58,0,17.5,none,0,0.0
2026,CAB0212,Intra-Europe,carrier,2014,12,9,2376.0,7,None,277.7,277.7,55.1,1,25,60,0,19.0,none,0,
2015,CAB0213,Trans-Pacific,government,2004,11,19,13864.0,3,None,314.9,277.6,40.9,0,25,35,1,53.2,none,0,0.0
2016,CAB0213,Trans-Pacific,government,2004,12,19,13864.0,3,None,314.9,308.7,76.4,0,25,37,1,54.8,none,0,0.0
2017,CAB0213,Trans-Pacific,government,2004,13,19,13864.0,3,None,314.9,314.9,66.6,0,25,38,1,56.3,none,0,0.0
2018,CAB0213,Trans-Pacific,government,2004,14,19,13864.0,3,None,314.9,314.9,89.0,0,25,39,1,57.9,none,0,0.0
2019,CAB0213,Trans-Pacific,government,2004,15,19,13864.0,3,None,314.9,314.9,62.3,0,25,41,0,39.7,none,0,0.0
2020,CAB0213,Trans-Pacific,government,2004,16,19,13864.0,3,None,314.9,314.9,100.0,0,25,42,0,41.3,none,0,0.0
2021,CAB0213,Trans-Pacific,government,2004,17,19,13864.0,3,None,314.9,314.9,55.0,0,25,43,0,42.9,none,0,0.0
2022,CAB0213,Trans-Pacific,government,2004,18,19,13864.0,3,None,314.9,314.9,65.0,0,25,45,0,44.4,none,0,0.0
2023,CAB0213,Trans-Pacific,government,2004,19,19,13864.0,3,None,314.9,314.9,77.8,0,25,47,0,46.0,none,0,1.0
2024,CAB0213,Trans-Pacific,government,2004,20,19,13864.0,3,None,314.9,314.9,96.3,0,25,49,0,47.6,fishing_anchor,1,0.0
2025,CAB0213,Trans-Pacific,government,2004,21,19,13864.0,3,None,314.9,314.9,90.9,0,25,50,0,49.2,none,0,0.0
2026,CAB0213,Trans-Pacific,government,2004,22,19,13864.0,3,None,314.9,314.9,75.3,0,25,48,0,50.8,none,0,
2015,CAB0214,Intra-Pacific-Islands,hyperscaler,2004,11,29,1615.0,4,None,480.6,428.9,47.3,1,25,28,1,37.3,none,0,1.0
2016,CAB0214,Intra-Pacific-Islands,hyperscaler,2004,12,29,1615.0,4,None,480.6,440.6,48.7,1,25,29,1,38.9,fishing_anchor,1,1.0
2017,CAB0214,Intra-Pacific-Islands,hyperscaler,2004,13,29,1615.0,4,None,480.6,470.7,100.0,1,25,29,1,40.5,natural_hazard,1,0.0
2018,CAB0214,Intra-Pacific-Islands,hyperscaler,2004,14,29,1615.0,4,None,480.6,480.6,76.0,1,25,30,1,42.1,none,0,0.0
2019,CAB0214,Intra-Pacific-Islands,hyperscaler,2004,15,29,1615.0,4,None,480.6,480.6,38.2,1,25,35,1,43.7,none,0,0.0
2020,CAB0214,Intra-Pacific-Islands,hyperscaler,2004,16,29,1615.0,4,None,480.6,480.6,71.6,1,25,40,0,25.4,none,0,0.0
2021,CAB0214,Intra-Pacific-Islands,hyperscaler,2004,17,29,1615.0,4,None,480.6,480.6,86.8,1,25,41,0,27.0,none,0,0.0
2022,CAB0214,Intra-Pacific-Islands,hyperscaler,2004,18,29,1615.0,4,None,480.6,480.6,83.3,1,25,43,0,28.6,none,0,0.0
2023,CAB0214,Intra-Pacific-Islands,hyperscaler,2004,19,29,1615.0,4,None,480.6,480.6,75.5,1,25,45,0,30.2,none,0,0.0
2024,CAB0214,Intra-Pacific-Islands,hyperscaler,2004,20,29,1615.0,4,None,480.6,480.6,100.0,1,25,48,0,31.7,none,0,0.0
2025,CAB0214,Intra-Pacific-Islands,hyperscaler,2004,21,29,1615.0,4,None,480.6,480.6,83.9,1,25,50,0,33.3,none,0,0.0
2026,CAB0214,Intra-Pacific-Islands,hyperscaler,2004,22,29,1615.0,4,None,480.6,480.6,64.4,1,25,51,0,34.9,none,0,
2015,CAB0215,Intra-Pacific-Islands,consortium,2007,8,5,2636.0,2,None,104.3,69.5,47.4,1,25,28,1,44.4,none,0,0.0
2016,CAB0215,Intra-Pacific-Islands,consortium,2007,9,5,2636.0,2,None,104.3,85.2,56.6,1,25,29,1,46.0,none,0,0.0
2017,CAB0215,Intra-Pacific-Islands,consortium,2007,10,5,2636.0,2,None,104.3,92.2,75.1,1,25,29,1,47.6,none,0,0.0
2018,CAB0215,Intra-Pacific-Islands,consortium,2007,11,5,2636.0,2,None,104.3,95.6,82.5,1,25,30,1,49.2,none,0,0.0
2019,CAB0215,Intra-Pacific-Islands,consortium,2007,12,5,2636.0,2,None,104.3,98.2,46.8,1,25,35,1,50.8,none,0,0.0
2020,CAB0215,Intra-Pacific-Islands,consortium,2007,13,5,2636.0,2,None,104.3,104.3,78.5,1,25,40,0,32.5,none,0,0.0
2021,CAB0215,Intra-Pacific-Islands,consortium,2007,14,5,2636.0,2,None,104.3,104.3,71.9,1,25,41,0,34.1,none,0,0.0
2022,CAB0215,Intra-Pacific-Islands,consortium,2007,15,5,2636.0,2,None,104.3,104.3,48.5,1,25,43,0,35.7,none,0,0.0
2023,CAB0215,Intra-Pacific-Islands,consortium,2007,16,5,2636.0,2,None,104.3,104.3,43.2,1,25,45,0,37.3,none,0,0.0
2024,CAB0215,Intra-Pacific-Islands,consortium,2007,17,5,2636.0,2,None,104.3,104.3,47.3,1,25,48,0,38.9,none,0,0.0
2025,CAB0215,Intra-Pacific-Islands,consortium,2007,18,5,2636.0,2,None,104.3,104.3,71.6,1,25,50,0,40.5,none,0,0.0
2026,CAB0215,Intra-Pacific-Islands,consortium,2007,19,5,2636.0,2,None,104.3,104.3,75.5,1,25,51,0,42.1,none,0,
2025,CAB0216,Trans-Atlantic,consortium,2025,0,25,7065.0,5,None,1164.3,314.7,56.6,1,25,62,0,0.0,none,0,0.0
2026,CAB0216,Trans-Atlantic,consortium,2025,1,25,7065.0,5,None,1164.3,420.7,44.3,1,25,63,0,1.6,none,0,
2015,CAB0217,Indian-Ocean,carrier,2011,4,12,5251.0,4,None,318.9,161.9,46.5,1,25,31,1,26.2,none,0,0.0
2016,CAB0217,Indian-Ocean,carrier,2011,5,12,5251.0,4,None,318.9,167.1,19.9,1,25,33,1,27.8,none,0,0.0
2017,CAB0217,Indian-Ocean,carrier,2011,6,12,5251.0,4,None,318.9,190.0,66.6,1,25,33,1,29.4,none,0,0.0
2018,CAB0217,Indian-Ocean,carrier,2011,7,12,5251.0,4,None,318.9,185.4,32.9,1,25,35,1,31.0,none,0,1.0
2019,CAB0217,Indian-Ocean,carrier,2011,8,12,5251.0,4,None,318.9,237.7,35.4,1,25,35,1,32.5,fishing_anchor,1,0.0
2020,CAB0217,Indian-Ocean,carrier,2011,9,12,5251.0,4,None,318.9,242.6,75.5,1,25,36,1,34.1,none,0,0.0
2021,CAB0217,Indian-Ocean,carrier,2011,10,12,5251.0,4,None,318.9,248.7,60.4,1,25,39,1,35.7,none,0,0.0
2022,CAB0217,Indian-Ocean,carrier,2011,11,12,5251.0,4,None,318.9,315.8,45.1,1,25,39,1,37.3,none,0,0.0
2023,CAB0217,Indian-Ocean,carrier,2011,12,12,5251.0,4,None,318.9,314.7,95.6,1,25,40,0,19.0,none,0,0.0
2024,CAB0217,Indian-Ocean,carrier,2011,13,12,5251.0,4,None,318.9,318.9,73.8,1,25,41,0,20.6,none,0,0.0
2025,CAB0217,Indian-Ocean,carrier,2011,14,12,5251.0,4,None,318.9,318.9,33.7,1,25,44,0,22.2,none,0,0.0
2026,CAB0217,Indian-Ocean,carrier,2011,15,12,5251.0,4,None,318.9,318.9,69.9,1,25,43,0,23.8,none,0,
2024,CAB0218,Intra-Europe,hyperscaler,2024,0,6,1898.0,8,None,270.9,60.4,31.2,1,25,53,0,0.0,none,0,1.0
2025,CAB0218,Intra-Europe,hyperscaler,2024,1,6,1898.0,8,None,270.9,111.5,43.9,1,25,58,0,1.6,fishing_anchor,1,0.0
2026,CAB0218,Intra-Europe,hyperscaler,2024,2,6,1898.0,8,None,270.9,115.0,30.1,1,25,60,0,3.2,none,0,
2015,CAB0219,Indian-Ocean,consortium,1998,17,3,10198.0,6,Suez,24.0,24.0,54.8,1,25,31,1,74.6,none,0,1.0
2016,CAB0219,Indian-Ocean,consortium,1998,18,3,10198.0,6,Suez,24.0,24.0,78.9,1,25,33,1,76.2,fishing_anchor,1,1.0
2017,CAB0219,Indian-Ocean,consortium,1998,19,3,10198.0,6,Suez,24.0,24.0,72.0,1,25,33,1,77.8,fishing_anchor,1,0.0
2018,CAB0219,Indian-Ocean,consortium,1998,20,3,10198.0,6,Suez,24.0,24.0,92.6,1,25,35,1,79.4,none,0,0.0
2019,CAB0219,Indian-Ocean,consortium,1998,21,3,10198.0,6,Suez,24.0,24.0,76.3,1,25,35,1,81.0,none,0,0.0
2020,CAB0219,Indian-Ocean,consortium,1998,22,3,10198.0,6,Suez,24.0,24.0,75.4,1,25,36,1,82.5,none,0,1.0
2021,CAB0219,Indian-Ocean,consortium,1998,23,3,10198.0,6,Suez,24.0,24.0,77.1,1,25,39,1,84.1,fishing_anchor,1,0.0
2022,CAB0219,Indian-Ocean,consortium,1998,24,3,10198.0,6,Suez,24.0,24.0,76.5,1,25,39,1,85.7,none,0,0.0
2023,CAB0219,Indian-Ocean,consortium,1998,25,3,10198.0,6,Suez,24.0,24.0,100.0,1,25,40,0,67.5,none,0,0.0
2025,CAB0219,Indian-Ocean,consortium,1998,27,3,10198.0,6,Suez,24.0,24.0,100.0,1,25,44,0,70.6,none,0,
2021,CAB0220,Trans-Atlantic,consortium,2021,0,11,5750.0,4,None,449.4,117.2,46.9,0,25,50,0,15.9,none,0,0.0
2022,CAB0220,Trans-Atlantic,consortium,2021,1,11,5750.0,4,None,449.4,145.7,34.0,0,25,51,0,17.5,none,0,0.0
2023,CAB0220,Trans-Atlantic,consortium,2021,2,11,5750.0,4,None,449.4,159.8,58.7,0,25,54,0,19.0,none,0,0.0
2024,CAB0220,Trans-Atlantic,consortium,2021,3,11,5750.0,4,None,449.4,209.1,19.8,0,25,58,0,20.6,none,0,0.0
2025,CAB0220,Trans-Atlantic,consortium,2021,4,11,5750.0,4,None,449.4,240.7,65.2,0,25,62,0,22.2,none,0,0.0
2026,CAB0220,Trans-Atlantic,consortium,2021,5,11,5750.0,4,None,449.4,279.5,19.4,0,25,63,0,23.8,none,0,
2015,CAB0221,Intra-Asia,consortium,2014,1,7,5834.0,9,None,216.0,74.3,30.8,0,25,53,0,17.5,none,0,0.0
2016,CAB0221,Intra-Asia,consortium,2014,2,7,5834.0,9,None,216.0,74.7,28.1,0,25,59,0,19.0,none,0,0.0
2017,CAB0221,Intra-Asia,consortium,2014,3,7,5834.0,9,None,216.0,97.5,8.1,0,25,60,0,20.6,none,0,0.0
2018,CAB0221,Intra-Asia,consortium,2014,4,7,5834.0,9,None,216.0,99.3,68.5,0,25,62,0,22.2,none,0,0.0
2019,CAB0221,Intra-Asia,consortium,2014,5,7,5834.0,9,None,216.0,123.8,20.7,0,25,64,0,23.8,none,0,0.0
2020,CAB0221,Intra-Asia,consortium,2014,6,7,5834.0,9,None,216.0,135.8,74.7,0,25,66,0,25.4,none,0,0.0
2021,CAB0221,Intra-Asia,consortium,2014,7,7,5834.0,9,None,216.0,151.0,47.1,0,25,69,0,27.0,none,0,0.0
2022,CAB0221,Intra-Asia,consortium,2014,8,7,5834.0,9,None,216.0,163.1,39.4,0,25,70,0,28.6,none,0,0.0
2023,CAB0221,Intra-Asia,consortium,2014,9,7,5834.0,9,None,216.0,168.3,37.2,0,25,70,0,30.2,none,0,0.0
2024,CAB0221,Intra-Asia,consortium,2014,10,7,5834.0,9,None,216.0,195.1,73.1,0,25,75,0,31.7,none,0,0.0
2025,CAB0221,Intra-Asia,consortium,2014,11,7,5834.0,9,None,216.0,189.0,53.7,0,25,77,0,33.3,none,0,0.0
2026,CAB0221,Intra-Asia,consortium,2014,12,7,5834.0,9,None,216.0,195.3,100.0,0,25,77,0,34.9,none,0,
2015,CAB0222,Trans-Pacific,government,2004,11,9,12908.0,5,None,149.1,149.1,56.1,1,25,35,1,37.3,none,0,0.0
2016,CAB0222,Trans-Pacific,government,2004,12,9,12908.0,5,None,149.1,141.4,54.1,1,25,37,1,38.9,none,0,0.0
2017,CAB0222,Trans-Pacific,government,2004,13,9,12908.0,5,None,149.1,149.1,38.2,1,25,38,1,40.5,none,0,0.0
2018,CAB0222,Trans-Pacific,government,2004,14,9,12908.0,5,None,149.1,149.1,45.2,1,25,39,1,42.1,none,0,0.0
2019,CAB0222,Trans-Pacific,government,2004,15,9,12908.0,5,None,149.1,149.1,87.8,1,25,41,0,23.8,none,0,0.0
2020,CAB0222,Trans-Pacific,government,2004,16,9,12908.0,5,None,149.1,149.1,95.0,1,25,42,0,25.4,none,0,0.0
2021,CAB0222,Trans-Pacific,government,2004,17,9,12908.0,5,None,149.1,149.1,59.0,1,25,43,0,27.0,none,0,0.0
2022,CAB0222,Trans-Pacific,government,2004,18,9,12908.0,5,None,149.1,149.1,78.1,1,25,45,0,28.6,none,0,0.0
2023,CAB0222,Trans-Pacific,government,2004,19,9,12908.0,5,None,149.1,149.1,100.0,1,25,47,0,30.2,none,0,0.0
2024,CAB0222,Trans-Pacific,government,2004,20,9,12908.0,5,None,149.1,149.1,100.0,1,25,49,0,31.7,none,0,0.0
2025,CAB0222,Trans-Pacific,government,2004,21,9,12908.0,5,None,149.1,149.1,81.2,1,25,50,0,33.3,none,0,0.0
2026,CAB0222,Trans-Pacific,government,2004,22,9,12908.0,5,None,149.1,149.1,80.0,1,25,48,0,34.9,none,0,
2015,CAB0223,Intra-Asia,government,2001,14,2,5761.0,6,Luzon-Strait,24.6,24.6,100.0,0,25,53,0,65.9,none,0,0.0
2016,CAB0223,Intra-Asia,government,2001,15,2,5761.0,6,Luzon-Strait,24.6,24.6,89.6,0,25,59,0,67.5,none,0,0.0
2017,CAB0223,Intra-Asia,government,2001,16,2,5761.0,6,Luzon-Strait,24.6,24.6,55.9,0,25,60,0,69.0,none,0,1.0
2018,CAB0223,Intra-Asia,government,2001,17,2,5761.0,6,Luzon-Strait,24.6,24.6,65.8,0,25,62,0,70.6,natural_hazard,1,0.0
2019,CAB0223,Intra-Asia,government,2001,18,2,5761.0,6,Luzon-Strait,24.6,24.6,86.0,0,25,64,0,72.2,none,0,0.0
2020,CAB0223,Intra-Asia,government,2001,19,2,5761.0,6,Luzon-Strait,24.6,24.6,80.8,0,25,66,0,73.8,none,0,0.0
2021,CAB0223,Intra-Asia,government,2001,20,2,5761.0,6,Luzon-Strait,24.6,24.6,70.0,0,25,69,0,75.4,none,0,0.0
2022,CAB0223,Intra-Asia,government,2001,21,2,5761.0,6,Luzon-Strait,24.6,24.6,95.4,0,25,70,0,77.0,none,0,0.0
2023,CAB0223,Intra-Asia,government,2001,22,2,5761.0,6,Luzon-Strait,24.6,24.6,56.1,0,25,70,0,78.6,none,0,0.0
2024,CAB0223,Intra-Asia,government,2001,23,2,5761.0,6,Luzon-Strait,24.6,24.6,81.5,0,25,75,0,80.2,none,0,0.0
2025,CAB0223,Intra-Asia,government,2001,24,2,5761.0,6,Luzon-Strait,24.6,24.6,57.6,0,25,77,0,81.7,none,0,0.0
2026,CAB0223,Intra-Asia,government,2001,25,2,5761.0,6,Luzon-Strait,24.6,24.6,100.0,0,25,77,0,83.3,none,0,
2015,CAB0224,Trans-Atlantic,consortium,2008,7,7,7196.0,7,None,156.0,109.6,96.4,1,25,33,1,31.0,none,0,0.0
2016,CAB0224,Trans-Atlantic,consortium,2008,8,7,7196.0,7,None,156.0,126.4,57.8,1,25,37,1,32.5,none,0,0.0
2017,CAB0224,Trans-Atlantic,consortium,2008,9,7,7196.0,7,None,156.0,125.0,66.1,1,25,37,1,34.1,none,0,0.0
2018,CAB0224,Trans-Atlantic,consortium,2008,10,7,7196.0,7,None,156.0,131.3,77.1,1,25,40,0,15.9,none,0,0.0
2019,CAB0224,Trans-Atlantic,consortium,2008,11,7,7196.0,7,None,156.0,153.8,56.6,1,25,45,0,17.5,none,0,0.0
2020,CAB0224,Trans-Atlantic,consortium,2008,12,7,7196.0,7,None,156.0,147.2,38.2,1,25,48,0,19.0,none,0,1.0
2021,CAB0224,Trans-Atlantic,consortium,2008,13,7,7196.0,7,None,156.0,156.0,66.4,1,25,50,0,20.6,fishing_anchor,1,0.0
2022,CAB0224,Trans-Atlantic,consortium,2008,14,7,7196.0,7,None,156.0,156.0,44.0,1,25,51,0,22.2,none,0,0.0
2023,CAB0224,Trans-Atlantic,consortium,2008,15,7,7196.0,7,None,156.0,156.0,55.4,1,25,54,0,23.8,none,0,0.0
2024,CAB0224,Trans-Atlantic,consortium,2008,16,7,7196.0,7,None,156.0,156.0,65.7,1,25,58,0,25.4,none,0,0.0
2025,CAB0224,Trans-Atlantic,consortium,2008,17,7,7196.0,7,None,156.0,156.0,85.3,1,25,62,0,27.0,none,0,1.0
2026,CAB0224,Trans-Atlantic,consortium,2008,18,7,7196.0,7,None,156.0,156.0,75.1,1,25,63,0,28.6,fishing_anchor,1,
2015,CAB0225,Intra-Europe,government,2005,10,30,775.0,3,None,540.0,471.3,78.4,1,25,41,0,15.9,none,0,1.0
2016,CAB0225,Intra-Europe,government,2005,11,30,775.0,3,None,540.0,452.7,78.5,1,25,42,0,17.5,fishing_anchor,1,0.0
2017,CAB0225,Intra-Europe,government,2005,12,30,775.0,3,None,540.0,516.2,51.6,1,25,44,0,19.0,none,0,0.0
2018,CAB0225,Intra-Europe,government,2005,13,30,775.0,3,None,540.0,540.0,69.5,1,25,45,0,20.6,none,0,0.0
2019,CAB0225,Intra-Europe,government,2005,14,30,775.0,3,None,540.0,540.0,49.5,1,25,47,0,22.2,none,0,0.0
2020,CAB0225,Intra-Europe,government,2005,15,30,775.0,3,None,540.0,540.0,69.6,1,25,49,0,23.8,none,0,0.0
2021,CAB0225,Intra-Europe,government,2005,16,30,775.0,3,None,540.0,540.0,66.4,1,25,49,0,25.4,none,0,1.0
2022,CAB0225,Intra-Europe,government,2005,17,30,775.0,3,None,540.0,540.0,100.0,1,25,52,0,27.0,fishing_anchor,1,0.0
2023,CAB0225,Intra-Europe,government,2005,18,30,775.0,3,None,540.0,540.0,42.3,1,25,53,0,28.6,none,0,0.0
2024,CAB0225,Intra-Europe,government,2005,19,30,775.0,3,None,540.0,540.0,100.0,1,25,53,0,30.2,none,0,0.0
2025,CAB0225,Intra-Europe,government,2005,20,30,775.0,3,None,540.0,540.0,97.5,1,25,58,0,31.7,none,0,0.0
2026,CAB0225,Intra-Europe,government,2005,21,30,775.0,3,None,540.0,540.0,63.6,1,25,60,0,33.3,none,0,
2015,CAB0226,Intra-Asia,consortium,2015,0,14,3487.0,4,None,452.0,116.1,82.1,0,25,53,0,15.9,none,0,0.0
2016,CAB0226,Intra-Asia,consortium,2015,1,14,3487.0,4,None,452.0,142.4,3.7,0,25,59,0,17.5,none,0,0.0
2017,CAB0226,Intra-Asia,consortium,2015,2,14,3487.0,4,None,452.0,149.9,72.6,0,25,60,0,19.0,none,0,0.0
2018,CAB0226,Intra-Asia,consortium,2015,3,14,3487.0,4,None,452.0,178.7,34.9,0,25,62,0,20.6,none,0,0.0
2019,CAB0226,Intra-Asia,consortium,2015,4,14,3487.0,4,None,452.0,220.4,64.0,0,25,64,0,22.2,none,0,0.0
2020,CAB0226,Intra-Asia,consortium,2015,5,14,3487.0,4,None,452.0,243.6,25.4,0,25,66,0,23.8,none,0,0.0
2021,CAB0226,Intra-Asia,consortium,2015,6,14,3487.0,4,None,452.0,271.6,47.1,0,25,69,0,25.4,none,0,0.0
2022,CAB0226,Intra-Asia,consortium,2015,7,14,3487.0,4,None,452.0,286.2,28.5,0,25,70,0,27.0,none,0,0.0
2023,CAB0226,Intra-Asia,consortium,2015,8,14,3487.0,4,None,452.0,337.1,61.7,0,25,70,0,28.6,none,0,0.0
2024,CAB0226,Intra-Asia,consortium,2015,9,14,3487.0,4,None,452.0,304.2,92.1,0,25,75,0,30.2,none,0,0.0
2025,CAB0226,Intra-Asia,consortium,2015,10,14,3487.0,4,None,452.0,374.9,50.9,0,25,77,0,31.7,none,0,0.0
2026,CAB0226,Intra-Asia,consortium,2015,11,14,3487.0,4,None,452.0,427.9,29.0,0,25,77,0,33.3,none,0,
2015,CAB0227,Intra-Asia,consortium,2012,3,39,1735.0,3,Luzon-Strait,1092.0,432.5,40.6,1,25,53,0,32.5,none,0,0.0
2016,CAB0227,Intra-Asia,consortium,2012,4,39,1735.0,3,Luzon-Strait,1092.0,474.3,90.0,1,25,59,0,34.1,none,0,0.0
2017,CAB0227,Intra-Asia,consortium,2012,5,39,1735.0,3,Luzon-Strait,1092.0,647.3,23.7,1,25,60,0,35.7,none,0,0.0
2018,CAB0227,Intra-Asia,consortium,2012,6,39,1735.0,3,Luzon-Strait,1092.0,547.2,28.8,1,25,62,0,37.3,none,0,0.0
2019,CAB0227,Intra-Asia,consortium,2012,7,39,1735.0,3,Luzon-Strait,1092.0,772.8,53.0,1,25,64,0,38.9,none,0,0.0
2020,CAB0227,Intra-Asia,consortium,2012,8,39,1735.0,3,Luzon-Strait,1092.0,782.9,76.2,1,25,66,0,40.5,none,0,0.0
2021,CAB0227,Intra-Asia,consortium,2012,9,39,1735.0,3,Luzon-Strait,1092.0,849.6,24.3,1,25,69,0,42.1,none,0,0.0
2022,CAB0227,Intra-Asia,consortium,2012,10,39,1735.0,3,Luzon-Strait,1092.0,950.6,37.0,1,25,70,0,43.7,none,0,1.0
2023,CAB0227,Intra-Asia,consortium,2012,11,39,1735.0,3,Luzon-Strait,1092.0,1009.0,45.4,1,25,70,0,45.2,fishing_anchor,1,0.0
2024,CAB0227,Intra-Asia,consortium,2012,12,39,1735.0,3,Luzon-Strait,1092.0,1092.0,77.2,1,25,75,0,46.8,none,0,0.0
2025,CAB0227,Intra-Asia,consortium,2012,13,39,1735.0,3,Luzon-Strait,1092.0,1031.9,40.4,1,25,77,0,48.4,none,0,0.0
2026,CAB0227,Intra-Asia,consortium,2012,14,39,1735.0,3,Luzon-Strait,1092.0,1092.0,62.0,1,25,77,0,50.0,none,0,
2015,CAB0228,Africa-Coastal,hyperscaler,2001,14,2,12306.0,6,None,24.6,24.6,72.7,0,25,36,1,57.9,none,0,0.0
2016,CAB0228,Africa-Coastal,hyperscaler,2001,15,2,12306.0,6,None,24.6,24.6,100.0,0,25,37,1,59.5,none,0,1.0
2017,CAB0228,Africa-Coastal,hyperscaler,2001,16,2,12306.0,6,None,24.6,24.6,61.1,0,25,40,0,41.3,equipment,1,0.0
2018,CAB0228,Africa-Coastal,hyperscaler,2001,17,2,12306.0,6,None,24.6,24.6,77.3,0,25,40,0,42.9,none,0,0.0
2019,CAB0228,Africa-Coastal,hyperscaler,2001,18,2,12306.0,6,None,24.6,24.6,62.3,0,25,42,0,44.4,none,0,0.0
2020,CAB0228,Africa-Coastal,hyperscaler,2001,19,2,12306.0,6,None,24.6,24.6,51.3,0,25,43,0,46.0,none,0,0.0
2021,CAB0228,Africa-Coastal,hyperscaler,2001,20,2,12306.0,6,None,24.6,24.6,51.9,0,25,44,0,47.6,none,0,0.0
2022,CAB0228,Africa-Coastal,hyperscaler,2001,21,2,12306.0,6,None,24.6,24.6,99.6,0,25,45,0,49.2,none,0,0.0
2023,CAB0228,Africa-Coastal,hyperscaler,2001,22,2,12306.0,6,None,24.6,24.6,100.0,0,25,47,0,50.8,none,0,1.0
2024,CAB0228,Africa-Coastal,hyperscaler,2001,23,2,12306.0,6,None,24.6,24.6,67.3,0,25,49,0,52.4,fishing_anchor,1,0.0
2025,CAB0228,Africa-Coastal,hyperscaler,2001,24,2,12306.0,6,None,24.6,24.6,83.0,0,25,52,0,54.0,none,0,0.0
2026,CAB0228,Africa-Coastal,hyperscaler,2001,25,2,12306.0,6,None,24.6,24.6,100.0,0,25,53,0,55.6,none,0,
2015,CAB0229,EMEA-Asia,consortium,2014,1,4,18652.0,4,Suez,123.4,53.2,64.9,1,25,27,1,49.2,fishing_anchor,1,1.0
2016,CAB0229,EMEA-Asia,consortium,2014,2,4,18652.0,4,Suez,123.4,57.6,41.0,1,25,29,1,50.8,fishing_anchor,1,0.0
2017,CAB0229,EMEA-Asia,consortium,2014,3,4,18652.0,4,Suez,123.4,47.5,24.5,1,25,32,1,52.4,none,0,0.0
2018,CAB0229,EMEA-Asia,consortium,2014,4,4,18652.0,4,Suez,123.4,62.8,96.2,1,25,34,1,54.0,none,0,0.0
2019,CAB0229,EMEA-Asia,consortium,2014,5,4,18652.0,4,Suez,123.4,60.3,50.2,1,25,37,1,55.6,none,0,1.0
2020,CAB0229,EMEA-Asia,consortium,2014,6,4,18652.0,4,Suez,123.4,70.1,80.7,1,25,40,0,37.3,natural_hazard,1,1.0
2021,CAB0229,EMEA-Asia,consortium,2014,7,4,18652.0,4,Suez,123.4,75.1,84.1,1,25,44,0,38.9,fishing_anchor,1,0.0
2022,CAB0229,EMEA-Asia,consortium,2014,8,4,18652.0,4,Suez,123.4,86.9,70.1,1,25,45,0,40.5,none,0,1.0
2023,CAB0229,EMEA-Asia,consortium,2014,9,4,18652.0,4,Suez,123.4,91.8,97.4,1,25,47,0,42.1,fishing_anchor,1,0.0
2024,CAB0229,EMEA-Asia,consortium,2014,10,4,18652.0,4,Suez,123.4,99.1,52.3,1,25,48,0,43.7,none,0,0.0
2025,CAB0229,EMEA-Asia,consortium,2014,11,4,18652.0,4,Suez,123.4,120.6,49.9,1,25,47,0,45.2,none,0,1.0
2026,CAB0229,EMEA-Asia,consortium,2014,12,4,18652.0,4,Suez,123.4,114.3,35.4,1,25,47,0,46.8,fishing_anchor,1,
2020,CAB0230,Intra-Pacific-Islands,carrier,2020,0,8,2573.0,5,None,315.4,70.4,25.2,1,25,40,0,0.0,none,0,0.0
2021,CAB0230,Intra-Pacific-Islands,carrier,2020,1,8,2573.0,5,None,315.4,105.6,54.2,1,25,41,0,1.6,none,0,0.0
2022,CAB0230,Intra-Pacific-Islands,carrier,2020,2,8,2573.0,5,None,315.4,130.7,20.8,1,25,43,0,3.2,none,0,0.0
2023,CAB0230,Intra-Pacific-Islands,carrier,2020,3,8,2573.0,5,None,315.4,135.1,63.2,1,25,45,0,4.8,none,0,0.0
2024,CAB0230,Intra-Pacific-Islands,carrier,2020,4,8,2573.0,5,None,315.4,144.4,80.3,1,25,48,0,6.3,none,0,0.0
2025,CAB0230,Intra-Pacific-Islands,carrier,2020,5,8,2573.0,5,None,315.4,154.7,56.8,1,25,50,0,7.9,none,0,0.0
2026,CAB0230,Intra-Pacific-Islands,carrier,2020,6,8,2573.0,5,None,315.4,192.2,68.9,1,25,51,0,9.5,none,0,
2015,CAB0231,Americas,consortium,2008,7,22,5466.0,4,None,490.3,316.1,49.4,0,25,28,1,46.8,fishing_anchor,1,0.0
2016,CAB0231,Americas,consortium,2008,8,22,5466.0,4,None,490.3,363.4,52.0,0,25,29,1,48.4,none,0,1.0
2017,CAB0231,Americas,consortium,2008,9,22,5466.0,4,None,490.3,356.7,40.4,0,25,29,1,50.0,natural_hazard,1,0.0
2018,CAB0231,Americas,consortium,2008,10,22,5466.0,4,None,490.3,421.3,39.7,0,25,31,1,51.6,none,0,0.0
2019,CAB0231,Americas,consortium,2008,11,22,5466.0,4,None,490.3,471.7,67.7,0,25,32,1,53.2,none,0,0.0
2020,CAB0231,Americas,consortium,2008,12,22,5466.0,4,None,490.3,490.3,43.2,0,25,33,1,54.8,none,0,0.0
2021,CAB0231,Americas,consortium,2008,13,22,5466.0,4,None,490.3,465.1,31.2,0,25,37,1,56.3,none,0,0.0
2022,CAB0231,Americas,consortium,2008,14,22,5466.0,4,None,490.3,490.3,85.6,0,25,37,1,57.9,none,0,1.0
2023,CAB0231,Americas,consortium,2008,15,22,5466.0,4,None,490.3,490.3,52.8,0,25,37,1,59.5,suspected_external,1,1.0
2024,CAB0231,Americas,consortium,2008,16,22,5466.0,4,None,490.3,490.3,97.5,0,25,39,1,61.1,fishing_anchor,1,0.0
2025,CAB0231,Americas,consortium,2008,17,22,5466.0,4,None,490.3,490.3,73.4,0,25,39,1,62.7,none,0,1.0
2026,CAB0231,Americas,consortium,2008,18,22,5466.0,4,None,490.3,490.3,99.5,0,25,40,0,44.4,fishing_anchor,1,
2015,CAB0232,Indian-Ocean,consortium,2011,4,12,5487.0,7,None,318.9,161.6,28.8,1,25,31,1,26.2,none,0,1.0
2016,CAB0232,Indian-Ocean,consortium,2011,5,12,5487.0,7,None,318.9,169.7,49.0,1,25,33,1,27.8,fishing_anchor,1,0.0
2017,CAB0232,Indian-Ocean,consortium,2011,6,12,5487.0,7,None,318.9,173.1,55.2,1,25,33,1,29.4,none,0,0.0
2018,CAB0232,Indian-Ocean,consortium,2011,7,12,5487.0,7,None,318.9,208.6,57.4,1,25,35,1,31.0,none,0,1.0
2019,CAB0232,Indian-Ocean,consortium,2011,8,12,5487.0,7,None,318.9,241.3,29.0,1,25,35,1,32.5,fishing_anchor,1,0.0
2020,CAB0232,Indian-Ocean,consortium,2011,9,12,5487.0,7,None,318.9,239.1,79.4,1,25,36,1,34.1,none,0,0.0
2021,CAB0232,Indian-Ocean,consortium,2011,10,12,5487.0,7,None,318.9,255.3,85.4,1,25,39,1,35.7,none,0,0.0
2022,CAB0232,Indian-Ocean,consortium,2011,11,12,5487.0,7,None,318.9,296.7,90.3,1,25,39,1,37.3,none,0,0.0
2023,CAB0232,Indian-Ocean,consortium,2011,12,12,5487.0,7,None,318.9,318.9,43.6,1,25,40,0,19.0,none,0,1.0
2024,CAB0232,Indian-Ocean,consortium,2011,13,12,5487.0,7,None,318.9,310.3,76.5,1,25,41,0,20.6,fishing_anchor,1,1.0
2025,CAB0232,Indian-Ocean,consortium,2011,14,12,5487.0,7,None,318.9,318.9,48.7,1,25,44,0,22.2,suspected_external,1,0.0
2026,CAB0232,Indian-Ocean,consortium,2011,15,12,5487.0,7,None,318.9,318.9,48.7,1,25,43,0,23.8,none,0,
2015,CAB0233,Trans-Pacific,hyperscaler,2004,11,6,10577.0,4,None,99.4,89.8,63.8,1,25,35,1,37.3,none,0,0.0
2016,CAB0233,Trans-Pacific,hyperscaler,2004,12,6,10577.0,4,None,99.4,93.3,83.4,1,25,37,1,38.9,none,0,0.0
2017,CAB0233,Trans-Pacific,hyperscaler,2004,13,6,10577.0,4,None,99.4,99.4,90.1,1,25,38,1,40.5,none,0,1.0
2018,CAB0233,Trans-Pacific,hyperscaler,2004,14,6,10577.0,4,None,99.4,99.4,60.2,1,25,39,1,42.1,fishing_anchor,1,0.0
2019,CAB0233,Trans-Pacific,hyperscaler,2004,15,6,10577.0,4,None,99.4,99.4,53.5,1,25,41,0,23.8,none,0,0.0
2020,CAB0233,Trans-Pacific,hyperscaler,2004,16,6,10577.0,4,None,99.4,99.4,75.6,1,25,42,0,25.4,none,0,0.0
2021,CAB0233,Trans-Pacific,hyperscaler,2004,17,6,10577.0,4,None,99.4,99.4,86.5,1,25,43,0,27.0,none,0,0.0
2022,CAB0233,Trans-Pacific,hyperscaler,2004,18,6,10577.0,4,None,99.4,99.4,48.3,1,25,45,0,28.6,none,0,0.0
2023,CAB0233,Trans-Pacific,hyperscaler,2004,19,6,10577.0,4,None,99.4,99.4,86.6,1,25,47,0,30.2,none,0,0.0
2024,CAB0233,Trans-Pacific,hyperscaler,2004,20,6,10577.0,4,None,99.4,99.4,84.8,1,25,49,0,31.7,none,0,0.0
2025,CAB0233,Trans-Pacific,hyperscaler,2004,21,6,10577.0,4,None,99.4,99.4,100.0,1,25,50,0,33.3,none,0,0.0
2026,CAB0233,Trans-Pacific,hyperscaler,2004,22,6,10577.0,4,None,99.4,99.4,100.0,1,25,48,0,34.9,none,0,
2015,CAB0234,Trans-Atlantic,carrier,2014,1,7,5200.0,6,None,216.0,42.7,84.6,0,25,33,1,37.3,none,0,0.0
2016,CAB0234,Trans-Atlantic,carrier,2014,2,7,5200.0,6,None,216.0,84.8,36.3,0,25,37,1,38.9,none,0,0.0
2017,CAB0234,Trans-Atlantic,carrier,2014,3,7,5200.0,6,None,216.0,98.2,33.3,0,25,37,1,40.5,none,0,0.0
2018,CAB0234,Trans-Atlantic,carrier,2014,4,7,5200.0,6,None,216.0,107.1,42.1,0,25,40,0,22.2,none,0,0.0
2019,CAB0234,Trans-Atlantic,carrier,2014,5,7,5200.0,6,None,216.0,113.1,45.9,0,25,45,0,23.8,none,0,0.0
2020,CAB0234,Trans-Atlantic,carrier,2014,6,7,5200.0,6,None,216.0,142.3,40.0,0,25,48,0,25.4,none,0,0.0
2021,CAB0234,Trans-Atlantic,carrier,2014,7,7,5200.0,6,None,216.0,148.6,48.7,0,25,50,0,27.0,none,0,0.0
2022,CAB0234,Trans-Atlantic,carrier,2014,8,7,5200.0,6,None,216.0,148.2,61.6,0,25,51,0,28.6,none,0,0.0
2023,CAB0234,Trans-Atlantic,carrier,2014,9,7,5200.0,6,None,216.0,174.5,33.2,0,25,54,0,30.2,none,0,0.0
2024,CAB0234,Trans-Atlantic,carrier,2014,10,7,5200.0,6,None,216.0,196.7,46.8,0,25,58,0,31.7,none,0,0.0
2025,CAB0234,Trans-Atlantic,carrier,2014,11,7,5200.0,6,None,216.0,191.1,58.1,0,25,62,0,33.3,none,0,0.0
2026,CAB0234,Trans-Atlantic,carrier,2014,12,7,5200.0,6,None,216.0,216.0,63.6,0,25,63,0,34.9,none,0,
2015,CAB0235,Intra-Pacific-Islands,consortium,2005,10,13,266.0,2,None,234.0,207.6,69.2,0,25,28,1,63.5,none,0,0.0
2016,CAB0235,Intra-Pacific-Islands,consortium,2005,11,13,266.0,2,None,234.0,234.0,50.2,0,25,29,1,65.1,none,0,0.0
2017,CAB0235,Intra-Pacific-Islands,consortium,2005,12,13,266.0,2,None,234.0,216.6,49.2,0,25,29,1,66.7,none,0,0.0
2018,CAB0235,Intra-Pacific-Islands,consortium,2005,13,13,266.0,2,None,234.0,230.7,36.5,0,25,30,1,68.3,none,0,0.0
2019,CAB0235,Intra-Pacific-Islands,consortium,2005,14,13,266.0,2,None,234.0,234.0,31.7,0,25,35,1,69.8,none,0,0.0
2020,CAB0235,Intra-Pacific-Islands,consortium,2005,15,13,266.0,2,None,234.0,234.0,43.3,0,25,40,0,51.6,none,0,0.0
2021,CAB0235,Intra-Pacific-Islands,consortium,2005,16,13,266.0,2,None,234.0,234.0,67.4,0,25,41,0,53.2,none,0,0.0
2022,CAB0235,Intra-Pacific-Islands,consortium,2005,17,13,266.0,2,None,234.0,234.0,83.5,0,25,43,0,54.8,none,0,0.0
2023,CAB0235,Intra-Pacific-Islands,consortium,2005,18,13,266.0,2,None,234.0,234.0,87.8,0,25,45,0,56.3,none,0,0.0
2024,CAB0235,Intra-Pacific-Islands,consortium,2005,19,13,266.0,2,None,234.0,234.0,100.0,0,25,48,0,57.9,none,0,0.0
2025,CAB0235,Intra-Pacific-Islands,consortium,2005,20,13,266.0,2,None,234.0,234.0,70.8,0,25,50,0,59.5,none,0,0.0
2026,CAB0235,Intra-Pacific-Islands,consortium,2005,21,13,266.0,2,None,234.0,234.0,75.8,0,25,51,0,61.1,none,0,
2023,CAB0236,Trans-Atlantic,consortium,2023,0,5,5892.0,6,None,218.6,46.9,24.3,0,25,54,0,15.9,none,0,0.0
2024,CAB0236,Trans-Atlantic,consortium,2023,1,5,5892.0,6,None,218.6,62.1,26.6,0,25,58,0,17.5,none,0,0.0
2025,CAB0236,Trans-Atlantic,consortium,2023,2,5,5892.0,6,None,218.6,77.1,31.0,0,25,62,0,19.0,none,0,0.0
2026,CAB0236,Trans-Atlantic,consortium,2023,3,5,5892.0,6,None,218.6,132.7,47.6,0,25,63,0,20.6,none,0,
2020,CAB0237,Trans-Atlantic,consortium,2020,0,33,5519.0,8,None,1301.1,164.5,34.6,1,25,48,0,0.0,none,0,0.0
2021,CAB0237,Trans-Atlantic,consortium,2020,1,33,5519.0,8,None,1301.1,486.2,49.0,1,25,50,0,1.6,none,0,0.0
2022,CAB0237,Trans-Atlantic,consortium,2020,2,33,5519.0,8,None,1301.1,657.3,32.6,1,25,51,0,3.2,none,0,0.0
2023,CAB0237,Trans-Atlantic,consortium,2020,3,33,5519.0,8,None,1301.1,560.0,31.6,1,25,54,0,4.8,none,0,1.0
2024,CAB0237,Trans-Atlantic,consortium,2020,4,33,5519.0,8,None,1301.1,579.9,16.3,1,25,58,0,6.3,fishing_anchor,1,1.0
2025,CAB0237,Trans-Atlantic,consortium,2020,5,33,5519.0,8,None,1301.1,704.6,55.1,1,25,62,0,7.9,fishing_anchor,1,0.0
2026,CAB0237,Trans-Atlantic,consortium,2020,6,33,5519.0,8,None,1301.1,745.0,57.3,1,25,63,0,9.5,none,0,
2015,CAB0238,Africa-Coastal,consortium,2005,10,3,10096.0,6,None,54.0,46.6,55.3,0,25,36,1,51.6,none,0,0.0
2016,CAB0238,Africa-Coastal,consortium,2005,11,3,10096.0,6,None,54.0,49.2,79.1,0,25,37,1,53.2,none,0,1.0
2017,CAB0238,Africa-Coastal,consortium,2005,12,3,10096.0,6,None,54.0,48.7,50.7,0,25,40,0,34.9,fishing_anchor,1,0.0
2018,CAB0238,Africa-Coastal,consortium,2005,13,3,10096.0,6,None,54.0,54.0,39.6,0,25,40,0,36.5,none,0,1.0
2019,CAB0238,Africa-Coastal,consortium,2005,14,3,10096.0,6,None,54.0,54.0,32.4,0,25,42,0,38.1,fishing_anchor,1,0.0
2020,CAB0238,Africa-Coastal,consortium,2005,15,3,10096.0,6,None,54.0,54.0,56.4,0,25,43,0,39.7,none,0,0.0
2021,CAB0238,Africa-Coastal,consortium,2005,16,3,10096.0,6,None,54.0,54.0,100.0,0,25,44,0,41.3,none,0,0.0
2022,CAB0238,Africa-Coastal,consortium,2005,17,3,10096.0,6,None,54.0,54.0,100.0,0,25,45,0,42.9,none,0,0.0
2023,CAB0238,Africa-Coastal,consortium,2005,18,3,10096.0,6,None,54.0,54.0,40.1,0,25,47,0,44.4,none,0,0.0
2024,CAB0238,Africa-Coastal,consortium,2005,19,3,10096.0,6,None,54.0,54.0,85.5,0,25,49,0,46.0,none,0,0.0
2025,CAB0238,Africa-Coastal,consortium,2005,20,3,10096.0,6,None,54.0,54.0,100.0,0,25,52,0,47.6,none,0,0.0
2026,CAB0238,Africa-Coastal,consortium,2005,21,3,10096.0,6,None,54.0,54.0,100.0,0,25,53,0,49.2,none,0,
2015,CAB0239,Intra-Asia,carrier,2010,5,4,2524.0,3,Malacca,100.6,49.3,93.3,1,25,53,0,35.7,fishing_anchor,1,1.0
2016,CAB0239,Intra-Asia,carrier,2010,6,4,2524.0,3,Malacca,100.6,62.6,50.2,1,25,59,0,37.3,fishing_anchor,1,1.0
2017,CAB0239,Intra-Asia,carrier,2010,7,4,2524.0,3,Malacca,100.6,60.8,37.1,1,25,60,0,38.9,fishing_anchor,1,0.0
2018,CAB0239,Intra-Asia,carrier,2010,8,4,2524.0,3,Malacca,100.6,81.8,28.2,1,25,62,0,40.5,none,0,1.0
2019,CAB0239,Intra-Asia,carrier,2010,9,4,2524.0,3,Malacca,100.6,86.3,43.4,1,25,64,0,42.1,fishing_anchor,1,0.0
2020,CAB0239,Intra-Asia,carrier,2010,10,4,2524.0,3,Malacca,100.6,96.9,48.3,1,25,66,0,43.7,none,0,1.0
2021,CAB0239,Intra-Asia,carrier,2010,11,4,2524.0,3,Malacca,100.6,89.5,72.8,1,25,69,0,45.2,fishing_anchor,1,0.0
2022,CAB0239,Intra-Asia,carrier,2010,12,4,2524.0,3,Malacca,100.6,88.4,33.6,1,25,70,0,46.8,none,0,1.0
2023,CAB0239,Intra-Asia,carrier,2010,13,4,2524.0,3,Malacca,100.6,100.6,36.8,1,25,70,0,48.4,fishing_anchor,1,0.0
2024,CAB0239,Intra-Asia,carrier,2010,14,4,2524.0,3,Malacca,100.6,100.6,73.4,1,25,75,0,50.0,none,0,0.0
2025,CAB0239,Intra-Asia,carrier,2010,15,4,2524.0,3,Malacca,100.6,100.6,100.0,1,25,77,0,51.6,none,0,0.0
2026,CAB0239,Intra-Asia,carrier,2010,16,4,2524.0,3,Malacca,100.6,100.6,66.1,1,25,77,0,53.2,none,0,
2015,CAB0240,EMEA-Asia,carrier,2001,14,2,12820.0,7,Suez,24.6,24.2,57.3,0,25,27,1,85.7,fishing_anchor,1,0.0
2016,CAB0240,EMEA-Asia,carrier,2001,15,2,12820.0,7,Suez,24.6,24.6,91.0,0,25,29,1,87.3,none,0,0.0
2017,CAB0240,EMEA-Asia,carrier,2001,16,2,12820.0,7,Suez,24.6,24.6,100.0,0,25,32,1,88.9,none,0,0.0
2018,CAB0240,EMEA-Asia,carrier,2001,17,2,12820.0,7,Suez,24.6,24.6,59.1,0,25,34,1,90.5,none,0,1.0
2019,CAB0240,EMEA-Asia,carrier,2001,18,2,12820.0,7,Suez,24.6,24.6,70.3,0,25,37,1,92.1,fishing_anchor,1,0.0
2020,CAB0240,EMEA-Asia,carrier,2001,19,2,12820.0,7,Suez,24.6,24.6,81.3,0,25,40,0,73.8,none,0,1.0
2021,CAB0240,EMEA-Asia,carrier,2001,20,2,12820.0,7,Suez,24.6,24.6,100.0,0,25,44,0,75.4,fishing_anchor,1,0.0
2022,CAB0240,EMEA-Asia,carrier,2001,21,2,12820.0,7,Suez,24.6,24.6,62.3,0,25,45,0,77.0,none,0,0.0
2023,CAB0240,EMEA-Asia,carrier,2001,22,2,12820.0,7,Suez,24.6,24.6,100.0,0,25,47,0,78.6,none,0,1.0
2024,CAB0240,EMEA-Asia,carrier,2001,23,2,12820.0,7,Suez,24.6,24.6,100.0,0,25,48,0,80.2,fishing_anchor,1,0.0
2025,CAB0240,EMEA-Asia,carrier,2001,24,2,12820.0,7,Suez,24.6,24.6,76.0,0,25,47,0,81.7,none,0,0.0
2026,CAB0240,EMEA-Asia,carrier,2001,25,2,12820.0,7,Suez,24.6,24.6,62.1,0,25,47,0,83.3,none,0,
2015,CAB0241,Americas,carrier,2008,7,5,6875.0,4,None,111.4,73.2,25.9,1,25,28,1,31.0,fishing_anchor,1,0.0
2016,CAB0241,Americas,carrier,2008,8,5,6875.0,4,None,111.4,76.3,62.1,1,25,29,1,32.5,none,0,0.0
2017,CAB0241,Americas,carrier,2008,9,5,6875.0,4,None,111.4,87.5,22.2,1,25,29,1,34.1,none,0,0.0
2018,CAB0241,Americas,carrier,2008,10,5,6875.0,4,None,111.4,89.6,37.6,1,25,31,1,35.7,none,0,0.0
2019,CAB0241,Americas,carrier,2008,11,5,6875.0,4,None,111.4,99.5,48.1,1,25,32,1,37.3,none,0,0.0
2020,CAB0241,Americas,carrier,2008,12,5,6875.0,4,None,111.4,107.9,68.4,1,25,33,1,38.9,none,0,1.0
2021,CAB0241,Americas,carrier,2008,13,5,6875.0,4,None,111.4,111.4,40.9,1,25,37,1,40.5,fishing_anchor,1,0.0
2022,CAB0241,Americas,carrier,2008,14,5,6875.0,4,None,111.4,111.4,38.1,1,25,37,1,42.1,none,0,0.0
2023,CAB0241,Americas,carrier,2008,15,5,6875.0,4,None,111.4,111.4,100.0,1,25,37,1,43.7,none,0,0.0
2024,CAB0241,Americas,carrier,2008,16,5,6875.0,4,None,111.4,111.4,77.5,1,25,39,1,45.2,none,0,1.0
2025,CAB0241,Americas,carrier,2008,17,5,6875.0,4,None,111.4,111.4,67.4,1,25,39,1,46.8,natural_hazard,1,0.0
2026,CAB0241,Americas,carrier,2008,18,5,6875.0,4,None,111.4,111.4,92.4,1,25,40,0,28.6,none,0,
2015,CAB0242,Indian-Ocean,carrier,2009,6,15,10273.0,4,None,355.7,204.8,86.6,1,25,31,1,29.4,none,0,1.0
2016,CAB0242,Indian-Ocean,carrier,2009,7,15,10273.0,4,None,355.7,239.7,56.0,1,25,33,1,31.0,fishing_anchor,1,0.0
2017,CAB0242,Indian-Ocean,carrier,2009,8,15,10273.0,4,None,355.7,270.3,94.7,1,25,33,1,32.5,none,0,0.0
2018,CAB0242,Indian-Ocean,carrier,2009,9,15,10273.0,4,None,355.7,286.5,67.8,1,25,35,1,34.1,none,0,0.0
2019,CAB0242,Indian-Ocean,carrier,2009,10,15,10273.0,4,None,355.7,288.7,70.2,1,25,35,1,35.7,none,0,0.0
2020,CAB0242,Indian-Ocean,carrier,2009,11,15,10273.0,4,None,355.7,342.5,78.3,1,25,36,1,37.3,none,0,0.0
2021,CAB0242,Indian-Ocean,carrier,2009,12,15,10273.0,4,None,355.7,341.6,89.2,1,25,39,1,38.9,none,0,0.0
2022,CAB0242,Indian-Ocean,carrier,2009,13,15,10273.0,4,None,355.7,355.7,40.2,1,25,39,1,40.5,none,0,0.0
2023,CAB0242,Indian-Ocean,carrier,2009,14,15,10273.0,4,None,355.7,355.7,73.1,1,25,40,0,22.2,none,0,0.0
2024,CAB0242,Indian-Ocean,carrier,2009,15,15,10273.0,4,None,355.7,355.7,52.2,1,25,41,0,23.8,none,0,0.0
2025,CAB0242,Indian-Ocean,carrier,2009,16,15,10273.0,4,None,355.7,355.7,85.7,1,25,44,0,25.4,none,0,0.0
2026,CAB0242,Indian-Ocean,carrier,2009,17,15,10273.0,4,None,355.7,355.7,62.5,1,25,43,0,27.0,none,0,
2017,CAB0243,Intra-Europe,carrier,2017,0,10,2939.0,9,None,351.4,85.9,54.2,0,25,44,0,15.9,fishing_anchor,1,0.0
2018,CAB0243,Intra-Europe,carrier,2017,1,10,2939.0,9,None,351.4,108.9,17.5,0,25,45,0,17.5,none,0,1.0
2019,CAB0243,Intra-Europe,carrier,2017,2,10,2939.0,9,None,351.4,158.3,35.9,0,25,47,0,19.0,fishing_anchor,1,0.0
2020,CAB0243,Intra-Europe,carrier,2017,3,10,2939.0,9,None,351.4,152.6,17.5,0,25,49,0,20.6,none,0,1.0
2021,CAB0243,Intra-Europe,carrier,2017,4,10,2939.0,9,None,351.4,181.1,42.0,0,25,49,0,22.2,fishing_anchor,1,0.0
2022,CAB0243,Intra-Europe,carrier,2017,5,10,2939.0,9,None,351.4,169.9,92.8,0,25,52,0,23.8,none,0,0.0
2023,CAB0243,Intra-Europe,carrier,2017,6,10,2939.0,9,None,351.4,244.1,79.7,0,25,53,0,25.4,none,0,0.0
2024,CAB0243,Intra-Europe,carrier,2017,7,10,2939.0,9,None,351.4,227.8,69.4,0,25,53,0,27.0,none,0,0.0
2025,CAB0243,Intra-Europe,carrier,2017,8,10,2939.0,9,None,351.4,255.1,48.0,0,25,58,0,28.6,none,0,0.0
2026,CAB0243,Intra-Europe,carrier,2017,9,10,2939.0,9,None,351.4,283.0,45.9,0,25,60,0,30.2,none,0,
2015,CAB0244,Trans-Pacific,carrier,2010,5,6,9341.0,7,None,150.9,95.4,54.5,1,25,35,1,27.8,none,0,0.0
2016,CAB0244,Trans-Pacific,carrier,2010,6,6,9341.0,7,None,150.9,88.0,54.5,1,25,37,1,29.4,none,0,0.0
2017,CAB0244,Trans-Pacific,carrier,2010,7,6,9341.0,7,None,150.9,102.2,30.9,1,25,38,1,31.0,none,0,1.0
2018,CAB0244,Trans-Pacific,carrier,2010,8,6,9341.0,7,None,150.9,108.4,48.6,1,25,39,1,32.5,equipment,1,0.0
2019,CAB0244,Trans-Pacific,carrier,2010,9,6,9341.0,7,None,150.9,129.2,57.0,1,25,41,0,14.3,none,0,0.0
2020,CAB0244,Trans-Pacific,carrier,2010,10,6,9341.0,7,None,150.9,140.7,53.3,1,25,42,0,15.9,none,0,1.0
2021,CAB0244,Trans-Pacific,carrier,2010,11,6,9341.0,7,None,150.9,135.6,58.1,1,25,43,0,17.5,natural_hazard,1,1.0
2022,CAB0244,Trans-Pacific,carrier,2010,12,6,9341.0,7,None,150.9,140.2,100.0,1,25,45,0,19.0,natural_hazard,1,0.0
2023,CAB0244,Trans-Pacific,carrier,2010,13,6,9341.0,7,None,150.9,150.9,53.5,1,25,47,0,20.6,none,0,0.0
2024,CAB0244,Trans-Pacific,carrier,2010,14,6,9341.0,7,None,150.9,150.9,64.4,1,25,49,0,22.2,none,0,0.0
2025,CAB0244,Trans-Pacific,carrier,2010,15,6,9341.0,7,None,150.9,150.9,53.3,1,25,50,0,23.8,none,0,1.0
2026,CAB0244,Trans-Pacific,carrier,2010,16,6,9341.0,7,None,150.9,150.9,46.8,1,25,48,0,25.4,fishing_anchor,1,
2015,CAB0245,Africa-Coastal,consortium,2015,0,14,8315.0,6,None,452.0,133.8,73.0,1,25,36,1,19.8,none,0,0.0
2016,CAB0245,Africa-Coastal,consortium,2015,1,14,8315.0,6,None,452.0,119.0,20.6,1,25,37,1,21.4,none,0,0.0
2017,CAB0245,Africa-Coastal,consortium,2015,2,14,8315.0,6,None,452.0,164.2,66.0,1,25,40,0,3.2,none,0,0.0
2018,CAB0245,Africa-Coastal,consortium,2015,3,14,8315.0,6,None,452.0,163.7,37.6,1,25,40,0,4.8,none,0,0.0
2019,CAB0245,Africa-Coastal,consortium,2015,4,14,8315.0,6,None,452.0,231.5,40.7,1,25,42,0,6.3,none,0,0.0
2020,CAB0245,Africa-Coastal,consortium,2015,5,14,8315.0,6,None,452.0,225.8,37.4,1,25,43,0,7.9,none,0,0.0
2021,CAB0245,Africa-Coastal,consortium,2015,6,14,8315.0,6,None,452.0,292.3,41.4,1,25,44,0,9.5,none,0,1.0
2022,CAB0245,Africa-Coastal,consortium,2015,7,14,8315.0,6,None,452.0,296.1,57.8,1,25,45,0,11.1,natural_hazard,1,0.0
2023,CAB0245,Africa-Coastal,consortium,2015,8,14,8315.0,6,None,452.0,316.1,42.1,1,25,47,0,12.7,none,0,0.0
2024,CAB0245,Africa-Coastal,consortium,2015,9,14,8315.0,6,None,452.0,356.8,74.0,1,25,49,0,14.3,none,0,1.0
2025,CAB0245,Africa-Coastal,consortium,2015,10,14,8315.0,6,None,452.0,400.3,32.5,1,25,52,0,15.9,fishing_anchor,1,1.0
2026,CAB0245,Africa-Coastal,consortium,2015,11,14,8315.0,6,None,452.0,407.0,78.9,1,25,53,0,17.5,suspected_external,1,
2019,CAB0246,Intra-Asia,carrier,2019,0,8,4148.0,5,Taiwan-Strait,304.0,64.2,74.6,1,25,64,0,27.8,none,0,0.0
2020,CAB0246,Intra-Asia,carrier,2019,1,8,4148.0,5,Taiwan-Strait,304.0,118.6,22.8,1,25,66,0,29.4,none,0,0.0
2021,CAB0246,Intra-Asia,carrier,2019,2,8,4148.0,5,Taiwan-Strait,304.0,125.0,65.4,1,25,69,0,31.0,none,0,0.0
2022,CAB0246,Intra-Asia,carrier,2019,3,8,4148.0,5,Taiwan-Strait,304.0,169.9,14.5,1,25,70,0,32.5,none,0,0.0
2023,CAB0246,Intra-Asia,carrier,2019,4,8,4148.0,5,Taiwan-Strait,304.0,168.6,40.4,1,25,70,0,34.1,none,0,0.0
2024,CAB0246,Intra-Asia,carrier,2019,5,8,4148.0,5,Taiwan-Strait,304.0,142.2,27.3,1,25,75,0,35.7,none,0,0.0
2025,CAB0246,Intra-Asia,carrier,2019,6,8,4148.0,5,Taiwan-Strait,304.0,182.8,59.8,1,25,77,0,37.3,none,0,0.0
2026,CAB0246,Intra-Asia,carrier,2019,7,8,4148.0,5,Taiwan-Strait,304.0,190.5,89.5,1,25,77,0,38.9,none,0,
2015,CAB0247,Intra-Asia,consortium,2007,8,11,6643.0,4,None,229.4,177.0,64.4,1,25,53,0,12.7,none,0,0.0
2016,CAB0247,Intra-Asia,consortium,2007,9,11,6643.0,4,None,229.4,192.4,67.9,1,25,59,0,14.3,none,0,0.0
2017,CAB0247,Intra-Asia,consortium,2007,10,11,6643.0,4,None,229.4,190.9,68.2,1,25,60,0,15.9,none,0,0.0
2018,CAB0247,Intra-Asia,consortium,2007,11,11,6643.0,4,None,229.4,223.2,42.9,1,25,62,0,17.5,none,0,0.0
2019,CAB0247,Intra-Asia,consortium,2007,12,11,6643.0,4,None,229.4,210.4,61.0,1,25,64,0,19.0,none,0,0.0
2020,CAB0247,Intra-Asia,consortium,2007,13,11,6643.0,4,None,229.4,229.4,39.9,1,25,66,0,20.6,none,0,0.0
2021,CAB0247,Intra-Asia,consortium,2007,14,11,6643.0,4,None,229.4,229.4,41.9,1,25,69,0,22.2,none,0,0.0
2022,CAB0247,Intra-Asia,consortium,2007,15,11,6643.0,4,None,229.4,229.4,76.2,1,25,70,0,23.8,none,0,0.0
2023,CAB0247,Intra-Asia,consortium,2007,16,11,6643.0,4,None,229.4,229.4,82.4,1,25,70,0,25.4,none,0,1.0
2024,CAB0247,Intra-Asia,consortium,2007,17,11,6643.0,4,None,229.4,229.4,100.0,1,25,75,0,27.0,fishing_anchor,1,0.0
2025,CAB0247,Intra-Asia,consortium,2007,18,11,6643.0,4,None,229.4,229.4,100.0,1,25,77,0,28.6,none,0,1.0
2026,CAB0247,Intra-Asia,consortium,2007,19,11,6643.0,4,None,229.4,229.4,80.1,1,25,77,0,30.2,natural_hazard,1,
2020,CAB0248,Trans-Atlantic,hyperscaler,2020,0,16,6628.0,4,None,630.9,127.9,41.5,1,25,48,0,0.0,none,0,0.0
2021,CAB0248,Trans-Atlantic,hyperscaler,2020,1,16,6628.0,4,None,630.9,246.2,15.5,1,25,50,0,1.6,none,0,0.0
2022,CAB0248,Trans-Atlantic,hyperscaler,2020,2,16,6628.0,4,None,630.9,226.7,26.9,1,25,51,0,3.2,none,0,0.0
2023,CAB0248,Trans-Atlantic,hyperscaler,2020,3,16,6628.0,4,None,630.9,301.7,34.7,1,25,54,0,4.8,none,0,0.0
2024,CAB0248,Trans-Atlantic,hyperscaler,2020,4,16,6628.0,4,None,630.9,334.9,39.0,1,25,58,0,6.3,none,0,0.0
2025,CAB0248,Trans-Atlantic,hyperscaler,2020,5,16,6628.0,4,None,630.9,360.1,47.5,1,25,62,0,7.9,none,0,0.0
2026,CAB0248,Trans-Atlantic,hyperscaler,2020,6,16,6628.0,4,None,630.9,362.0,57.3,1,25,63,0,9.5,none,0,
2015,CAB0249,Intra-Pacific-Islands,carrier,2002,13,26,2539.0,2,None,356.6,352.1,74.8,1,25,28,1,52.4,none,0,0.0
2016,CAB0249,Intra-Pacific-Islands,carrier,2002,14,26,2539.0,2,None,356.6,356.6,69.2,1,25,29,1,54.0,none,0,0.0
2017,CAB0249,Intra-Pacific-Islands,carrier,2002,15,26,2539.0,2,None,356.6,356.6,100.0,1,25,29,1,55.6,none,0,0.0
2018,CAB0249,Intra-Pacific-Islands,carrier,2002,16,26,2539.0,2,None,356.6,356.6,97.9,1,25,30,1,57.1,none,0,0.0
2019,CAB0249,Intra-Pacific-Islands,carrier,2002,17,26,2539.0,2,None,356.6,356.6,93.2,1,25,35,1,58.7,none,0,0.0
2020,CAB0249,Intra-Pacific-Islands,carrier,2002,18,26,2539.0,2,None,356.6,356.6,100.0,1,25,40,0,40.5,none,0,1.0
2021,CAB0249,Intra-Pacific-Islands,carrier,2002,19,26,2539.0,2,None,356.6,356.6,100.0,1,25,41,0,42.1,fishing_anchor,1,1.0
2022,CAB0249,Intra-Pacific-Islands,carrier,2002,20,26,2539.0,2,None,356.6,356.6,98.0,1,25,43,0,43.7,fishing_anchor,1,0.0
2023,CAB0249,Intra-Pacific-Islands,carrier,2002,21,26,2539.0,2,None,356.6,356.6,54.1,1,25,45,0,45.2,none,0,0.0
2024,CAB0249,Intra-Pacific-Islands,carrier,2002,22,26,2539.0,2,None,356.6,356.6,61.5,1,25,48,0,46.8,none,0,0.0
2025,CAB0249,Intra-Pacific-Islands,carrier,2002,23,26,2539.0,2,None,356.6,356.6,80.9,1,25,50,0,48.4,none,0,0.0
2026,CAB0249,Intra-Pacific-Islands,carrier,2002,24,26,2539.0,2,None,356.6,356.6,100.0,1,25,51,0,50.0,none,0,
2020,CAB0250,Intra-Europe,consortium,2020,0,5,1825.0,5,None,197.1,28.2,59.7,0,25,49,0,15.9,none,0,0.0
2021,CAB0250,Intra-Europe,consortium,2020,1,5,1825.0,5,None,197.1,59.3,19.7,0,25,49,0,17.5,none,0,0.0
2022,CAB0250,Intra-Europe,consortium,2020,2,5,1825.0,5,None,197.1,96.9,9.7,0,25,52,0,19.0,none,0,0.0
2023,CAB0250,Intra-Europe,consortium,2020,3,5,1825.0,5,None,197.1,77.8,47.7,0,25,53,0,20.6,none,0,0.0
2024,CAB0250,Intra-Europe,consortium,2020,4,5,1825.0,5,None,197.1,109.6,66.8,0,25,53,0,22.2,none,0,0.0
2025,CAB0250,Intra-Europe,consortium,2020,5,5,1825.0,5,None,197.1,106.4,93.8,0,25,58,0,23.8,none,0,0.0
2026,CAB0250,Intra-Europe,consortium,2020,6,5,1825.0,5,None,197.1,137.7,43.4,0,25,60,0,25.4,none,0,
2015,CAB0251,Intra-Europe,consortium,2014,1,42,2571.0,5,None,1296.0,387.6,46.9,0,25,41,0,17.5,none,0,0.0
2016,CAB0251,Intra-Europe,consortium,2014,2,42,2571.0,5,None,1296.0,410.1,54.0,0,25,42,0,19.0,none,0,1.0
2017,CAB0251,Intra-Europe,consortium,2014,3,42,2571.0,5,None,1296.0,507.0,83.3,0,25,44,0,20.6,fishing_anchor,1,0.0
2018,CAB0251,Intra-Europe,consortium,2014,4,42,2571.0,5,None,1296.0,620.3,35.7,0,25,45,0,22.2,none,0,0.0
2019,CAB0251,Intra-Europe,consortium,2014,5,42,2571.0,5,None,1296.0,589.3,59.6,0,25,47,0,23.8,none,0,0.0
2020,CAB0251,Intra-Europe,consortium,2014,6,42,2571.0,5,None,1296.0,732.1,39.5,0,25,49,0,25.4,none,0,0.0
2021,CAB0251,Intra-Europe,consortium,2014,7,42,2571.0,5,None,1296.0,838.9,61.4,0,25,49,0,27.0,none,0,0.0
2022,CAB0251,Intra-Europe,consortium,2014,8,42,2571.0,5,None,1296.0,935.0,57.8,0,25,52,0,28.6,none,0,0.0
2023,CAB0251,Intra-Europe,consortium,2014,9,42,2571.0,5,None,1296.0,910.1,57.8,0,25,53,0,30.2,none,0,0.0
2024,CAB0251,Intra-Europe,consortium,2014,10,42,2571.0,5,None,1296.0,1074.8,53.9,0,25,53,0,31.7,none,0,0.0
2025,CAB0251,Intra-Europe,consortium,2014,11,42,2571.0,5,None,1296.0,1292.8,35.0,0,25,58,0,33.3,none,0,0.0
2026,CAB0251,Intra-Europe,consortium,2014,12,42,2571.0,5,None,1296.0,1252.3,30.7,0,25,60,0,34.9,none,0,
2015,CAB0252,Africa-Coastal,carrier,2008,7,34,10369.0,6,None,757.7,487.1,53.5,0,25,36,1,46.8,none,0,0.0
2016,CAB0252,Africa-Coastal,carrier,2008,8,34,10369.0,6,None,757.7,609.9,47.9,0,25,37,1,48.4,none,0,0.0
2017,CAB0252,Africa-Coastal,carrier,2008,9,34,10369.0,6,None,757.7,593.6,72.4,0,25,40,0,30.2,none,0,1.0
2018,CAB0252,Africa-Coastal,carrier,2008,10,34,10369.0,6,None,757.7,713.1,26.1,0,25,40,0,31.7,suspected_external,1,0.0
2019,CAB0252,Africa-Coastal,carrier,2008,11,34,10369.0,6,None,757.7,730.1,47.9,0,25,42,0,33.3,none,0,0.0
2020,CAB0252,Africa-Coastal,carrier,2008,12,34,10369.0,6,None,757.7,757.7,100.0,0,25,43,0,34.9,none,0,0.0
2021,CAB0252,Africa-Coastal,carrier,2008,13,34,10369.0,6,None,757.7,726.2,55.0,0,25,44,0,36.5,none,0,1.0
2022,CAB0252,Africa-Coastal,carrier,2008,14,34,10369.0,6,None,757.7,757.7,49.4,0,25,45,0,38.1,fishing_anchor,1,0.0
2023,CAB0252,Africa-Coastal,carrier,2008,15,34,10369.0,6,None,757.7,757.7,55.5,0,25,47,0,39.7,none,0,0.0
2024,CAB0252,Africa-Coastal,carrier,2008,16,34,10369.0,6,None,757.7,757.7,68.0,0,25,49,0,41.3,none,0,0.0
2025,CAB0252,Africa-Coastal,carrier,2008,17,34,10369.0,6,None,757.7,757.7,100.0,0,25,52,0,42.9,none,0,0.0
2026,CAB0252,Africa-Coastal,carrier,2008,18,34,10369.0,6,None,757.7,757.7,55.8,0,25,53,0,44.4,none,0,
2015,CAB0253,Trans-Pacific,consortium,2010,5,6,12489.0,9,None,150.9,84.2,23.8,1,25,35,1,27.8,none,0,0.0
2016,CAB0253,Trans-Pacific,consortium,2010,6,6,12489.0,9,None,150.9,91.4,82.0,1,25,37,1,29.4,none,0,0.0
2017,CAB0253,Trans-Pacific,consortium,2010,7,6,12489.0,9,None,150.9,87.2,25.2,1,25,38,1,31.0,none,0,1.0
2018,CAB0253,Trans-Pacific,consortium,2010,8,6,12489.0,9,None,150.9,119.1,44.5,1,25,39,1,32.5,fishing_anchor,1,0.0
2019,CAB0253,Trans-Pacific,consortium,2010,9,6,12489.0,9,None,150.9,121.8,52.4,1,25,41,0,14.3,none,0,0.0
2020,CAB0253,Trans-Pacific,consortium,2010,10,6,12489.0,9,None,150.9,141.0,45.1,1,25,42,0,15.9,none,0,0.0
2021,CAB0253,Trans-Pacific,consortium,2010,11,6,12489.0,9,None,150.9,136.3,34.4,1,25,43,0,17.5,none,0,0.0
2022,CAB0253,Trans-Pacific,consortium,2010,12,6,12489.0,9,None,150.9,149.1,100.0,1,25,45,0,19.0,none,0,0.0
2023,CAB0253,Trans-Pacific,consortium,2010,13,6,12489.0,9,None,150.9,150.1,96.0,1,25,47,0,20.6,none,0,0.0
2024,CAB0253,Trans-Pacific,consortium,2010,14,6,12489.0,9,None,150.9,150.9,60.4,1,25,49,0,22.2,none,0,0.0
2025,CAB0253,Trans-Pacific,consortium,2010,15,6,12489.0,9,None,150.9,150.9,65.1,1,25,50,0,23.8,none,0,0.0
2026,CAB0253,Trans-Pacific,consortium,2010,16,6,12489.0,9,None,150.9,150.9,65.7,1,25,48,0,25.4,none,0,
2015,CAB0254,Trans-Pacific,carrier,2007,8,14,14822.0,5,None,292.0,228.3,71.8,0,25,35,1,48.4,fishing_anchor,1,0.0
2016,CAB0254,Trans-Pacific,carrier,2007,9,14,14822.0,5,None,292.0,254.7,59.4,0,25,37,1,50.0,none,0,0.0
2017,CAB0254,Trans-Pacific,carrier,2007,10,14,14822.0,5,None,292.0,231.9,50.5,0,25,38,1,51.6,none,0,0.0
2018,CAB0254,Trans-Pacific,carrier,2007,11,14,14822.0,5,None,292.0,267.8,45.1,0,25,39,1,53.2,none,0,1.0
2019,CAB0254,Trans-Pacific,carrier,2007,12,14,14822.0,5,None,292.0,273.0,78.6,0,25,41,0,34.9,fishing_anchor,1,0.0
2020,CAB0254,Trans-Pacific,carrier,2007,13,14,14822.0,5,None,292.0,292.0,57.0,0,25,42,0,36.5,none,0,0.0
2021,CAB0254,Trans-Pacific,carrier,2007,14,14,14822.0,5,None,292.0,292.0,68.3,0,25,43,0,38.1,none,0,0.0
2022,CAB0254,Trans-Pacific,carrier,2007,15,14,14822.0,5,None,292.0,292.0,44.3,0,25,45,0,39.7,none,0,1.0
2023,CAB0254,Trans-Pacific,carrier,2007,16,14,14822.0,5,None,292.0,292.0,100.0,0,25,47,0,41.3,fishing_anchor,1,0.0
2024,CAB0254,Trans-Pacific,carrier,2007,17,14,14822.0,5,None,292.0,292.0,100.0,0,25,49,0,42.9,none,0,0.0
2025,CAB0254,Trans-Pacific,carrier,2007,18,14,14822.0,5,None,292.0,292.0,100.0,0,25,50,0,44.4,none,0,0.0
2026,CAB0254,Trans-Pacific,carrier,2007,19,14,14822.0,5,None,292.0,292.0,46.0,0,25,48,0,46.0,none,0,
2025,CAB0255,Intra-Europe,consortium,2025,0,12,2199.0,5,None,558.9,90.2,25.3,0,25,58,0,15.9,none,0,0.0
2026,CAB0255,Intra-Europe,consortium,2025,1,12,2199.0,5,None,558.9,194.9,70.7,0,25,60,0,17.5,none,0,
2015,CAB0256,Intra-Asia,hyperscaler,2008,7,22,3060.0,5,None,490.3,350.1,38.9,1,25,53,0,11.1,none,0,0.0
2016,CAB0256,Intra-Asia,hyperscaler,2008,8,22,3060.0,5,None,490.3,376.3,45.3,1,25,59,0,12.7,none,0,0.0
2017,CAB0256,Intra-Asia,hyperscaler,2008,9,22,3060.0,5,None,490.3,417.5,28.8,1,25,60,0,14.3,none,0,0.0
2018,CAB0256,Intra-Asia,hyperscaler,2008,10,22,3060.0,5,None,490.3,405.3,37.9,1,25,62,0,15.9,none,0,0.0
2019,CAB0256,Intra-Asia,hyperscaler,2008,11,22,3060.0,5,None,490.3,440.3,39.3,1,25,64,0,17.5,none,0,0.0
2020,CAB0256,Intra-Asia,hyperscaler,2008,12,22,3060.0,5,None,490.3,490.3,96.4,1,25,66,0,19.0,none,0,0.0
2021,CAB0256,Intra-Asia,hyperscaler,2008,13,22,3060.0,5,None,490.3,490.3,90.2,1,25,69,0,20.6,none,0,0.0
2022,CAB0256,Intra-Asia,hyperscaler,2008,14,22,3060.0,5,None,490.3,490.3,72.0,1,25,70,0,22.2,none,0,1.0
2023,CAB0256,Intra-Asia,hyperscaler,2008,15,22,3060.0,5,None,490.3,490.3,82.4,1,25,70,0,23.8,fishing_anchor,1,0.0
2024,CAB0256,Intra-Asia,hyperscaler,2008,16,22,3060.0,5,None,490.3,490.3,77.8,1,25,75,0,25.4,none,0,0.0
2025,CAB0256,Intra-Asia,hyperscaler,2008,17,22,3060.0,5,None,490.3,490.3,97.0,1,25,77,0,27.0,none,0,0.0
2026,CAB0256,Intra-Asia,hyperscaler,2008,18,22,3060.0,5,None,490.3,490.3,90.4,1,25,77,0,28.6,none,0,
2017,CAB0257,EMEA-Asia,government,2017,0,20,19122.0,9,Suez,702.9,196.6,36.6,0,25,32,1,63.5,suspected_external,1,1.0
2018,CAB0257,EMEA-Asia,government,2017,1,20,19122.0,9,Suez,702.9,326.7,16.2,0,25,34,1,65.1,fishing_anchor,1,0.0
2019,CAB0257,EMEA-Asia,government,2017,2,20,19122.0,9,Suez,702.9,256.2,14.0,0,25,37,1,66.7,none,0,1.0
2020,CAB0257,EMEA-Asia,government,2017,3,20,19122.0,9,Suez,702.9,285.7,77.0,0,25,40,0,48.4,fishing_anchor,1,0.0
2021,CAB0257,EMEA-Asia,government,2017,4,20,19122.0,9,Suez,702.9,341.6,49.0,0,25,44,0,50.0,none,0,0.0
2022,CAB0257,EMEA-Asia,government,2017,5,20,19122.0,9,Suez,702.9,424.3,35.2,0,25,45,0,51.6,none,0,1.0
2023,CAB0257,EMEA-Asia,government,2017,6,20,19122.0,9,Suez,702.9,369.9,21.7,0,25,47,0,53.2,fishing_anchor,1,1.0
2024,CAB0257,EMEA-Asia,government,2017,7,20,19122.0,9,Suez,702.9,505.0,20.3,0,25,48,0,54.8,fishing_anchor,1,1.0
2025,CAB0257,EMEA-Asia,government,2017,8,20,19122.0,9,Suez,702.9,436.5,49.5,0,25,47,0,56.3,fishing_anchor,1,1.0
2026,CAB0257,EMEA-Asia,government,2017,9,20,19122.0,9,Suez,702.9,558.2,21.5,0,25,47,0,57.9,fishing_anchor,1,
2015,CAB0258,Indian-Ocean,carrier,2010,5,4,11240.0,6,Bab-el-Mandeb,100.6,59.7,31.4,1,25,31,1,55.6,none,0,0.0
2016,CAB0258,Indian-Ocean,carrier,2010,6,4,11240.0,6,Bab-el-Mandeb,100.6,62.9,36.1,1,25,33,1,57.1,none,0,0.0
2017,CAB0258,Indian-Ocean,carrier,2010,7,4,11240.0,6,Bab-el-Mandeb,100.6,57.4,17.8,1,25,33,1,58.7,none,0,1.0
2018,CAB0258,Indian-Ocean,carrier,2010,8,4,11240.0,6,Bab-el-Mandeb,100.6,60.4,84.5,1,25,35,1,60.3,fishing_anchor,1,0.0
2019,CAB0258,Indian-Ocean,carrier,2010,9,4,11240.0,6,Bab-el-Mandeb,100.6,77.4,50.9,1,25,35,1,61.9,none,0,0.0
2020,CAB0258,Indian-Ocean,carrier,2010,10,4,11240.0,6,Bab-el-Mandeb,100.6,90.3,60.7,1,25,36,1,63.5,none,0,0.0
2021,CAB0258,Indian-Ocean,carrier,2010,11,4,11240.0,6,Bab-el-Mandeb,100.6,92.2,42.0,1,25,39,1,65.1,none,0,0.0
2022,CAB0258,Indian-Ocean,carrier,2010,12,4,11240.0,6,Bab-el-Mandeb,100.6,91.1,91.9,1,25,39,1,66.7,none,0,0.0
2023,CAB0258,Indian-Ocean,carrier,2010,13,4,11240.0,6,Bab-el-Mandeb,100.6,90.8,58.5,1,25,40,0,48.4,none,0,1.0
2024,CAB0258,Indian-Ocean,carrier,2010,14,4,11240.0,6,Bab-el-Mandeb,100.6,100.6,80.6,1,25,41,0,50.0,suspected_external,1,0.0
2025,CAB0258,Indian-Ocean,carrier,2010,15,4,11240.0,6,Bab-el-Mandeb,100.6,100.6,82.5,1,25,44,0,51.6,none,0,1.0
2026,CAB0258,Indian-Ocean,carrier,2010,16,4,11240.0,6,Bab-el-Mandeb,100.6,100.6,93.8,1,25,43,0,53.2,equipment,1,
2018,CAB0259,Trans-Atlantic,consortium,2018,0,5,6951.0,7,None,182.9,42.6,29.4,1,25,40,0,0.0,natural_hazard,1,0.0
2019,CAB0259,Trans-Atlantic,consortium,2018,1,5,6951.0,7,None,182.9,51.5,56.2,1,25,45,0,1.6,none,0,1.0
2020,CAB0259,Trans-Atlantic,consortium,2018,2,5,6951.0,7,None,182.9,57.6,23.3,1,25,48,0,3.2,fishing_anchor,1,0.0
2021,CAB0259,Trans-Atlantic,consortium,2018,3,5,6951.0,7,None,182.9,89.5,28.7,1,25,50,0,4.8,none,0,0.0
2022,CAB0259,Trans-Atlantic,consortium,2018,4,5,6951.0,7,None,182.9,85.1,34.7,1,25,51,0,6.3,none,0,0.0
2023,CAB0259,Trans-Atlantic,consortium,2018,5,5,6951.0,7,None,182.9,110.1,71.8,1,25,54,0,7.9,none,0,0.0
2024,CAB0259,Trans-Atlantic,consortium,2018,6,5,6951.0,7,None,182.9,101.6,28.2,1,25,58,0,9.5,none,0,0.0
2025,CAB0259,Trans-Atlantic,consortium,2018,7,5,6951.0,7,None,182.9,111.3,47.1,1,25,62,0,11.1,none,0,0.0
2026,CAB0259,Trans-Atlantic,consortium,2018,8,5,6951.0,7,None,182.9,135.1,42.2,1,25,63,0,12.7,none,0,
2015,CAB0260,Africa-Coastal,government,1999,16,2,13904.0,4,None,18.9,18.9,89.4,0,25,36,1,61.1,none,0,1.0
2016,CAB0260,Africa-Coastal,government,1999,17,2,13904.0,4,None,18.9,18.9,51.7,0,25,37,1,62.7,fishing_anchor,1,1.0
2017,CAB0260,Africa-Coastal,government,1999,18,2,13904.0,4,None,18.9,18.9,49.9,0,25,40,0,44.4,fishing_anchor,1,0.0
2018,CAB0260,Africa-Coastal,government,1999,19,2,13904.0,4,None,18.9,18.9,50.1,0,25,40,0,46.0,none,0,0.0
2019,CAB0260,Africa-Coastal,government,1999,20,2,13904.0,4,None,18.9,18.9,100.0,0,25,42,0,47.6,none,0,0.0
2020,CAB0260,Africa-Coastal,government,1999,21,2,13904.0,4,None,18.9,18.9,56.3,0,25,43,0,49.2,none,0,1.0
2021,CAB0260,Africa-Coastal,government,1999,22,2,13904.0,4,None,18.9,18.9,82.3,0,25,44,0,50.8,fishing_anchor,1,1.0
2022,CAB0260,Africa-Coastal,government,1999,23,2,13904.0,4,None,18.9,18.9,90.6,0,25,45,0,52.4,fishing_anchor,1,0.0
2023,CAB0260,Africa-Coastal,government,1999,24,2,13904.0,4,None,18.9,18.9,90.6,0,25,47,0,54.0,none,0,0.0
2024,CAB0260,Africa-Coastal,government,1999,25,2,13904.0,4,None,18.9,18.9,100.0,0,25,49,0,55.6,none,0,0.0
2025,CAB0260,Africa-Coastal,government,1999,26,2,13904.0,4,None,18.9,18.9,100.0,0,25,52,0,57.1,none,0,1.0
2026,CAB0260,Africa-Coastal,government,1999,27,2,13904.0,4,None,18.9,18.9,100.0,0,25,53,0,58.7,natural_hazard,1,
2017,CAB0261,Africa-Coastal,consortium,2017,0,20,6256.0,3,None,702.9,178.0,6.1,1,25,40,0,0.0,none,0,0.0
2018,CAB0261,Africa-Coastal,consortium,2017,1,20,6256.0,3,None,702.9,224.1,22.4,1,25,40,0,1.6,none,0,0.0
2019,CAB0261,Africa-Coastal,consortium,2017,2,20,6256.0,3,None,702.9,192.1,70.8,1,25,42,0,3.2,none,0,0.0
2020,CAB0261,Africa-Coastal,consortium,2017,3,20,6256.0,3,None,702.9,272.5,55.3,1,25,43,0,4.8,none,0,0.0
2021,CAB0261,Africa-Coastal,consortium,2017,4,20,6256.0,3,None,702.9,373.1,44.8,1,25,44,0,6.3,none,0,1.0
2022,CAB0261,Africa-Coastal,consortium,2017,5,20,6256.0,3,None,702.9,408.1,34.1,1,25,45,0,7.9,fishing_anchor,1,0.0
2023,CAB0261,Africa-Coastal,consortium,2017,6,20,6256.0,3,None,702.9,408.0,77.8,1,25,47,0,9.5,none,0,0.0
2024,CAB0261,Africa-Coastal,consortium,2017,7,20,6256.0,3,None,702.9,438.9,28.8,1,25,49,0,11.1,none,0,0.0
2025,CAB0261,Africa-Coastal,consortium,2017,8,20,6256.0,3,None,702.9,539.5,38.6,1,25,52,0,12.7,none,0,0.0
2026,CAB0261,Africa-Coastal,consortium,2017,9,20,6256.0,3,None,702.9,573.6,36.6,1,25,53,0,14.3,none,0,
2015,CAB0262,Africa-Coastal,carrier,2015,0,14,3724.0,4,None,452.0,93.8,57.9,1,25,36,1,19.8,none,0,0.0
2016,CAB0262,Africa-Coastal,carrier,2015,1,14,3724.0,4,None,452.0,162.7,34.5,1,25,37,1,21.4,none,0,0.0
2017,CAB0262,Africa-Coastal,carrier,2015,2,14,3724.0,4,None,452.0,201.8,31.4,1,25,40,0,3.2,none,0,0.0
2018,CAB0262,Africa-Coastal,carrier,2015,3,14,3724.0,4,None,452.0,223.2,59.6,1,25,40,0,4.8,none,0,0.0
2019,CAB0262,Africa-Coastal,carrier,2015,4,14,3724.0,4,None,452.0,202.0,66.1,1,25,42,0,6.3,none,0,0.0
2020,CAB0262,Africa-Coastal,carrier,2015,5,14,3724.0,4,None,452.0,288.1,40.0,1,25,43,0,7.9,none,0,0.0
2021,CAB0262,Africa-Coastal,carrier,2015,6,14,3724.0,4,None,452.0,297.0,70.1,1,25,44,0,9.5,none,0,0.0
2022,CAB0262,Africa-Coastal,carrier,2015,7,14,3724.0,4,None,452.0,295.4,58.8,1,25,45,0,11.1,none,0,0.0
2023,CAB0262,Africa-Coastal,carrier,2015,8,14,3724.0,4,None,452.0,361.8,68.1,1,25,47,0,12.7,none,0,0.0
2024,CAB0262,Africa-Coastal,carrier,2015,9,14,3724.0,4,None,452.0,314.5,38.7,1,25,49,0,14.3,none,0,0.0
2025,CAB0262,Africa-Coastal,carrier,2015,10,14,3724.0,4,None,452.0,401.3,74.9,1,25,52,0,15.9,none,0,0.0
2026,CAB0262,Africa-Coastal,carrier,2015,11,14,3724.0,4,None,452.0,413.8,71.5,1,25,53,0,17.5,none,0,
2015,CAB0263,Americas,carrier,2008,7,5,3976.0,5,None,111.4,67.6,43.8,0,25,28,1,46.8,fishing_anchor,1,0.0
2016,CAB0263,Americas,carrier,2008,8,5,3976.0,5,None,111.4,74.1,34.7,0,25,29,1,48.4,none,0,0.0
2017,CAB0263,Americas,carrier,2008,9,5,3976.0,5,None,111.4,77.1,33.5,0,25,29,1,50.0,none,0,0.0
2018,CAB0263,Americas,carrier,2008,10,5,3976.0,5,None,111.4,96.2,78.2,0,25,31,1,51.6,none,0,1.0
2019,CAB0263,Americas,carrier,2008,11,5,3976.0,5,None,111.4,109.7,83.6,0,25,32,1,53.2,fishing_anchor,1,0.0
2020,CAB0263,Americas,carrier,2008,12,5,3976.0,5,None,111.4,105.1,36.7,0,25,33,1,54.8,none,0,0.0
2021,CAB0263,Americas,carrier,2008,13,5,3976.0,5,None,111.4,111.4,74.2,0,25,37,1,56.3,none,0,0.0
2022,CAB0263,Americas,carrier,2008,14,5,3976.0,5,None,111.4,111.4,64.9,0,25,37,1,57.9,none,0,1.0
2023,CAB0263,Americas,carrier,2008,15,5,3976.0,5,None,111.4,111.4,100.0,0,25,37,1,59.5,fishing_anchor,1,1.0
2024,CAB0263,Americas,carrier,2008,16,5,3976.0,5,None,111.4,111.4,97.3,0,25,39,1,61.1,fishing_anchor,1,1.0
2025,CAB0263,Americas,carrier,2008,17,5,3976.0,5,None,111.4,111.4,97.7,0,25,39,1,62.7,fishing_anchor,1,1.0
2026,CAB0263,Americas,carrier,2008,18,5,3976.0,5,None,111.4,111.4,67.2,0,25,40,0,44.4,fishing_anchor,1,
2024,CAB0264,Trans-Atlantic,carrier,2024,0,6,7219.0,6,None,270.9,73.2,8.6,0,25,58,0,15.9,none,0,1.0
2025,CAB0264,Trans-Atlantic,carrier,2024,1,6,7219.0,6,None,270.9,90.7,31.3,0,25,62,0,17.5,fishing_anchor,1,0.0
2026,CAB0264,Trans-Atlantic,carrier,2024,2,6,7219.0,6,None,270.9,92.5,48.7,0,25,63,0,19.0,none,0,
2015,CAB0265,Trans-Atlantic,carrier,2000,15,10,5104.0,9,None,108.6,108.6,69.8,1,25,33,1,43.7,none,0,0.0
2016,CAB0265,Trans-Atlantic,carrier,2000,16,10,5104.0,9,None,108.6,108.6,67.9,1,25,37,1,45.2,none,0,1.0
2017,CAB0265,Trans-Atlantic,carrier,2000,17,10,5104.0,9,None,108.6,108.6,64.2,1,25,37,1,46.8,fishing_anchor,1,0.0
2018,CAB0265,Trans-Atlantic,carrier,2000,18,10,5104.0,9,None,108.6,108.6,45.3,1,25,40,0,28.6,none,0,0.0
2019,CAB0265,Trans-Atlantic,carrier,2000,19,10,5104.0,9,None,108.6,108.6,89.5,1,25,45,0,30.2,none,0,0.0
2020,CAB0265,Trans-Atlantic,carrier,2000,20,10,5104.0,9,None,108.6,108.6,72.5,1,25,48,0,31.7,none,0,0.0
2021,CAB0265,Trans-Atlantic,carrier,2000,21,10,5104.0,9,None,108.6,108.6,62.3,1,25,50,0,33.3,none,0,0.0
2022,CAB0265,Trans-Atlantic,carrier,2000,22,10,5104.0,9,None,108.6,108.6,91.4,1,25,51,0,34.9,none,0,0.0
2023,CAB0265,Trans-Atlantic,carrier,2000,23,10,5104.0,9,None,108.6,108.6,63.6,1,25,54,0,36.5,none,0,1.0
2024,CAB0265,Trans-Atlantic,carrier,2000,24,10,5104.0,9,None,108.6,108.6,94.6,1,25,58,0,38.1,fishing_anchor,1,0.0
2025,CAB0265,Trans-Atlantic,carrier,2000,25,10,5104.0,9,None,108.6,108.6,100.0,1,25,62,0,39.7,none,0,
2015,CAB0266,Africa-Coastal,consortium,2007,8,5,9029.0,3,None,104.3,82.1,39.0,0,25,36,1,48.4,fishing_anchor,1,0.0
2016,CAB0266,Africa-Coastal,consortium,2007,9,5,9029.0,3,None,104.3,75.7,74.4,0,25,37,1,50.0,none,0,0.0
2017,CAB0266,Africa-Coastal,consortium,2007,10,5,9029.0,3,None,104.3,85.4,71.6,0,25,40,0,31.7,none,0,0.0
2018,CAB0266,Africa-Coastal,consortium,2007,11,5,9029.0,3,None,104.3,98.4,61.0,0,25,40,0,33.3,none,0,0.0
2019,CAB0266,Africa-Coastal,consortium,2007,12,5,9029.0,3,None,104.3,104.3,41.7,0,25,42,0,34.9,none,0,1.0
2020,CAB0266,Africa-Coastal,consortium,2007,13,5,9029.0,3,None,104.3,100.6,70.6,0,25,43,0,36.5,fishing_anchor,1,0.0
2021,CAB0266,Africa-Coastal,consortium,2007,14,5,9029.0,3,None,104.3,104.3,46.3,0,25,44,0,38.1,none,0,1.0
2022,CAB0266,Africa-Coastal,consortium,2007,15,5,9029.0,3,None,104.3,104.3,52.0,0,25,45,0,39.7,natural_hazard,1,0.0
2023,CAB0266,Africa-Coastal,consortium,2007,16,5,9029.0,3,None,104.3,104.3,100.0,0,25,47,0,41.3,none,0,1.0
2024,CAB0266,Africa-Coastal,consortium,2007,17,5,9029.0,3,None,104.3,104.3,73.5,0,25,49,0,42.9,fishing_anchor,1,0.0
2025,CAB0266,Africa-Coastal,consortium,2007,18,5,9029.0,3,None,104.3,104.3,100.0,0,25,52,0,44.4,none,0,0.0
2026,CAB0266,Africa-Coastal,consortium,2007,19,5,9029.0,3,None,104.3,104.3,100.0,0,25,53,0,46.0,none,0,
2020,CAB0267,Intra-Pacific-Islands,carrier,2020,0,8,2327.0,8,None,315.4,47.9,41.9,0,25,40,0,15.9,none,0,0.0
2021,CAB0267,Intra-Pacific-Islands,carrier,2020,1,8,2327.0,8,None,315.4,112.7,48.3,0,25,41,0,17.5,none,0,0.0
2022,CAB0267,Intra-Pacific-Islands,carrier,2020,2,8,2327.0,8,None,315.4,97.5,49.0,0,25,43,0,19.0,none,0,0.0
2023,CAB0267,Intra-Pacific-Islands,carrier,2020,3,8,2327.0,8,None,315.4,118.1,58.4,0,25,45,0,20.6,none,0,1.0
2024,CAB0267,Intra-Pacific-Islands,carrier,2020,4,8,2327.0,8,None,315.4,144.4,40.9,0,25,48,0,22.2,fishing_anchor,1,0.0
2025,CAB0267,Intra-Pacific-Islands,carrier,2020,5,8,2327.0,8,None,315.4,168.7,42.0,0,25,50,0,23.8,none,0,0.0
2026,CAB0267,Intra-Pacific-Islands,carrier,2020,6,8,2327.0,8,None,315.4,192.2,53.6,0,25,51,0,25.4,none,0,
2015,CAB0268,Trans-Atlantic,consortium,2011,4,25,5530.0,2,None,664.3,322.9,45.7,1,25,33,1,38.1,fishing_anchor,1,0.0
2016,CAB0268,Trans-Atlantic,consortium,2011,5,25,5530.0,2,None,664.3,314.3,67.6,1,25,37,1,39.7,none,0,0.0
2017,CAB0268,Trans-Atlantic,consortium,2011,6,25,5530.0,2,None,664.3,413.7,39.9,1,25,37,1,41.3,none,0,0.0
2018,CAB0268,Trans-Atlantic,consortium,2011,7,25,5530.0,2,None,664.3,457.6,79.9,1,25,40,0,23.0,none,0,0.0
2019,CAB0268,Trans-Atlantic,consortium,2011,8,25,5530.0,2,None,664.3,472.6,57.4,1,25,45,0,24.6,none,0,1.0
2020,CAB0268,Trans-Atlantic,consortium,2011,9,25,5530.0,2,None,664.3,471.1,39.3,1,25,48,0,26.2,natural_hazard,1,0.0
2021,CAB0268,Trans-Atlantic,consortium,2011,10,25,5530.0,2,None,664.3,521.3,58.3,1,25,50,0,27.8,none,0,0.0
2022,CAB0268,Trans-Atlantic,consortium,2011,11,25,5530.0,2,None,664.3,606.9,100.0,1,25,51,0,29.4,none,0,1.0
2023,CAB0268,Trans-Atlantic,consortium,2011,12,25,5530.0,2,None,664.3,664.3,84.6,1,25,54,0,31.0,fishing_anchor,1,0.0
2024,CAB0268,Trans-Atlantic,consortium,2011,13,25,5530.0,2,None,664.3,664.3,52.9,1,25,58,0,32.5,none,0,0.0
2025,CAB0268,Trans-Atlantic,consortium,2011,14,25,5530.0,2,None,664.3,664.3,37.3,1,25,62,0,34.1,none,0,0.0
2026,CAB0268,Trans-Atlantic,consortium,2011,15,25,5530.0,2,None,664.3,664.3,70.4,1,25,63,0,35.7,none,0,
2015,CAB0269,Trans-Atlantic,consortium,2004,11,19,6711.0,11,None,314.9,268.3,91.1,0,25,33,1,53.2,none,0,0.0
2016,CAB0269,Trans-Atlantic,consortium,2004,12,19,6711.0,11,None,314.9,304.4,92.9,0,25,37,1,54.8,none,0,1.0
2017,CAB0269,Trans-Atlantic,consortium,2004,13,19,6711.0,11,None,314.9,314.9,92.4,0,25,37,1,56.3,fishing_anchor,1,0.0
2018,CAB0269,Trans-Atlantic,consortium,2004,14,19,6711.0,11,None,314.9,314.9,42.3,0,25,40,0,38.1,none,0,0.0
2019,CAB0269,Trans-Atlantic,consortium,2004,15,19,6711.0,11,None,314.9,314.9,73.0,0,25,45,0,39.7,none,0,0.0
2020,CAB0269,Trans-Atlantic,consortium,2004,16,19,6711.0,11,None,314.9,314.9,61.0,0,25,48,0,41.3,none,0,0.0
2021,CAB0269,Trans-Atlantic,consortium,2004,17,19,6711.0,11,None,314.9,314.9,76.0,0,25,50,0,42.9,none,0,0.0
2022,CAB0269,Trans-Atlantic,consortium,2004,18,19,6711.0,11,None,314.9,314.9,53.4,0,25,51,0,44.4,none,0,1.0
2023,CAB0269,Trans-Atlantic,consortium,2004,19,19,6711.0,11,None,314.9,314.9,80.2,0,25,54,0,46.0,fishing_anchor,1,0.0
2024,CAB0269,Trans-Atlantic,consortium,2004,20,19,6711.0,11,None,314.9,314.9,100.0,0,25,58,0,47.6,none,0,1.0
2025,CAB0269,Trans-Atlantic,consortium,2004,21,19,6711.0,11,None,314.9,314.9,70.7,0,25,62,0,49.2,natural_hazard,1,0.0
2026,CAB0269,Trans-Atlantic,consortium,2004,22,19,6711.0,11,None,314.9,314.9,87.3,0,25,63,0,50.8,none,0,
2015,CAB0270,Americas,carrier,2004,11,19,8750.0,7,None,314.9,297.0,51.9,1,25,28,1,37.3,none,0,0.0
2016,CAB0270,Americas,carrier,2004,12,19,8750.0,7,None,314.9,314.9,54.3,1,25,29,1,38.9,none,0,0.0
2017,CAB0270,Americas,carrier,2004,13,19,8750.0,7,None,314.9,314.9,78.1,1,25,29,1,40.5,none,0,1.0
2018,CAB0270,Americas,carrier,2004,14,19,8750.0,7,None,314.9,314.9,100.0,1,25,31,1,42.1,natural_hazard,1,0.0
2019,CAB0270,Americas,carrier,2004,15,19,8750.0,7,None,314.9,314.9,65.4,1,25,32,1,43.7,none,0,1.0
2020,CAB0270,Americas,carrier,2004,16,19,8750.0,7,None,314.9,314.9,83.0,1,25,33,1,45.2,fishing_anchor,1,0.0
2021,CAB0270,Americas,carrier,2004,17,19,8750.0,7,None,314.9,314.9,99.6,1,25,37,1,46.8,none,0,0.0
2022,CAB0270,Americas,carrier,2004,18,19,8750.0,7,None,314.9,314.9,67.3,1,25,37,1,48.4,none,0,0.0
2023,CAB0270,Americas,carrier,2004,19,19,8750.0,7,None,314.9,314.9,52.4,1,25,37,1,50.0,none,0,0.0
2024,CAB0270,Americas,carrier,2004,20,19,8750.0,7,None,314.9,314.9,81.9,1,25,39,1,51.6,none,0,0.0
2025,CAB0270,Americas,carrier,2004,21,19,8750.0,7,None,314.9,314.9,86.8,1,25,39,1,53.2,none,0,0.0
2026,CAB0270,Americas,carrier,2004,22,19,8750.0,7,None,314.9,314.9,69.1,1,25,40,0,34.9,none,0,
2015,CAB0271,Intra-Asia,government,2015,0,28,6875.0,4,None,904.0,154.5,43.6,1,25,53,0,0.0,none,0,1.0
2016,CAB0271,Intra-Asia,government,2015,1,28,6875.0,4,None,904.0,205.7,31.9,1,25,59,0,1.6,natural_hazard,1,0.0
2017,CAB0271,Intra-Asia,government,2015,2,28,6875.0,4,None,904.0,313.7,54.7,1,25,60,0,3.2,none,0,0.0
2018,CAB0271,Intra-Asia,government,2015,3,28,6875.0,4,None,904.0,373.3,25.5,1,25,62,0,4.8,none,0,0.0
2019,CAB0271,Intra-Asia,government,2015,4,28,6875.0,4,None,904.0,476.9,10.9,1,25,64,0,6.3,none,0,0.0
2020,CAB0271,Intra-Asia,government,2015,5,28,6875.0,4,None,904.0,541.7,59.4,1,25,66,0,7.9,none,0,0.0
2021,CAB0271,Intra-Asia,government,2015,6,28,6875.0,4,None,904.0,551.7,96.1,1,25,69,0,9.5,none,0,0.0
2022,CAB0271,Intra-Asia,government,2015,7,28,6875.0,4,None,904.0,601.7,60.3,1,25,70,0,11.1,none,0,0.0
2023,CAB0271,Intra-Asia,government,2015,8,28,6875.0,4,None,904.0,679.4,55.4,1,25,70,0,12.7,none,0,0.0
2024,CAB0271,Intra-Asia,government,2015,9,28,6875.0,4,None,904.0,710.3,22.6,1,25,75,0,14.3,none,0,0.0
2025,CAB0271,Intra-Asia,government,2015,10,28,6875.0,4,None,904.0,736.9,42.7,1,25,77,0,15.9,none,0,0.0
2026,CAB0271,Intra-Asia,government,2015,11,28,6875.0,4,None,904.0,851.4,79.5,1,25,77,0,17.5,none,0,
2015,CAB0272,Americas,hyperscaler,2003,12,12,4089.0,2,Panama,181.7,172.1,45.3,1,25,28,1,78.6,none,0,0.0
2016,CAB0272,Americas,hyperscaler,2003,13,12,4089.0,2,Panama,181.7,181.7,66.1,1,25,29,1,80.2,none,0,0.0
2017,CAB0272,Americas,hyperscaler,2003,14,12,4089.0,2,Panama,181.7,181.7,95.2,1,25,29,1,81.7,none,0,1.0
2018,CAB0272,Americas,hyperscaler,2003,15,12,4089.0,2,Panama,181.7,181.7,53.9,1,25,31,1,83.3,fishing_anchor,1,0.0
2019,CAB0272,Americas,hyperscaler,2003,16,12,4089.0,2,Panama,181.7,181.7,59.8,1,25,32,1,84.9,none,0,1.0
2020,CAB0272,Americas,hyperscaler,2003,17,12,4089.0,2,Panama,181.7,181.7,74.1,1,25,33,1,86.5,fishing_anchor,1,1.0
2021,CAB0272,Americas,hyperscaler,2003,18,12,4089.0,2,Panama,181.7,181.7,54.4,1,25,37,1,88.1,natural_hazard,1,0.0
2022,CAB0272,Americas,hyperscaler,2003,19,12,4089.0,2,Panama,181.7,181.7,93.5,1,25,37,1,89.7,none,0,1.0
2023,CAB0272,Americas,hyperscaler,2003,20,12,4089.0,2,Panama,181.7,181.7,97.8,1,25,37,1,91.3,fishing_anchor,1,1.0
2024,CAB0272,Americas,hyperscaler,2003,21,12,4089.0,2,Panama,181.7,181.7,98.1,1,25,39,1,92.9,fishing_anchor,1,1.0
2025,CAB0272,Americas,hyperscaler,2003,22,12,4089.0,2,Panama,181.7,181.7,68.5,1,25,39,1,94.4,suspected_external,1,1.0
2026,CAB0272,Americas,hyperscaler,2003,23,12,4089.0,2,Panama,181.7,181.7,100.0,1,25,40,0,76.2,natural_hazard,1,
2020,CAB0273,Intra-Asia,carrier,2020,0,5,4232.0,4,Luzon-Strait,197.1,63.3,67.8,0,25,66,0,43.7,none,0,1.0
2021,CAB0273,Intra-Asia,carrier,2020,1,5,4232.0,4,Luzon-Strait,197.1,69.5,24.8,0,25,69,0,45.2,fishing_anchor,1,0.0
2022,CAB0273,Intra-Asia,carrier,2020,2,5,4232.0,4,Luzon-Strait,197.1,96.5,15.9,0,25,70,0,46.8,none,0,0.0
2023,CAB0273,Intra-Asia,carrier,2020,3,5,4232.0,4,Luzon-Strait,197.1,81.0,51.3,0,25,70,0,48.4,none,0,0.0
2024,CAB0273,Intra-Asia,carrier,2020,4,5,4232.0,4,Luzon-Strait,197.1,95.0,20.8,0,25,75,0,50.0,none,0,0.0
2025,CAB0273,Intra-Asia,carrier,2020,5,5,4232.0,4,Luzon-Strait,197.1,112.1,75.0,0,25,77,0,51.6,none,0,0.0
2026,CAB0273,Intra-Asia,carrier,2020,6,5,4232.0,4,Luzon-Strait,197.1,132.0,69.9,0,25,77,0,53.2,none,0,
2023,CAB0274,Intra-Pacific-Islands,consortium,2023,0,23,2049.0,7,None,1005.4,309.7,21.6,0,25,45,0,15.9,none,0,0.0
2024,CAB0274,Intra-Pacific-Islands,consortium,2023,1,23,2049.0,7,None,1005.4,271.2,52.2,0,25,48,0,17.5,none,0,0.0
2025,CAB0274,Intra-Pacific-Islands,consortium,2023,2,23,2049.0,7,None,1005.4,304.8,55.8,0,25,50,0,19.0,none,0,0.0
2026,CAB0274,Intra-Pacific-Islands,consortium,2023,3,23,2049.0,7,None,1005.4,409.9,47.6,0,25,51,0,20.6,none,0,
2015,CAB0275,Intra-Asia,consortium,2001,14,5,6251.0,3,None,61.4,61.4,88.9,1,25,53,0,22.2,fishing_anchor,1,0.0
2016,CAB0275,Intra-Asia,consortium,2001,15,5,6251.0,3,None,61.4,61.4,52.7,1,25,59,0,23.8,none,0,1.0
2017,CAB0275,Intra-Asia,consortium,2001,16,5,6251.0,3,None,61.4,61.4,73.1,1,25,60,0,25.4,fishing_anchor,1,0.0
2018,CAB0275,Intra-Asia,consortium,2001,17,5,6251.0,3,None,61.4,61.4,72.1,1,25,62,0,27.0,none,0,1.0
2019,CAB0275,Intra-Asia,consortium,2001,18,5,6251.0,3,None,61.4,61.4,62.3,1,25,64,0,28.6,fishing_anchor,1,1.0
2020,CAB0275,Intra-Asia,consortium,2001,19,5,6251.0,3,None,61.4,61.4,100.0,1,25,66,0,30.2,fishing_anchor,1,1.0
2021,CAB0275,Intra-Asia,consortium,2001,20,5,6251.0,3,None,61.4,61.4,69.3,1,25,69,0,31.7,fishing_anchor,1,1.0
2022,CAB0275,Intra-Asia,consortium,2001,21,5,6251.0,3,None,61.4,61.4,88.0,1,25,70,0,33.3,fishing_anchor,1,1.0
2023,CAB0275,Intra-Asia,consortium,2001,22,5,6251.0,3,None,61.4,61.4,100.0,1,25,70,0,34.9,fishing_anchor,1,0.0
2024,CAB0275,Intra-Asia,consortium,2001,23,5,6251.0,3,None,61.4,61.4,100.0,1,25,75,0,36.5,none,0,1.0
2025,CAB0275,Intra-Asia,consortium,2001,24,5,6251.0,3,None,61.4,61.4,100.0,1,25,77,0,38.1,natural_hazard,1,0.0
2026,CAB0275,Intra-Asia,consortium,2001,25,5,6251.0,3,None,61.4,61.4,100.0,1,25,77,0,39.7,none,0,
2015,CAB0276,Intra-Asia,hyperscaler,1998,17,2,2804.0,4,None,16.0,16.0,47.0,1,25,53,0,27.0,none,0,0.0
2016,CAB0276,Intra-Asia,hyperscaler,1998,18,2,2804.0,4,None,16.0,16.0,69.8,1,25,59,0,28.6,none,0,0.0
2017,CAB0276,Intra-Asia,hyperscaler,1998,19,2,2804.0,4,None,16.0,16.0,95.7,1,25,60,0,30.2,none,0,0.0
2018,CAB0276,Intra-Asia,hyperscaler,1998,20,2,2804.0,4,None,16.0,16.0,84.8,1,25,62,0,31.7,none,0,0.0
2019,CAB0276,Intra-Asia,hyperscaler,1998,21,2,2804.0,4,None,16.0,16.0,75.7,1,25,64,0,33.3,none,0,0.0
2020,CAB0276,Intra-Asia,hyperscaler,1998,22,2,2804.0,4,None,16.0,16.0,70.9,1,25,66,0,34.9,none,0,1.0
2021,CAB0276,Intra-Asia,hyperscaler,1998,23,2,2804.0,4,None,16.0,16.0,98.6,1,25,69,0,36.5,fishing_anchor,1,0.0
2022,CAB0276,Intra-Asia,hyperscaler,1998,24,2,2804.0,4,None,16.0,16.0,100.0,1,25,70,0,38.1,none,0,1.0
2023,CAB0276,Intra-Asia,hyperscaler,1998,25,2,2804.0,4,None,16.0,16.0,68.0,1,25,70,0,39.7,fishing_anchor,1,0.0
2024,CAB0276,Intra-Asia,hyperscaler,1998,26,2,2804.0,4,None,16.0,16.0,54.3,1,25,75,0,41.3,none,0,0.0
2025,CAB0276,Intra-Asia,hyperscaler,1998,27,2,2804.0,4,None,16.0,16.0,100.0,1,25,77,0,42.9,none,0,0.0
2026,CAB0276,Intra-Asia,hyperscaler,1998,28,2,2804.0,4,None,16.0,16.0,100.0,1,25,77,0,44.4,none,0,
2015,CAB0277,Americas,consortium,2002,13,5,4155.0,5,Panama,68.6,68.6,49.0,0,25,28,1,84.1,fishing_anchor,1,1.0
2016,CAB0277,Americas,consortium,2002,14,5,4155.0,5,Panama,68.6,68.6,43.8,0,25,29,1,85.7,fishing_anchor,1,0.0
2017,CAB0277,Americas,consortium,2002,15,5,4155.0,5,Panama,68.6,68.6,90.2,0,25,29,1,87.3,none,0,1.0
2018,CAB0277,Americas,consortium,2002,16,5,4155.0,5,Panama,68.6,68.6,85.2,0,25,31,1,88.9,fishing_anchor,1,1.0
2019,CAB0277,Americas,consortium,2002,17,5,4155.0,5,Panama,68.6,68.6,55.4,0,25,32,1,90.5,equipment,1,1.0
2020,CAB0277,Americas,consortium,2002,18,5,4155.0,5,Panama,68.6,68.6,82.5,0,25,33,1,92.1,fishing_anchor,1,1.0
2021,CAB0277,Americas,consortium,2002,19,5,4155.0,5,Panama,68.6,68.6,64.9,0,25,37,1,93.7,fishing_anchor,1,0.0
2022,CAB0277,Americas,consortium,2002,20,5,4155.0,5,Panama,68.6,68.6,85.5,0,25,37,1,95.2,none,0,1.0
2023,CAB0277,Americas,consortium,2002,21,5,4155.0,5,Panama,68.6,68.6,86.4,0,25,37,1,96.8,fishing_anchor,1,1.0
2024,CAB0277,Americas,consortium,2002,22,5,4155.0,5,Panama,68.6,68.6,84.5,0,25,39,1,98.4,fishing_anchor,1,1.0
2025,CAB0277,Americas,consortium,2002,23,5,4155.0,5,Panama,68.6,68.6,55.1,0,25,39,1,100.0,natural_hazard,1,0.0
2026,CAB0277,Americas,consortium,2002,24,5,4155.0,5,Panama,68.6,68.6,82.0,0,25,40,0,81.7,none,0,
2015,CAB0278,Intra-Europe,consortium,2000,15,2,487.0,5,None,21.7,21.7,54.8,0,25,41,0,39.7,none,0,0.0
2016,CAB0278,Intra-Europe,consortium,2000,16,2,487.0,5,None,21.7,21.7,67.8,0,25,42,0,41.3,none,0,0.0
2017,CAB0278,Intra-Europe,consortium,2000,17,2,487.0,5,None,21.7,21.7,89.7,0,25,44,0,42.9,none,0,0.0
2018,CAB0278,Intra-Europe,consortium,2000,18,2,487.0,5,None,21.7,21.7,70.9,0,25,45,0,44.4,none,0,1.0
2019,CAB0278,Intra-Europe,consortium,2000,19,2,487.0,5,None,21.7,21.7,72.9,0,25,47,0,46.0,fishing_anchor,1,0.0
2020,CAB0278,Intra-Europe,consortium,2000,20,2,487.0,5,None,21.7,21.7,92.9,0,25,49,0,47.6,none,0,0.0
2021,CAB0278,Intra-Europe,consortium,2000,21,2,487.0,5,None,21.7,21.7,100.0,0,25,49,0,49.2,none,0,0.0
2022,CAB0278,Intra-Europe,consortium,2000,22,2,487.0,5,None,21.7,21.7,58.1,0,25,52,0,50.8,none,0,0.0
2023,CAB0278,Intra-Europe,consortium,2000,23,2,487.0,5,None,21.7,21.7,74.4,0,25,53,0,52.4,none,0,0.0
2024,CAB0278,Intra-Europe,consortium,2000,24,2,487.0,5,None,21.7,21.7,84.7,0,25,53,0,54.0,none,0,0.0
2025,CAB0278,Intra-Europe,consortium,2000,25,2,487.0,5,None,21.7,21.7,100.0,0,25,58,0,55.6,none,0,0.0
2026,CAB0278,Intra-Europe,consortium,2000,26,2,487.0,5,None,21.7,21.7,98.4,0,25,60,0,57.1,none,0,
2026,CAB0279,Indian-Ocean,hyperscaler,2026,0,25,4544.0,5,Suez,1200.0,249.1,60.3,0,25,43,0,43.7,none,0,
2015,CAB0280,Trans-Pacific,consortium,2007,8,14,13092.0,9,None,292.0,211.4,35.9,1,25,35,1,32.5,none,0,0.0
2016,CAB0280,Trans-Pacific,consortium,2007,9,14,13092.0,9,None,292.0,230.8,72.6,1,25,37,1,34.1,none,0,1.0
2017,CAB0280,Trans-Pacific,consortium,2007,10,14,13092.0,9,None,292.0,247.2,60.0,1,25,38,1,35.7,fishing_anchor,1,0.0
2018,CAB0280,Trans-Pacific,consortium,2007,11,14,13092.0,9,None,292.0,252.7,35.1,1,25,39,1,37.3,none,0,1.0
2019,CAB0280,Trans-Pacific,consortium,2007,12,14,13092.0,9,None,292.0,269.4,51.0,1,25,41,0,19.0,fishing_anchor,1,0.0
2020,CAB0280,Trans-Pacific,consortium,2007,13,14,13092.0,9,None,292.0,292.0,85.4,1,25,42,0,20.6,none,0,1.0
2021,CAB0280,Trans-Pacific,consortium,2007,14,14,13092.0,9,None,292.0,292.0,34.8,1,25,43,0,22.2,fishing_anchor,1,1.0
2022,CAB0280,Trans-Pacific,consortium,2007,15,14,13092.0,9,None,292.0,292.0,55.7,1,25,45,0,23.8,equipment,1,1.0
2023,CAB0280,Trans-Pacific,consortium,2007,16,14,13092.0,9,None,292.0,292.0,57.1,1,25,47,0,25.4,fishing_anchor,1,0.0
2024,CAB0280,Trans-Pacific,consortium,2007,17,14,13092.0,9,None,292.0,292.0,69.9,1,25,49,0,27.0,none,0,1.0
2025,CAB0280,Trans-Pacific,consortium,2007,18,14,13092.0,9,None,292.0,292.0,61.8,1,25,50,0,28.6,fishing_anchor,1,0.0
2026,CAB0280,Trans-Pacific,consortium,2007,19,14,13092.0,9,None,292.0,292.0,97.7,1,25,48,0,30.2,none,0,
2015,CAB0281,Indian-Ocean,carrier,1999,16,3,12717.0,4,None,28.3,28.3,67.6,1,25,31,1,45.2,none,0,0.0
2016,CAB0281,Indian-Ocean,carrier,1999,17,3,12717.0,4,None,28.3,28.3,81.6,1,25,33,1,46.8,none,0,0.0
2017,CAB0281,Indian-Ocean,carrier,1999,18,3,12717.0,4,None,28.3,28.3,100.0,1,25,33,1,48.4,none,0,0.0
2018,CAB0281,Indian-Ocean,carrier,1999,19,3,12717.0,4,None,28.3,28.3,76.9,1,25,35,1,50.0,none,0,0.0
2019,CAB0281,Indian-Ocean,carrier,1999,20,3,12717.0,4,None,28.3,28.3,74.9,1,25,35,1,51.6,none,0,1.0
2020,CAB0281,Indian-Ocean,carrier,1999,21,3,12717.0,4,None,28.3,28.3,74.0,1,25,36,1,53.2,fishing_anchor,1,0.0
2021,CAB0281,Indian-Ocean,carrier,1999,22,3,12717.0,4,None,28.3,28.3,79.8,1,25,39,1,54.8,none,0,1.0
2022,CAB0281,Indian-Ocean,carrier,1999,23,3,12717.0,4,None,28.3,28.3,52.3,1,25,39,1,56.3,natural_hazard,1,0.0
2023,CAB0281,Indian-Ocean,carrier,1999,24,3,12717.0,4,None,28.3,28.3,69.4,1,25,40,0,38.1,none,0,0.0
2024,CAB0281,Indian-Ocean,carrier,1999,25,3,12717.0,4,None,28.3,28.3,68.5,1,25,41,0,39.7,none,0,1.0
2025,CAB0281,Indian-Ocean,carrier,1999,26,3,12717.0,4,None,28.3,28.3,88.8,1,25,44,0,41.3,fishing_anchor,1,
2025,CAB0282,Trans-Atlantic,government,2025,0,9,5277.0,4,None,419.1,118.8,16.3,0,25,62,0,15.9,none,0,0.0
2026,CAB0282,Trans-Atlantic,government,2025,1,9,5277.0,4,None,419.1,115.9,27.4,0,25,63,0,17.5,none,0,
2015,CAB0283,Intra-Pacific-Islands,carrier,2009,6,15,3633.0,6,None,355.7,227.3,67.1,1,25,28,1,29.4,none,0,0.0
2016,CAB0283,Intra-Pacific-Islands,carrier,2009,7,15,3633.0,6,None,355.7,208.9,42.3,1,25,29,1,31.0,none,0,0.0
2017,CAB0283,Intra-Pacific-Islands,carrier,2009,8,15,3633.0,6,None,355.7,282.7,68.1,1,25,29,1,32.5,none,0,0.0
2018,CAB0283,Intra-Pacific-Islands,carrier,2009,9,15,3633.0,6,None,355.7,278.0,38.2,1,25,30,1,34.1,none,0,0.0
2019,CAB0283,Intra-Pacific-Islands,carrier,2009,10,15,3633.0,6,None,355.7,300.9,43.0,1,25,35,1,35.7,none,0,0.0
2020,CAB0283,Intra-Pacific-Islands,carrier,2009,11,15,3633.0,6,None,355.7,307.3,60.1,1,25,40,0,17.5,none,0,0.0
2021,CAB0283,Intra-Pacific-Islands,carrier,2009,12,15,3633.0,6,None,355.7,345.1,45.4,1,25,41,0,19.0,none,0,0.0
2022,CAB0283,Intra-Pacific-Islands,carrier,2009,13,15,3633.0,6,None,355.7,355.7,47.3,1,25,43,0,20.6,none,0,0.0
2023,CAB0283,Intra-Pacific-Islands,carrier,2009,14,15,3633.0,6,None,355.7,355.7,41.5,1,25,45,0,22.2,none,0,0.0
2024,CAB0283,Intra-Pacific-Islands,carrier,2009,15,15,3633.0,6,None,355.7,355.7,56.5,1,25,48,0,23.8,none,0,0.0
2025,CAB0283,Intra-Pacific-Islands,carrier,2009,16,15,3633.0,6,None,355.7,355.7,100.0,1,25,50,0,25.4,none,0,0.0
2026,CAB0283,Intra-Pacific-Islands,carrier,2009,17,15,3633.0,6,None,355.7,355.7,100.0,1,25,51,0,27.0,none,0,
2025,CAB0284,Indian-Ocean,consortium,2025,0,48,11564.0,2,None,2235.4,616.8,28.0,1,25,44,0,11.9,none,0,1.0
2026,CAB0284,Indian-Ocean,consortium,2025,1,48,11564.0,2,None,2235.4,545.3,30.0,1,25,43,0,13.5,fishing_anchor,1,
2025,CAB0285,Africa-Coastal,consortium,2025,0,25,7709.0,5,None,1164.3,220.3,30.9,1,25,52,0,0.0,none,0,0.0
2026,CAB0285,Africa-Coastal,consortium,2025,1,25,7709.0,5,None,1164.3,298.1,34.7,1,25,53,0,1.6,none,0,
2026,CAB0286,Africa-Coastal,hyperscaler,2026,0,25,13581.0,3,None,1200.0,314.3,34.4,1,25,53,0,0.0,none,0,
2015,CAB0287,Trans-Pacific,consortium,2007,8,14,12004.0,3,None,292.0,234.0,39.1,1,25,35,1,32.5,natural_hazard,1,1.0
2016,CAB0287,Trans-Pacific,consortium,2007,9,14,12004.0,3,None,292.0,220.5,32.4,1,25,37,1,34.1,fishing_anchor,1,0.0
2017,CAB0287,Trans-Pacific,consortium,2007,10,14,12004.0,3,None,292.0,289.6,40.5,1,25,38,1,35.7,none,0,0.0
2018,CAB0287,Trans-Pacific,consortium,2007,11,14,12004.0,3,None,292.0,274.3,76.2,1,25,39,1,37.3,none,0,0.0
2019,CAB0287,Trans-Pacific,consortium,2007,12,14,12004.0,3,None,292.0,291.4,49.7,1,25,41,0,19.0,none,0,0.0
2020,CAB0287,Trans-Pacific,consortium,2007,13,14,12004.0,3,None,292.0,288.8,42.4,1,25,42,0,20.6,none,0,0.0
2021,CAB0287,Trans-Pacific,consortium,2007,14,14,12004.0,3,None,292.0,292.0,68.0,1,25,43,0,22.2,none,0,0.0
2022,CAB0287,Trans-Pacific,consortium,2007,15,14,12004.0,3,None,292.0,292.0,53.6,1,25,45,0,23.8,none,0,0.0
2023,CAB0287,Trans-Pacific,consortium,2007,16,14,12004.0,3,None,292.0,292.0,53.0,1,25,47,0,25.4,none,0,0.0
2024,CAB0287,Trans-Pacific,consortium,2007,17,14,12004.0,3,None,292.0,292.0,89.7,1,25,49,0,27.0,none,0,0.0
2025,CAB0287,Trans-Pacific,consortium,2007,18,14,12004.0,3,None,292.0,292.0,76.4,1,25,50,0,28.6,none,0,0.0
2026,CAB0287,Trans-Pacific,consortium,2007,19,14,12004.0,3,None,292.0,292.0,66.4,1,25,48,0,30.2,none,0,
2026,CAB0288,Intra-Europe,government,2026,0,19,2284.0,3,None,912.0,215.2,73.6,1,25,60,0,0.0,none,0,
2015,CAB0289,Intra-Pacific-Islands,hyperscaler,2012,3,8,1579.0,3,None,224.0,79.1,14.3,0,25,28,1,40.5,none,0,0.0
2016,CAB0289,Intra-Pacific-Islands,hyperscaler,2012,4,8,1579.0,3,None,224.0,104.7,20.6,0,25,29,1,42.1,none,0,0.0
2017,CAB0289,Intra-Pacific-Islands,hyperscaler,2012,5,8,1579.0,3,None,224.0,138.3,21.7,0,25,29,1,43.7,none,0,0.0
2018,CAB0289,Intra-Pacific-Islands,hyperscaler,2012,6,8,1579.0,3,None,224.0,126.0,50.2,0,25,30,1,45.2,none,0,0.0
2019,CAB0289,Intra-Pacific-Islands,hyperscaler,2012,7,8,1579.0,3,None,224.0,146.0,45.0,0,25,35,1,46.8,none,0,0.0
2020,CAB0289,Intra-Pacific-Islands,hyperscaler,2012,8,8,1579.0,3,None,224.0,166.4,36.7,0,25,40,0,28.6,none,0,0.0
2021,CAB0289,Intra-Pacific-Islands,hyperscaler,2012,9,8,1579.0,3,None,224.0,177.8,33.7,0,25,41,0,30.2,none,0,0.0
2022,CAB0289,Intra-Pacific-Islands,hyperscaler,2012,10,8,1579.0,3,None,224.0,195.0,46.5,0,25,43,0,31.7,none,0,1.0
2023,CAB0289,Intra-Pacific-Islands,hyperscaler,2012,11,8,1579.0,3,None,224.0,224.0,43.0,0,25,45,0,33.3,fishing_anchor,1,0.0
2024,CAB0289,Intra-Pacific-Islands,hyperscaler,2012,12,8,1579.0,3,None,224.0,224.0,33.7,0,25,48,0,34.9,none,0,0.0
2025,CAB0289,Intra-Pacific-Islands,hyperscaler,2012,13,8,1579.0,3,None,224.0,224.0,84.4,0,25,50,0,36.5,none,0,0.0
2026,CAB0289,Intra-Pacific-Islands,hyperscaler,2012,14,8,1579.0,3,None,224.0,224.0,94.8,0,25,51,0,38.1,none,0,
2020,CAB0290,Africa-Coastal,carrier,2020,0,11,5740.0,6,None,433.7,119.7,13.3,0,25,43,0,15.9,none,0,0.0
2021,CAB0290,Africa-Coastal,carrier,2020,1,11,5740.0,6,None,433.7,150.0,43.6,0,25,44,0,17.5,none,0,0.0
2022,CAB0290,Africa-Coastal,carrier,2020,2,11,5740.0,6,None,433.7,167.9,43.1,0,25,45,0,19.0,none,0,0.0
2023,CAB0290,Africa-Coastal,carrier,2020,3,11,5740.0,6,None,433.7,183.9,35.9,0,25,47,0,20.6,none,0,0.0
2024,CAB0290,Africa-Coastal,carrier,2020,4,11,5740.0,6,None,433.7,216.6,10.6,0,25,49,0,22.2,none,0,0.0
2025,CAB0290,Africa-Coastal,carrier,2020,5,11,5740.0,6,None,433.7,250.6,46.5,0,25,52,0,23.8,none,0,0.0
2026,CAB0290,Africa-Coastal,carrier,2020,6,11,5740.0,6,None,433.7,251.4,56.0,0,25,53,0,25.4,none,0,
2026,CAB0291,Intra-Europe,hyperscaler,2026,0,6,1689.0,5,None,288.0,90.2,32.6,1,25,60,0,0.0,none,0,
2016,CAB0292,Africa-Coastal,hyperscaler,2016,0,4,3667.0,4,None,134.9,36.9,41.4,1,25,37,1,19.8,none,0,0.0
2017,CAB0292,Africa-Coastal,hyperscaler,2016,1,4,3667.0,4,None,134.9,31.4,45.4,1,25,40,0,1.6,none,0,0.0
2018,CAB0292,Africa-Coastal,hyperscaler,2016,2,4,3667.0,4,None,134.9,46.3,71.1,1,25,40,0,3.2,none,0,0.0
2019,CAB0292,Africa-Coastal,hyperscaler,2016,3,4,3667.0,4,None,134.9,64.2,13.7,1,25,42,0,4.8,none,0,0.0
2020,CAB0292,Africa-Coastal,hyperscaler,2016,4,4,3667.0,4,None,134.9,69.0,52.3,1,25,43,0,6.3,none,0,0.0
2021,CAB0292,Africa-Coastal,hyperscaler,2016,5,4,3667.0,4,None,134.9,71.8,40.7,1,25,44,0,7.9,none,0,0.0
2022,CAB0292,Africa-Coastal,hyperscaler,2016,6,4,3667.0,4,None,134.9,86.5,43.8,1,25,45,0,9.5,none,0,0.0
2023,CAB0292,Africa-Coastal,hyperscaler,2016,7,4,3667.0,4,None,134.9,90.5,54.7,1,25,47,0,11.1,none,0,0.0
2024,CAB0292,Africa-Coastal,hyperscaler,2016,8,4,3667.0,4,None,134.9,98.3,29.7,1,25,49,0,12.7,none,0,0.0
2025,CAB0292,Africa-Coastal,hyperscaler,2016,9,4,3667.0,4,None,134.9,111.0,53.3,1,25,52,0,14.3,none,0,0.0
2026,CAB0292,Africa-Coastal,hyperscaler,2016,10,4,3667.0,4,None,134.9,125.4,72.9,1,25,53,0,15.9,none,0,
2019,CAB0293,Intra-Europe,government,2019,0,48,1013.0,5,None,1824.0,360.1,48.0,1,25,47,0,0.0,none,0,0.0
2020,CAB0293,Intra-Europe,government,2019,1,48,1013.0,5,None,1824.0,584.1,15.9,1,25,49,0,1.6,none,0,0.0
2021,CAB0293,Intra-Europe,government,2019,2,48,1013.0,5,None,1824.0,562.4,24.8,1,25,49,0,3.2,none,0,0.0
2022,CAB0293,Intra-Europe,government,2019,3,48,1013.0,5,None,1824.0,870.2,30.4,1,25,52,0,4.8,none,0,0.0
2023,CAB0293,Intra-Europe,government,2019,4,48,1013.0,5,None,1824.0,774.8,27.1,1,25,53,0,6.3,none,0,0.0
2024,CAB0293,Intra-Europe,government,2019,5,48,1013.0,5,None,1824.0,928.0,40.6,1,25,53,0,7.9,none,0,0.0
2025,CAB0293,Intra-Europe,government,2019,6,48,1013.0,5,None,1824.0,1092.4,69.8,1,25,58,0,9.5,none,0,0.0
2026,CAB0293,Intra-Europe,government,2019,7,48,1013.0,5,None,1824.0,1197.0,24.9,1,25,60,0,11.1,none,0,
2015,CAB0294,EMEA-Asia,hyperscaler,2001,14,5,17896.0,5,Bab-el-Mandeb,61.4,61.4,75.5,0,25,27,1,85.7,fishing_anchor,1,1.0
2016,CAB0294,EMEA-Asia,hyperscaler,2001,15,5,17896.0,5,Bab-el-Mandeb,61.4,61.4,79.4,0,25,29,1,87.3,fishing_anchor,1,1.0
2017,CAB0294,EMEA-Asia,hyperscaler,2001,16,5,17896.0,5,Bab-el-Mandeb,61.4,61.4,74.8,0,25,32,1,88.9,natural_hazard,1,1.0
2018,CAB0294,EMEA-Asia,hyperscaler,2001,17,5,17896.0,5,Bab-el-Mandeb,61.4,61.4,75.4,0,25,34,1,90.5,fishing_anchor,1,1.0
2019,CAB0294,EMEA-Asia,hyperscaler,2001,18,5,17896.0,5,Bab-el-Mandeb,61.4,61.4,81.2,0,25,37,1,92.1,natural_hazard,1,1.0
2020,CAB0294,EMEA-Asia,hyperscaler,2001,19,5,17896.0,5,Bab-el-Mandeb,61.4,61.4,92.7,0,25,40,0,73.8,natural_hazard,1,1.0
2021,CAB0294,EMEA-Asia,hyperscaler,2001,20,5,17896.0,5,Bab-el-Mandeb,61.4,61.4,67.9,0,25,44,0,75.4,fishing_anchor,1,1.0
2022,CAB0294,EMEA-Asia,hyperscaler,2001,21,5,17896.0,5,Bab-el-Mandeb,61.4,61.4,53.5,0,25,45,0,77.0,fishing_anchor,1,1.0
2023,CAB0294,EMEA-Asia,hyperscaler,2001,22,5,17896.0,5,Bab-el-Mandeb,61.4,61.4,100.0,0,25,47,0,78.6,fishing_anchor,1,1.0
2024,CAB0294,EMEA-Asia,hyperscaler,2001,23,5,17896.0,5,Bab-el-Mandeb,61.4,61.4,90.6,0,25,48,0,80.2,fishing_anchor,1,1.0
2025,CAB0294,EMEA-Asia,hyperscaler,2001,24,5,17896.0,5,Bab-el-Mandeb,61.4,61.4,94.4,0,25,47,0,81.7,natural_hazard,1,0.0
2026,CAB0294,EMEA-Asia,hyperscaler,2001,25,5,17896.0,5,Bab-el-Mandeb,61.4,61.4,99.7,0,25,47,0,83.3,none,0,
2015,CAB0295,Trans-Pacific,carrier,2003,12,28,10145.0,8,None,424.0,378.2,99.1,1,25,35,1,38.9,none,0,0.0
2016,CAB0295,Trans-Pacific,carrier,2003,13,28,10145.0,8,None,424.0,424.0,92.2,1,25,37,1,40.5,none,0,0.0
2017,CAB0295,Trans-Pacific,carrier,2003,14,28,10145.0,8,None,424.0,424.0,54.4,1,25,38,1,42.1,none,0,1.0
2018,CAB0295,Trans-Pacific,carrier,2003,15,28,10145.0,8,None,424.0,424.0,78.3,1,25,39,1,43.7,fishing_anchor,1,0.0
2019,CAB0295,Trans-Pacific,carrier,2003,16,28,10145.0,8,None,424.0,424.0,44.9,1,25,41,0,25.4,none,0,0.0
2020,CAB0295,Trans-Pacific,carrier,2003,17,28,10145.0,8,None,424.0,424.0,71.5,1,25,42,0,27.0,none,0,1.0
2021,CAB0295,Trans-Pacific,carrier,2003,18,28,10145.0,8,None,424.0,424.0,56.1,1,25,43,0,28.6,fishing_anchor,1,0.0
2022,CAB0295,Trans-Pacific,carrier,2003,19,28,10145.0,8,None,424.0,424.0,42.9,1,25,45,0,30.2,none,0,0.0
2023,CAB0295,Trans-Pacific,carrier,2003,20,28,10145.0,8,None,424.0,424.0,64.7,1,25,47,0,31.7,none,0,1.0
2024,CAB0295,Trans-Pacific,carrier,2003,21,28,10145.0,8,None,424.0,424.0,95.9,1,25,49,0,33.3,fishing_anchor,1,0.0
2025,CAB0295,Trans-Pacific,carrier,2003,22,28,10145.0,8,None,424.0,424.0,97.6,1,25,50,0,34.9,none,0,0.0
2026,CAB0295,Trans-Pacific,carrier,2003,23,28,10145.0,8,None,424.0,424.0,80.1,1,25,48,0,36.5,none,0,
2015,CAB0296,Indian-Ocean,hyperscaler,2005,10,13,8916.0,7,None,234.0,184.1,56.8,0,25,31,1,51.6,fishing_anchor,1,0.0
2016,CAB0296,Indian-Ocean,hyperscaler,2005,11,13,8916.0,7,None,234.0,214.4,92.2,0,25,33,1,53.2,none,0,0.0
2017,CAB0296,Indian-Ocean,hyperscaler,2005,12,13,8916.0,7,None,234.0,227.0,88.6,0,25,33,1,54.8,none,0,1.0
2018,CAB0296,Indian-Ocean,hyperscaler,2005,13,13,8916.0,7,None,234.0,225.2,66.6,0,25,35,1,56.3,natural_hazard,1,0.0
2019,CAB0296,Indian-Ocean,hyperscaler,2005,14,13,8916.0,7,None,234.0,234.0,42.4,0,25,35,1,57.9,none,0,0.0
2020,CAB0296,Indian-Ocean,hyperscaler,2005,15,13,8916.0,7,None,234.0,234.0,48.1,0,25,36,1,59.5,none,0,0.0
2021,CAB0296,Indian-Ocean,hyperscaler,2005,16,13,8916.0,7,None,234.0,234.0,75.2,0,25,39,1,61.1,none,0,0.0
2022,CAB0296,Indian-Ocean,hyperscaler,2005,17,13,8916.0,7,None,234.0,234.0,100.0,0,25,39,1,62.7,none,0,0.0
2023,CAB0296,Indian-Ocean,hyperscaler,2005,18,13,8916.0,7,None,234.0,234.0,67.8,0,25,40,0,44.4,none,0,0.0
2024,CAB0296,Indian-Ocean,hyperscaler,2005,19,13,8916.0,7,None,234.0,234.0,69.1,0,25,41,0,46.0,none,0,1.0
2025,CAB0296,Indian-Ocean,hyperscaler,2005,20,13,8916.0,7,None,234.0,234.0,62.8,0,25,44,0,47.6,fishing_anchor,1,0.0
2026,CAB0296,Indian-Ocean,hyperscaler,2005,21,13,8916.0,7,None,234.0,234.0,61.1,0,25,43,0,49.2,none,0,
2019,CAB0297,Intra-Europe,consortium,2019,0,10,741.0,6,None,380.0,103.4,25.3,1,25,47,0,0.0,none,0,0.0
2020,CAB0297,Intra-Europe,consortium,2019,1,10,741.0,6,None,380.0,108.1,7.8,1,25,49,0,1.6,none,0,0.0
2021,CAB0297,Intra-Europe,consortium,2019,2,10,741.0,6,None,380.0,126.1,92.0,1,25,49,0,3.2,none,0,0.0
2022,CAB0297,Intra-Europe,consortium,2019,3,10,741.0,6,None,380.0,177.2,61.5,1,25,52,0,4.8,none,0,0.0
2023,CAB0297,Intra-Europe,consortium,2019,4,10,741.0,6,None,380.0,220.9,64.5,1,25,53,0,6.3,none,0,0.0
2024,CAB0297,Intra-Europe,consortium,2019,5,10,741.0,6,None,380.0,232.5,60.6,1,25,53,0,7.9,none,0,0.0
2025,CAB0297,Intra-Europe,consortium,2019,6,10,741.0,6,None,380.0,208.1,64.1,1,25,58,0,9.5,none,0,0.0
2026,CAB0297,Intra-Europe,consortium,2019,7,10,741.0,6,None,380.0,253.8,28.0,1,25,60,0,11.1,none,0,
2015,CAB0298,Africa-Coastal,hyperscaler,2002,13,4,11243.0,5,None,54.9,54.9,61.1,0,25,36,1,56.3,fishing_anchor,1,1.0
2016,CAB0298,Africa-Coastal,hyperscaler,2002,14,4,11243.0,5,None,54.9,54.9,100.0,0,25,37,1,57.9,fishing_anchor,1,0.0
2017,CAB0298,Africa-Coastal,hyperscaler,2002,15,4,11243.0,5,None,54.9,54.9,87.1,0,25,40,0,39.7,none,0,0.0
2018,CAB0298,Africa-Coastal,hyperscaler,2002,16,4,11243.0,5,None,54.9,54.9,80.3,0,25,40,0,41.3,none,0,0.0
2019,CAB0298,Africa-Coastal,hyperscaler,2002,17,4,11243.0,5,None,54.9,54.9,46.2,0,25,42,0,42.9,none,0,0.0
2020,CAB0298,Africa-Coastal,hyperscaler,2002,18,4,11243.0,5,None,54.9,54.9,77.8,0,25,43,0,44.4,none,0,0.0
2021,CAB0298,Africa-Coastal,hyperscaler,2002,19,4,11243.0,5,None,54.9,54.9,70.1,0,25,44,0,46.0,none,0,0.0
2022,CAB0298,Africa-Coastal,hyperscaler,2002,20,4,11243.0,5,None,54.9,54.9,61.3,0,25,45,0,47.6,none,0,0.0
2023,CAB0298,Africa-Coastal,hyperscaler,2002,21,4,11243.0,5,None,54.9,54.9,100.0,0,25,47,0,49.2,none,0,0.0
2024,CAB0298,Africa-Coastal,hyperscaler,2002,22,4,11243.0,5,None,54.9,54.9,93.2,0,25,49,0,50.8,none,0,1.0
2025,CAB0298,Africa-Coastal,hyperscaler,2002,23,4,11243.0,5,None,54.9,54.9,86.8,0,25,52,0,52.4,fishing_anchor,1,0.0
2026,CAB0298,Africa-Coastal,hyperscaler,2002,24,4,11243.0,5,None,54.9,54.9,89.4,0,25,53,0,54.0,none,0,
2017,CAB0299,EMEA-Asia,government,2017,0,10,12414.0,2,None,351.4,76.7,42.0,1,25,32,1,31.7,none,0,0.0
2018,CAB0299,EMEA-Asia,government,2017,1,10,12414.0,2,None,351.4,127.2,15.6,1,25,34,1,33.3,none,0,0.0
2019,CAB0299,EMEA-Asia,government,2017,2,10,12414.0,2,None,351.4,102.4,12.9,1,25,37,1,34.9,none,0,0.0
2020,CAB0299,EMEA-Asia,government,2017,3,10,12414.0,2,None,351.4,155.3,31.9,1,25,40,0,16.7,none,0,1.0
2021,CAB0299,EMEA-Asia,government,2017,4,10,12414.0,2,None,351.4,140.7,80.5,1,25,44,0,18.3,fishing_anchor,1,1.0
2022,CAB0299,EMEA-Asia,government,2017,5,10,12414.0,2,None,351.4,143.5,40.2,1,25,45,0,19.8,fishing_anchor,1,0.0
2023,CAB0299,EMEA-Asia,government,2017,6,10,12414.0,2,None,351.4,215.5,67.7,1,25,47,0,21.4,none,0,0.0
2024,CAB0299,EMEA-Asia,government,2017,7,10,12414.0,2,None,351.4,242.1,54.7,1,25,48,0,23.0,none,0,0.0
2025,CAB0299,EMEA-Asia,government,2017,8,10,12414.0,2,None,351.4,253.2,58.5,1,25,47,0,24.6,none,0,1.0
2026,CAB0299,EMEA-Asia,government,2017,9,10,12414.0,2,None,351.4,265.6,53.0,1,25,47,0,26.2,fishing_anchor,1,
2018,CAB0300,Intra-Europe,consortium,2018,0,5,1637.0,2,None,182.9,43.9,38.4,1,25,45,0,11.9,none,0,0.0
2019,CAB0300,Intra-Europe,consortium,2018,1,5,1637.0,2,None,182.9,66.4,57.1,1,25,47,0,13.5,none,0,0.0
2020,CAB0300,Intra-Europe,consortium,2018,2,5,1637.0,2,None,182.9,70.7,41.6,1,25,49,0,15.1,none,0,0.0
2021,CAB0300,Intra-Europe,consortium,2018,3,5,1637.0,2,None,182.9,73.3,59.5,1,25,49,0,16.7,none,0,0.0
2022,CAB0300,Intra-Europe,consortium,2018,4,5,1637.0,2,None,182.9,91.3,40.3,1,25,52,0,18.3,none,0,0.0
2023,CAB0300,Intra-Europe,consortium,2018,5,5,1637.0,2,None,182.9,109.4,35.4,1,25,53,0,19.8,none,0,0.0
2024,CAB0300,Intra-Europe,consortium,2018,6,5,1637.0,2,None,182.9,109.7,32.0,1,25,53,0,21.4,none,0,0.0
2025,CAB0300,Intra-Europe,consortium,2018,7,5,1637.0,2,None,182.9,122.7,49.6,1,25,58,0,23.0,none,0,0.0
2026,CAB0300,Intra-Europe,consortium,2018,8,5,1637.0,2,None,182.9,116.9,72.6,1,25,60,0,24.6,none,0,
2015,CAB0301,Intra-Europe,consortium,2001,14,4,309.0,6,None,49.1,49.1,74.4,0,25,41,0,38.1,none,0,1.0
2016,CAB0301,Intra-Europe,consortium,2001,15,4,309.0,6,None,49.1,49.1,69.3,0,25,42,0,39.7,fishing_anchor,1,0.0
2017,CAB0301,Intra-Europe,consortium,2001,16,4,309.0,6,None,49.1,49.1,51.6,0,25,44,0,41.3,none,0,0.0
2018,CAB0301,Intra-Europe,consortium,2001,17,4,309.0,6,None,49.1,49.1,74.3,0,25,45,0,42.9,none,0,0.0
2019,CAB0301,Intra-Europe,consortium,2001,18,4,309.0,6,None,49.1,49.1,76.0,0,25,47,0,44.4,none,0,0.0
2020,CAB0301,Intra-Europe,consortium,2001,19,4,309.0,6,None,49.1,49.1,77.6,0,25,49,0,46.0,none,0,0.0
2021,CAB0301,Intra-Europe,consortium,2001,20,4,309.0,6,None,49.1,49.1,70.7,0,25,49,0,47.6,none,0,0.0
2022,CAB0301,Intra-Europe,consortium,2001,21,4,309.0,6,None,49.1,49.1,100.0,0,25,52,0,49.2,none,0,1.0
2023,CAB0301,Intra-Europe,consortium,2001,22,4,309.0,6,None,49.1,49.1,99.0,0,25,53,0,50.8,fishing_anchor,1,0.0
2024,CAB0301,Intra-Europe,consortium,2001,23,4,309.0,6,None,49.1,49.1,82.8,0,25,53,0,52.4,none,0,0.0
2025,CAB0301,Intra-Europe,consortium,2001,24,4,309.0,6,None,49.1,49.1,100.0,0,25,58,0,54.0,none,0,0.0
2026,CAB0301,Intra-Europe,consortium,2001,25,4,309.0,6,None,49.1,49.1,94.9,0,25,60,0,55.6,none,0,
2015,CAB0302,Intra-Asia,carrier,2000,15,16,4495.0,6,None,173.7,173.7,100.0,1,25,53,0,23.8,fishing_anchor,1,1.0
2016,CAB0302,Intra-Asia,carrier,2000,16,16,4495.0,6,None,173.7,173.7,69.5,1,25,59,0,25.4,fishing_anchor,1,0.0
2017,CAB0302,Intra-Asia,carrier,2000,17,16,4495.0,6,None,173.7,173.7,96.6,1,25,60,0,27.0,none,0,1.0
2018,CAB0302,Intra-Asia,carrier,2000,18,16,4495.0,6,None,173.7,173.7,68.0,1,25,62,0,28.6,fishing_anchor,1,0.0
2019,CAB0302,Intra-Asia,carrier,2000,19,16,4495.0,6,None,173.7,173.7,52.1,1,25,64,0,30.2,none,0,0.0
2020,CAB0302,Intra-Asia,carrier,2000,20,16,4495.0,6,None,173.7,173.7,67.2,1,25,66,0,31.7,none,0,0.0
2021,CAB0302,Intra-Asia,carrier,2000,21,16,4495.0,6,None,173.7,173.7,87.3,1,25,69,0,33.3,none,0,1.0
2022,CAB0302,Intra-Asia,carrier,2000,22,16,4495.0,6,None,173.7,173.7,98.0,1,25,70,0,34.9,fishing_anchor,1,0.0
2023,CAB0302,Intra-Asia,carrier,2000,23,16,4495.0,6,None,173.7,173.7,100.0,1,25,70,0,36.5,none,0,0.0
2024,CAB0302,Intra-Asia,carrier,2000,24,16,4495.0,6,None,173.7,173.7,80.9,1,25,75,0,38.1,none,0,0.0
2025,CAB0302,Intra-Asia,carrier,2000,25,16,4495.0,6,None,173.7,173.7,100.0,1,25,77,0,39.7,none,0,0.0
2026,CAB0302,Intra-Asia,carrier,2000,26,16,4495.0,6,None,173.7,173.7,75.2,1,25,77,0,41.3,none,0,
2024,CAB0303,Trans-Pacific,carrier,2024,0,18,13579.0,5,None,812.6,163.6,41.5,0,25,49,0,15.9,none,0,1.0
2025,CAB0303,Trans-Pacific,carrier,2024,1,18,13579.0,5,None,812.6,260.7,45.5,0,25,50,0,17.5,equipment,1,0.0
2026,CAB0303,Trans-Pacific,carrier,2024,2,18,13579.0,5,None,812.6,261.4,51.4,0,25,48,0,19.0,none,0,
2023,CAB0304,Trans-Atlantic,hyperscaler,2023,0,23,7457.0,4,None,1005.4,248.6,18.9,0,25,54,0,15.9,none,0,0.0
2024,CAB0304,Trans-Atlantic,hyperscaler,2023,1,23,7457.0,4,None,1005.4,328.0,56.2,0,25,58,0,17.5,none,0,0.0
2025,CAB0304,Trans-Atlantic,hyperscaler,2023,2,23,7457.0,4,None,1005.4,431.8,61.3,0,25,62,0,19.0,none,0,0.0
2026,CAB0304,Trans-Atlantic,hyperscaler,2023,3,23,7457.0,4,None,1005.4,370.9,23.9,0,25,63,0,20.6,none,0,
2015,CAB0305,Africa-Coastal,consortium,2010,5,12,5931.0,9,None,301.7,166.0,27.4,0,25,36,1,43.7,fishing_anchor,1,0.0
2016,CAB0305,Africa-Coastal,consortium,2010,6,12,5931.0,9,None,301.7,193.9,86.8,0,25,37,1,45.2,none,0,0.0
2017,CAB0305,Africa-Coastal,consortium,2010,7,12,5931.0,9,None,301.7,221.8,31.4,0,25,40,0,27.0,none,0,0.0
2018,CAB0305,Africa-Coastal,consortium,2010,8,12,5931.0,9,None,301.7,219.2,31.9,0,25,40,0,28.6,none,0,0.0
2019,CAB0305,Africa-Coastal,consortium,2010,9,12,5931.0,9,None,301.7,248.8,40.2,0,25,42,0,30.2,none,0,1.0
2020,CAB0305,Africa-Coastal,consortium,2010,10,12,5931.0,9,None,301.7,246.3,39.2,0,25,43,0,31.7,fishing_anchor,1,0.0
2021,CAB0305,Africa-Coastal,consortium,2010,11,12,5931.0,9,None,301.7,262.5,85.9,0,25,44,0,33.3,none,0,1.0
2022,CAB0305,Africa-Coastal,consortium,2010,12,12,5931.0,9,None,301.7,281.5,48.0,0,25,45,0,34.9,fishing_anchor,1,1.0
2023,CAB0305,Africa-Coastal,consortium,2010,13,12,5931.0,9,None,301.7,285.0,45.7,0,25,47,0,36.5,fishing_anchor,1,1.0
2024,CAB0305,Africa-Coastal,consortium,2010,14,12,5931.0,9,None,301.7,301.7,100.0,0,25,49,0,38.1,fishing_anchor,1,0.0
2025,CAB0305,Africa-Coastal,consortium,2010,15,12,5931.0,9,None,301.7,301.7,68.0,0,25,52,0,39.7,none,0,0.0
2026,CAB0305,Africa-Coastal,consortium,2010,16,12,5931.0,9,None,301.7,301.7,100.0,0,25,53,0,41.3,none,0,
2015,CAB0306,Intra-Europe,carrier,2013,2,40,2410.0,6,None,1177.1,467.3,54.7,1,25,41,0,3.2,none,0,0.0
2016,CAB0306,Intra-Europe,carrier,2013,3,40,2410.0,6,None,1177.1,610.0,50.0,1,25,42,0,4.8,none,0,0.0
2017,CAB0306,Intra-Europe,carrier,2013,4,40,2410.0,6,None,1177.1,575.4,75.9,1,25,44,0,6.3,none,0,0.0
2018,CAB0306,Intra-Europe,carrier,2013,5,40,2410.0,6,None,1177.1,690.6,78.3,1,25,45,0,7.9,none,0,0.0
2019,CAB0306,Intra-Europe,carrier,2013,6,40,2410.0,6,None,1177.1,756.7,54.2,1,25,47,0,9.5,none,0,0.0
2020,CAB0306,Intra-Europe,carrier,2013,7,40,2410.0,6,None,1177.1,807.3,52.8,1,25,49,0,11.1,none,0,0.0
2021,CAB0306,Intra-Europe,carrier,2013,8,40,2410.0,6,None,1177.1,929.1,38.9,1,25,49,0,12.7,none,0,0.0
2022,CAB0306,Intra-Europe,carrier,2013,9,40,2410.0,6,None,1177.1,878.6,100.0,1,25,52,0,14.3,none,0,0.0
2023,CAB0306,Intra-Europe,carrier,2013,10,40,2410.0,6,None,1177.1,1035.8,75.9,1,25,53,0,15.9,none,0,0.0
2024,CAB0306,Intra-Europe,carrier,2013,11,40,2410.0,6,None,1177.1,1110.0,67.4,1,25,53,0,17.5,none,0,0.0
2025,CAB0306,Intra-Europe,carrier,2013,12,40,2410.0,6,None,1177.1,1177.1,48.1,1,25,58,0,19.0,none,0,0.0
2026,CAB0306,Intra-Europe,carrier,2013,13,40,2410.0,6,None,1177.1,1177.1,81.3,1,25,60,0,20.6,none,0,
2015,CAB0307,Americas,hyperscaler,2014,1,7,6252.0,4,None,216.0,76.2,62.6,0,25,28,1,37.3,none,0,0.0
2016,CAB0307,Americas,hyperscaler,2014,2,7,6252.0,4,None,216.0,78.1,75.0,0,25,29,1,38.9,none,0,0.0
2017,CAB0307,Americas,hyperscaler,2014,3,7,6252.0,4,None,216.0,97.9,34.9,0,25,29,1,40.5,none,0,0.0
2018,CAB0307,Americas,hyperscaler,2014,4,7,6252.0,4,None,216.0,126.1,31.6,0,25,31,1,42.1,none,0,0.0
2019,CAB0307,Americas,hyperscaler,2014,5,7,6252.0,4,None,216.0,108.9,71.6,0,25,32,1,43.7,none,0,0.0
2020,CAB0307,Americas,hyperscaler,2014,6,7,6252.0,4,None,216.0,130.5,66.5,0,25,33,1,45.2,none,0,1.0
2021,CAB0307,Americas,hyperscaler,2014,7,7,6252.0,4,None,216.0,118.2,62.1,0,25,37,1,46.8,fishing_anchor,1,0.0
2022,CAB0307,Americas,hyperscaler,2014,8,7,6252.0,4,None,216.0,173.1,53.4,0,25,37,1,48.4,none,0,1.0
2023,CAB0307,Americas,hyperscaler,2014,9,7,6252.0,4,None,216.0,181.4,58.4,0,25,37,1,50.0,fishing_anchor,1,0.0
2024,CAB0307,Americas,hyperscaler,2014,10,7,6252.0,4,None,216.0,189.4,51.8,0,25,39,1,51.6,none,0,0.0
2025,CAB0307,Americas,hyperscaler,2014,11,7,6252.0,4,None,216.0,190.1,100.0,0,25,39,1,53.2,none,0,0.0
2026,CAB0307,Americas,hyperscaler,2014,12,7,6252.0,4,None,216.0,216.0,97.4,0,25,40,0,34.9,none,0,
2024,CAB0308,Trans-Atlantic,carrier,2024,0,48,5687.0,4,None,2166.9,446.6,44.0,0,25,58,0,15.9,none,0,0.0
2025,CAB0308,Trans-Atlantic,carrier,2024,1,48,5687.0,4,None,2166.9,850.8,15.5,0,25,62,0,17.5,none,0,1.0
2026,CAB0308,Trans-Atlantic,carrier,2024,2,48,5687.0,4,None,2166.9,764.5,22.9,0,25,63,0,19.0,fishing_anchor,1,
2015,CAB0309,EMEA-Asia,consortium,2014,1,7,16635.0,6,Hormuz,216.0,55.6,50.8,0,25,27,1,65.1,none,0,0.0
2016,CAB0309,EMEA-Asia,consortium,2014,2,7,16635.0,6,Hormuz,216.0,68.4,44.5,0,25,29,1,66.7,none,0,0.0
2017,CAB0309,EMEA-Asia,consortium,2014,3,7,16635.0,6,Hormuz,216.0,99.9,11.5,0,25,32,1,68.3,none,0,0.0
2018,CAB0309,EMEA-Asia,consortium,2014,4,7,16635.0,6,Hormuz,216.0,97.0,23.4,0,25,34,1,69.8,none,0,1.0
2019,CAB0309,EMEA-Asia,consortium,2014,5,7,16635.0,6,Hormuz,216.0,112.5,53.3,0,25,37,1,71.4,fishing_anchor,1,0.0
2020,CAB0309,EMEA-Asia,consortium,2014,6,7,16635.0,6,Hormuz,216.0,115.6,34.4,0,25,40,0,53.2,none,0,0.0
2021,CAB0309,EMEA-Asia,consortium,2014,7,7,16635.0,6,Hormuz,216.0,160.4,24.9,0,25,44,0,54.8,none,0,0.0
2022,CAB0309,EMEA-Asia,consortium,2014,8,7,16635.0,6,Hormuz,216.0,137.5,51.0,0,25,45,0,56.3,none,0,0.0
2023,CAB0309,EMEA-Asia,consortium,2014,9,7,16635.0,6,Hormuz,216.0,161.5,83.8,0,25,47,0,57.9,none,0,0.0
2024,CAB0309,EMEA-Asia,consortium,2014,10,7,16635.0,6,Hormuz,216.0,184.9,82.3,0,25,48,0,59.5,none,0,0.0
2025,CAB0309,EMEA-Asia,consortium,2014,11,7,16635.0,6,Hormuz,216.0,211.1,63.5,0,25,47,0,61.1,none,0,0.0
2026,CAB0309,EMEA-Asia,consortium,2014,12,7,16635.0,6,Hormuz,216.0,207.1,53.5,0,25,47,0,62.7,none,0,
2020,CAB0310,Americas,carrier,2020,0,22,5575.0,6,None,867.4,168.0,24.0,1,25,33,1,19.8,none,0,0.0
2021,CAB0310,Americas,carrier,2020,1,22,5575.0,6,None,867.4,298.5,31.6,1,25,37,1,21.4,none,0,1.0
2022,CAB0310,Americas,carrier,2020,2,22,5575.0,6,None,867.4,292.4,83.0,1,25,37,1,23.0,fishing_anchor,1,0.0
2023,CAB0310,Americas,carrier,2020,3,22,5575.0,6,None,867.4,307.6,57.3,1,25,37,1,24.6,none,0,1.0
2024,CAB0310,Americas,carrier,2020,4,22,5575.0,6,None,867.4,394.3,46.1,1,25,39,1,26.2,fishing_anchor,1,0.0
2025,CAB0310,Americas,carrier,2020,5,22,5575.0,6,None,867.4,528.8,39.7,1,25,39,1,27.8,none,0,0.0
2026,CAB0310,Americas,carrier,2020,6,22,5575.0,6,None,867.4,573.9,33.2,1,25,40,0,9.5,none,0,
2015,CAB0311,Trans-Atlantic,carrier,2008,7,7,7196.0,5,None,156.0,90.2,70.1,0,25,33,1,46.8,none,0,1.0
2016,CAB0311,Trans-Atlantic,carrier,2008,8,7,7196.0,5,None,156.0,99.5,23.7,0,25,37,1,48.4,natural_hazard,1,1.0
2017,CAB0311,Trans-Atlantic,carrier,2008,9,7,7196.0,5,None,156.0,120.8,77.1,0,25,37,1,50.0,fishing_anchor,1,0.0
2018,CAB0311,Trans-Atlantic,carrier,2008,10,7,7196.0,5,None,156.0,132.7,52.8,0,25,40,0,31.7,none,0,0.0
2019,CAB0311,Trans-Atlantic,carrier,2008,11,7,7196.0,5,None,156.0,130.4,76.3,0,25,45,0,33.3,none,0,0.0
2020,CAB0311,Trans-Atlantic,carrier,2008,12,7,7196.0,5,None,156.0,130.8,66.1,0,25,48,0,34.9,none,0,1.0
2021,CAB0311,Trans-Atlantic,carrier,2008,13,7,7196.0,5,None,156.0,155.6,46.6,0,25,50,0,36.5,fishing_anchor,1,1.0
2022,CAB0311,Trans-Atlantic,carrier,2008,14,7,7196.0,5,None,156.0,156.0,48.8,0,25,51,0,38.1,fishing_anchor,1,1.0
2023,CAB0311,Trans-Atlantic,carrier,2008,15,7,7196.0,5,None,156.0,156.0,60.5,0,25,54,0,39.7,fishing_anchor,1,0.0
2024,CAB0311,Trans-Atlantic,carrier,2008,16,7,7196.0,5,None,156.0,156.0,54.7,0,25,58,0,41.3,none,0,0.0
2025,CAB0311,Trans-Atlantic,carrier,2008,17,7,7196.0,5,None,156.0,156.0,69.2,0,25,62,0,42.9,none,0,0.0
2026,CAB0311,Trans-Atlantic,carrier,2008,18,7,7196.0,5,None,156.0,156.0,57.6,0,25,63,0,44.4,none,0,
2022,CAB0312,Intra-Europe,hyperscaler,2022,0,48,2490.0,6,None,2029.7,425.8,12.9,0,25,52,0,15.9,none,0,1.0
2023,CAB0312,Intra-Europe,hyperscaler,2022,1,48,2490.0,6,None,2029.7,634.6,24.5,0,25,53,0,17.5,fishing_anchor,1,1.0
2024,CAB0312,Intra-Europe,hyperscaler,2022,2,48,2490.0,6,None,2029.7,670.6,49.9,0,25,53,0,19.0,natural_hazard,1,0.0
2025,CAB0312,Intra-Europe,hyperscaler,2022,3,48,2490.0,6,None,2029.7,710.1,44.3,0,25,58,0,20.6,none,0,1.0
2026,CAB0312,Intra-Europe,hyperscaler,2022,4,48,2490.0,6,None,2029.7,1048.2,66.6,0,25,60,0,22.2,fishing_anchor,1,
2021,CAB0313,Indian-Ocean,carrier,2021,0,22,11310.0,5,None,898.9,243.7,52.8,1,25,39,1,19.8,none,0,0.0
2022,CAB0313,Indian-Ocean,carrier,2021,1,22,11310.0,5,None,898.9,283.3,65.9,1,25,39,1,21.4,none,0,0.0
2023,CAB0313,Indian-Ocean,carrier,2021,2,22,11310.0,5,None,898.9,297.0,67.4,1,25,40,0,3.2,none,0,0.0
2024,CAB0313,Indian-Ocean,carrier,2021,3,22,11310.0,5,None,898.9,460.7,38.0,1,25,41,0,4.8,none,0,0.0
2025,CAB0313,Indian-Ocean,carrier,2021,4,22,11310.0,5,None,898.9,359.8,35.8,1,25,44,0,6.3,none,0,0.0
2026,CAB0313,Indian-Ocean,carrier,2021,5,22,11310.0,5,None,898.9,452.3,50.4,1,25,43,0,7.9,none,0,
2015,CAB0314,Africa-Coastal,consortium,2001,14,25,6052.0,5,None,307.1,307.1,57.1,0,25,36,1,57.9,none,0,0.0
2016,CAB0314,Africa-Coastal,consortium,2001,15,25,6052.0,5,None,307.1,307.1,58.5,0,25,37,1,59.5,none,0,0.0
2017,CAB0314,Africa-Coastal,consortium,2001,16,25,6052.0,5,None,307.1,307.1,100.0,0,25,40,0,41.3,none,0,1.0
2018,CAB0314,Africa-Coastal,consortium,2001,17,25,6052.0,5,None,307.1,307.1,79.5,0,25,40,0,42.9,fishing_anchor,1,0.0
2019,CAB0314,Africa-Coastal,consortium,2001,18,25,6052.0,5,None,307.1,307.1,100.0,0,25,42,0,44.4,none,0,1.0
2020,CAB0314,Africa-Coastal,consortium,2001,19,25,6052.0,5,None,307.1,307.1,85.1,0,25,43,0,46.0,equipment,1,0.0
2021,CAB0314,Africa-Coastal,consortium,2001,20,25,6052.0,5,None,307.1,307.1,94.9,0,25,44,0,47.6,none,0,0.0
2022,CAB0314,Africa-Coastal,consortium,2001,21,25,6052.0,5,None,307.1,307.1,76.5,0,25,45,0,49.2,none,0,0.0
2023,CAB0314,Africa-Coastal,consortium,2001,22,25,6052.0,5,None,307.1,307.1,60.1,0,25,47,0,50.8,none,0,0.0
2024,CAB0314,Africa-Coastal,consortium,2001,23,25,6052.0,5,None,307.1,307.1,83.9,0,25,49,0,52.4,none,0,0.0
2025,CAB0314,Africa-Coastal,consortium,2001,24,25,6052.0,5,None,307.1,307.1,60.8,0,25,52,0,54.0,none,0,0.0
2026,CAB0314,Africa-Coastal,consortium,2001,25,25,6052.0,5,None,307.1,307.1,100.0,0,25,53,0,55.6,none,0,
2019,CAB0315,Intra-Pacific-Islands,consortium,2019,0,5,978.0,2,None,190.0,53.8,67.3,1,25,35,1,31.7,none,0,0.0
2020,CAB0315,Intra-Pacific-Islands,consortium,2019,1,5,978.0,2,None,190.0,62.4,18.8,1,25,40,0,13.5,none,0,1.0
2021,CAB0315,Intra-Pacific-Islands,consortium,2019,2,5,978.0,2,None,190.0,60.0,43.3,1,25,41,0,15.1,fishing_anchor,1,0.0
2022,CAB0315,Intra-Pacific-Islands,consortium,2019,3,5,978.0,2,None,190.0,87.9,88.4,1,25,43,0,16.7,none,0,0.0
2023,CAB0315,Intra-Pacific-Islands,consortium,2019,4,5,978.0,2,None,190.0,95.2,87.4,1,25,45,0,18.3,none,0,1.0
2024,CAB0315,Intra-Pacific-Islands,consortium,2019,5,5,978.0,2,None,190.0,109.3,20.5,1,25,48,0,19.8,natural_hazard,1,1.0
2025,CAB0315,Intra-Pacific-Islands,consortium,2019,6,5,978.0,2,None,190.0,124.0,48.7,1,25,50,0,21.4,fishing_anchor,1,0.0
2026,CAB0315,Intra-Pacific-Islands,consortium,2019,7,5,978.0,2,None,190.0,134.5,77.3,1,25,51,0,23.0,none,0,
2015,CAB0316,Intra-Asia,hyperscaler,2013,2,18,4487.0,3,Luzon-Strait,529.7,151.4,16.5,0,25,53,0,46.8,none,0,0.0
2016,CAB0316,Intra-Asia,hyperscaler,2013,3,18,4487.0,3,Luzon-Strait,529.7,235.2,59.4,0,25,59,0,48.4,none,0,1.0
2017,CAB0316,Intra-Asia,hyperscaler,2013,4,18,4487.0,3,Luzon-Strait,529.7,249.9,80.1,0,25,60,0,50.0,fishing_anchor,1,0.0
2018,CAB0316,Intra-Asia,hyperscaler,2013,5,18,4487.0,3,Luzon-Strait,529.7,292.0,69.4,0,25,62,0,51.6,none,0,0.0
2019,CAB0316,Intra-Asia,hyperscaler,2013,6,18,4487.0,3,Luzon-Strait,529.7,317.3,80.1,0,25,64,0,53.2,none,0,0.0
2020,CAB0316,Intra-Asia,hyperscaler,2013,7,18,4487.0,3,Luzon-Strait,529.7,379.9,78.9,0,25,66,0,54.8,none,0,0.0
2021,CAB0316,Intra-Asia,hyperscaler,2013,8,18,4487.0,3,Luzon-Strait,529.7,377.2,23.8,0,25,69,0,56.3,none,0,0.0
2022,CAB0316,Intra-Asia,hyperscaler,2013,9,18,4487.0,3,Luzon-Strait,529.7,401.9,58.2,0,25,70,0,57.9,none,0,0.0
2023,CAB0316,Intra-Asia,hyperscaler,2013,10,18,4487.0,3,Luzon-Strait,529.7,441.2,100.0,0,25,70,0,59.5,none,0,1.0
2024,CAB0316,Intra-Asia,hyperscaler,2013,11,18,4487.0,3,Luzon-Strait,529.7,499.3,73.7,0,25,75,0,61.1,fishing_anchor,1,0.0
2025,CAB0316,Intra-Asia,hyperscaler,2013,12,18,4487.0,3,Luzon-Strait,529.7,529.7,37.7,0,25,77,0,62.7,none,0,0.0
2026,CAB0316,Intra-Asia,hyperscaler,2013,13,18,4487.0,3,Luzon-Strait,529.7,529.7,64.9,0,25,77,0,64.3,none,0,
2015,CAB0317,Intra-Europe,government,1998,17,14,2350.0,4,None,112.0,112.0,81.0,0,25,41,0,42.9,none,0,0.0
2016,CAB0317,Intra-Europe,government,1998,18,14,2350.0,4,None,112.0,112.0,83.6,0,25,42,0,44.4,none,0,0.0
2017,CAB0317,Intra-Europe,government,1998,19,14,2350.0,4,None,112.0,112.0,61.9,0,25,44,0,46.0,none,0,0.0
2018,CAB0317,Intra-Europe,government,1998,20,14,2350.0,4,None,112.0,112.0,72.1,0,25,45,0,47.6,none,0,1.0
2019,CAB0317,Intra-Europe,government,1998,21,14,2350.0,4,None,112.0,112.0,71.9,0,25,47,0,49.2,fishing_anchor,1,0.0
2020,CAB0317,Intra-Europe,government,1998,22,14,2350.0,4,None,112.0,112.0,71.3,0,25,49,0,50.8,none,0,0.0
2021,CAB0317,Intra-Europe,government,1998,23,14,2350.0,4,None,112.0,112.0,57.1,0,25,49,0,52.4,none,0,0.0
2022,CAB0317,Intra-Europe,government,1998,24,14,2350.0,4,None,112.0,112.0,68.1,0,25,52,0,54.0,none,0,0.0
2023,CAB0317,Intra-Europe,government,1998,25,14,2350.0,4,None,112.0,112.0,82.2,0,25,53,0,55.6,none,0,1.0
2024,CAB0317,Intra-Europe,government,1998,26,14,2350.0,4,None,112.0,112.0,80.2,0,25,53,0,57.1,suspected_external,1,0.0
2026,CAB0317,Intra-Europe,government,1998,28,14,2350.0,4,None,112.0,112.0,100.0,0,25,60,0,60.3,none,0,
2015,CAB0318,Intra-Asia,government,2013,2,18,2072.0,4,Luzon-Strait,529.7,183.7,67.8,1,25,53,0,31.0,none,0,0.0
2016,CAB0318,Intra-Asia,government,2013,3,18,2072.0,4,Luzon-Strait,529.7,207.7,64.9,1,25,59,0,32.5,none,0,0.0
2017,CAB0318,Intra-Asia,government,2013,4,18,2072.0,4,Luzon-Strait,529.7,238.9,24.0,1,25,60,0,34.1,none,0,0.0
2018,CAB0318,Intra-Asia,government,2013,5,18,2072.0,4,Luzon-Strait,529.7,284.3,77.4,1,25,62,0,35.7,none,0,0.0
2019,CAB0318,Intra-Asia,government,2013,6,18,2072.0,4,Luzon-Strait,529.7,376.4,73.5,1,25,64,0,37.3,none,0,0.0
2020,CAB0318,Intra-Asia,government,2013,7,18,2072.0,4,Luzon-Strait,529.7,339.0,48.1,1,25,66,0,38.9,none,0,0.0
2021,CAB0318,Intra-Asia,government,2013,8,18,2072.0,4,Luzon-Strait,529.7,361.0,46.1,1,25,69,0,40.5,none,0,0.0
2022,CAB0318,Intra-Asia,government,2013,9,18,2072.0,4,Luzon-Strait,529.7,447.9,59.7,1,25,70,0,42.1,none,0,0.0
2023,CAB0318,Intra-Asia,government,2013,10,18,2072.0,4,Luzon-Strait,529.7,435.6,81.3,1,25,70,0,43.7,none,0,0.0
2024,CAB0318,Intra-Asia,government,2013,11,18,2072.0,4,Luzon-Strait,529.7,469.2,40.7,1,25,75,0,45.2,none,0,0.0
2025,CAB0318,Intra-Asia,government,2013,12,18,2072.0,4,Luzon-Strait,529.7,529.7,97.0,1,25,77,0,46.8,none,0,0.0
2026,CAB0318,Intra-Asia,government,2013,13,18,2072.0,4,Luzon-Strait,529.7,529.7,82.8,1,25,77,0,48.4,none,0,
2015,CAB0319,Intra-Europe,government,2005,10,10,2998.0,4,None,180.0,167.7,66.4,0,25,41,0,31.7,fishing_anchor,1,0.0
2016,CAB0319,Intra-Europe,government,2005,11,10,2998.0,4,None,180.0,157.6,48.8,0,25,42,0,33.3,none,0,0.0
2017,CAB0319,Intra-Europe,government,2005,12,10,2998.0,4,None,180.0,179.3,100.0,0,25,44,0,34.9,none,0,0.0
2018,CAB0319,Intra-Europe,government,2005,13,10,2998.0,4,None,180.0,168.0,36.0,0,25,45,0,36.5,none,0,0.0
2019,CAB0319,Intra-Europe,government,2005,14,10,2998.0,4,None,180.0,180.0,76.0,0,25,47,0,38.1,none,0,0.0
2020,CAB0319,Intra-Europe,government,2005,15,10,2998.0,4,None,180.0,180.0,65.6,0,25,49,0,39.7,none,0,1.0
2021,CAB0319,Intra-Europe,government,2005,16,10,2998.0,4,None,180.0,180.0,94.3,0,25,49,0,41.3,natural_hazard,1,0.0
2022,CAB0319,Intra-Europe,government,2005,17,10,2998.0,4,None,180.0,180.0,43.7,0,25,52,0,42.9,none,0,0.0
2023,CAB0319,Intra-Europe,government,2005,18,10,2998.0,4,None,180.0,180.0,67.8,0,25,53,0,44.4,none,0,0.0
2024,CAB0319,Intra-Europe,government,2005,19,10,2998.0,4,None,180.0,180.0,66.0,0,25,53,0,46.0,none,0,0.0
2025,CAB0319,Intra-Europe,government,2005,20,10,2998.0,4,None,180.0,180.0,50.0,0,25,58,0,47.6,none,0,0.0
2026,CAB0319,Intra-Europe,government,2005,21,10,2998.0,4,None,180.0,180.0,72.9,0,25,60,0,49.2,none,0,
2015,CAB0320,EMEA-Asia,hyperscaler,2007,8,3,11542.0,6,Bab-el-Mandeb,62.6,48.5,63.8,0,25,27,1,76.2,none,0,0.0
2016,CAB0320,EMEA-Asia,hyperscaler,2007,9,3,11542.0,6,Bab-el-Mandeb,62.6,48.9,79.7,0,25,29,1,77.8,none,0,0.0
2017,CAB0320,EMEA-Asia,hyperscaler,2007,10,3,11542.0,6,Bab-el-Mandeb,62.6,53.8,53.4,0,25,32,1,79.4,none,0,0.0
2018,CAB0320,EMEA-Asia,hyperscaler,2007,11,3,11542.0,6,Bab-el-Mandeb,62.6,60.2,54.9,0,25,34,1,81.0,none,0,0.0
2019,CAB0320,EMEA-Asia,hyperscaler,2007,12,3,11542.0,6,Bab-el-Mandeb,62.6,62.0,73.8,0,25,37,1,82.5,none,0,0.0
2020,CAB0320,EMEA-Asia,hyperscaler,2007,13,3,11542.0,6,Bab-el-Mandeb,62.6,62.6,67.9,0,25,40,0,64.3,none,0,0.0
2021,CAB0320,EMEA-Asia,hyperscaler,2007,14,3,11542.0,6,Bab-el-Mandeb,62.6,62.6,100.0,0,25,44,0,65.9,none,0,0.0
2022,CAB0320,EMEA-Asia,hyperscaler,2007,15,3,11542.0,6,Bab-el-Mandeb,62.6,62.6,44.5,0,25,45,0,67.5,none,0,0.0
2023,CAB0320,EMEA-Asia,hyperscaler,2007,16,3,11542.0,6,Bab-el-Mandeb,62.6,62.6,61.9,0,25,47,0,69.0,none,0,0.0
2024,CAB0320,EMEA-Asia,hyperscaler,2007,17,3,11542.0,6,Bab-el-Mandeb,62.6,62.6,76.2,0,25,48,0,70.6,none,0,0.0
2025,CAB0320,EMEA-Asia,hyperscaler,2007,18,3,11542.0,6,Bab-el-Mandeb,62.6,62.6,63.4,0,25,47,0,72.2,none,0,0.0
2026,CAB0320,EMEA-Asia,hyperscaler,2007,19,3,11542.0,6,Bab-el-Mandeb,62.6,62.6,91.5,0,25,47,0,73.8,none,0,
2015,CAB0321,Intra-Pacific-Islands,consortium,2012,3,8,324.0,2,None,224.0,109.5,43.3,0,25,28,1,52.4,none,0,0.0
2016,CAB0321,Intra-Pacific-Islands,consortium,2012,4,8,324.0,2,None,224.0,112.0,16.8,0,25,29,1,54.0,none,0,0.0
2017,CAB0321,Intra-Pacific-Islands,consortium,2012,5,8,324.0,2,None,224.0,111.9,47.2,0,25,29,1,55.6,none,0,0.0
2018,CAB0321,Intra-Pacific-Islands,consortium,2012,6,8,324.0,2,None,224.0,145.8,42.5,0,25,30,1,57.1,none,0,0.0
2019,CAB0321,Intra-Pacific-Islands,consortium,2012,7,8,324.0,2,None,224.0,153.8,23.7,0,25,35,1,58.7,none,0,1.0
2020,CAB0321,Intra-Pacific-Islands,consortium,2012,8,8,324.0,2,None,224.0,146.1,34.2,0,25,40,0,40.5,natural_hazard,1,0.0
2021,CAB0321,Intra-Pacific-Islands,consortium,2012,9,8,324.0,2,None,224.0,187.0,53.2,0,25,41,0,42.1,none,0,0.0
2022,CAB0321,Intra-Pacific-Islands,consortium,2012,10,8,324.0,2,None,224.0,189.7,80.1,0,25,43,0,43.7,none,0,0.0
2023,CAB0321,Intra-Pacific-Islands,consortium,2012,11,8,324.0,2,None,224.0,200.7,98.0,0,25,45,0,45.2,none,0,0.0
2024,CAB0321,Intra-Pacific-Islands,consortium,2012,12,8,324.0,2,None,224.0,201.0,28.7,0,25,48,0,46.8,none,0,0.0
2025,CAB0321,Intra-Pacific-Islands,consortium,2012,13,8,324.0,2,None,224.0,218.9,66.7,0,25,50,0,48.4,none,0,0.0
2026,CAB0321,Intra-Pacific-Islands,consortium,2012,14,8,324.0,2,None,224.0,224.0,49.3,0,25,51,0,50.0,none,0,
2015,CAB0322,EMEA-Asia,consortium,2014,1,14,14057.0,3,Bab-el-Mandeb,432.0,124.1,6.2,0,25,27,1,65.1,fishing_anchor,1,0.0
2016,CAB0322,EMEA-Asia,consortium,2014,2,14,14057.0,3,Bab-el-Mandeb,432.0,177.4,67.9,0,25,29,1,66.7,none,0,0.0
2017,CAB0322,EMEA-Asia,consortium,2014,3,14,14057.0,3,Bab-el-Mandeb,432.0,194.9,57.9,0,25,32,1,68.3,none,0,1.0
2018,CAB0322,EMEA-Asia,consortium,2014,4,14,14057.0,3,Bab-el-Mandeb,432.0,193.0,60.0,0,25,34,1,69.8,fishing_anchor,1,0.0
2019,CAB0322,EMEA-Asia,consortium,2014,5,14,14057.0,3,Bab-el-Mandeb,432.0,238.8,49.3,0,25,37,1,71.4,none,0,0.0
2020,CAB0322,EMEA-Asia,consortium,2014,6,14,14057.0,3,Bab-el-Mandeb,432.0,297.9,65.0,0,25,40,0,53.2,none,0,0.0
2021,CAB0322,EMEA-Asia,consortium,2014,7,14,14057.0,3,Bab-el-Mandeb,432.0,284.4,60.2,0,25,44,0,54.8,none,0,0.0
2022,CAB0322,EMEA-Asia,consortium,2014,8,14,14057.0,3,Bab-el-Mandeb,432.0,297.8,55.0,0,25,45,0,56.3,none,0,0.0
2023,CAB0322,EMEA-Asia,consortium,2014,9,14,14057.0,3,Bab-el-Mandeb,432.0,323.5,58.9,0,25,47,0,57.9,none,0,0.0
2024,CAB0322,EMEA-Asia,consortium,2014,10,14,14057.0,3,Bab-el-Mandeb,432.0,376.6,59.4,0,25,48,0,59.5,none,0,0.0
2025,CAB0322,EMEA-Asia,consortium,2014,11,14,14057.0,3,Bab-el-Mandeb,432.0,385.1,83.0,0,25,47,0,61.1,none,0,0.0
2026,CAB0322,EMEA-Asia,consortium,2014,12,14,14057.0,3,Bab-el-Mandeb,432.0,370.4,67.8,0,25,47,0,62.7,none,0,
2019,CAB0323,Trans-Pacific,hyperscaler,2019,0,21,14093.0,6,None,798.0,222.5,1.9,0,25,41,0,15.9,none,0,0.0
2020,CAB0323,Trans-Pacific,hyperscaler,2019,1,21,14093.0,6,None,798.0,309.1,15.8,0,25,42,0,17.5,none,0,0.0
2021,CAB0323,Trans-Pacific,hyperscaler,2019,2,21,14093.0,6,None,798.0,240.6,43.8,0,25,43,0,19.0,none,0,0.0
2022,CAB0323,Trans-Pacific,hyperscaler,2019,3,21,14093.0,6,None,798.0,307.3,37.9,0,25,45,0,20.6,none,0,0.0
2023,CAB0323,Trans-Pacific,hyperscaler,2019,4,21,14093.0,6,None,798.0,438.4,51.3,0,25,47,0,22.2,none,0,1.0
2024,CAB0323,Trans-Pacific,hyperscaler,2019,5,21,14093.0,6,None,798.0,371.6,79.0,0,25,49,0,23.8,fishing_anchor,1,0.0
2025,CAB0323,Trans-Pacific,hyperscaler,2019,6,21,14093.0,6,None,798.0,498.3,66.5,0,25,50,0,25.4,none,0,1.0
2026,CAB0323,Trans-Pacific,hyperscaler,2019,7,21,14093.0,6,None,798.0,553.8,29.4,0,25,48,0,27.0,fishing_anchor,1,
2017,CAB0324,Intra-Europe,carrier,2017,0,7,2951.0,7,None,246.0,86.3,42.6,0,25,44,0,15.9,none,0,0.0
2018,CAB0324,Intra-Europe,carrier,2017,1,7,2951.0,7,None,246.0,82.4,51.9,0,25,45,0,17.5,none,0,0.0
2019,CAB0324,Intra-Europe,carrier,2017,2,7,2951.0,7,None,246.0,100.9,16.8,0,25,47,0,19.0,none,0,0.0
2020,CAB0324,Intra-Europe,carrier,2017,3,7,2951.0,7,None,246.0,112.0,51.6,0,25,49,0,20.6,none,0,1.0
2021,CAB0324,Intra-Europe,carrier,2017,4,7,2951.0,7,None,246.0,109.1,15.3,0,25,49,0,22.2,fishing_anchor,1,0.0
2022,CAB0324,Intra-Europe,carrier,2017,5,7,2951.0,7,None,246.0,144.6,47.9,0,25,52,0,23.8,none,0,1.0
2023,CAB0324,Intra-Europe,carrier,2017,6,7,2951.0,7,None,246.0,151.6,28.3,0,25,53,0,25.4,equipment,1,1.0
2024,CAB0324,Intra-Europe,carrier,2017,7,7,2951.0,7,None,246.0,156.3,91.0,0,25,53,0,27.0,fishing_anchor,1,1.0
2025,CAB0324,Intra-Europe,carrier,2017,8,7,2951.0,7,None,246.0,158.2,75.0,0,25,58,0,28.6,fishing_anchor,1,0.0
2026,CAB0324,Intra-Europe,carrier,2017,9,7,2951.0,7,None,246.0,189.8,56.9,0,25,60,0,30.2,none,0,
2015,CAB0325,Trans-Pacific,consortium,2006,9,3,9414.0,2,None,58.3,41.8,97.1,1,25,35,1,46.0,equipment,1,0.0
2016,CAB0325,Trans-Pacific,consortium,2006,10,3,9414.0,2,None,58.3,49.6,21.7,1,25,37,1,47.6,none,0,0.0
2017,CAB0325,Trans-Pacific,consortium,2006,11,3,9414.0,2,None,58.3,50.2,87.3,1,25,38,1,49.2,none,0,0.0
2018,CAB0325,Trans-Pacific,consortium,2006,12,3,9414.0,2,None,58.3,58.3,57.1,1,25,39,1,50.8,none,0,0.0
2019,CAB0325,Trans-Pacific,consortium,2006,13,3,9414.0,2,None,58.3,57.4,41.7,1,25,41,0,32.5,none,0,0.0
2020,CAB0325,Trans-Pacific,consortium,2006,14,3,9414.0,2,None,58.3,58.3,60.0,1,25,42,0,34.1,none,0,0.0
2021,CAB0325,Trans-Pacific,consortium,2006,15,3,9414.0,2,None,58.3,58.3,100.0,1,25,43,0,35.7,none,0,0.0
2022,CAB0325,Trans-Pacific,consortium,2006,16,3,9414.0,2,None,58.3,58.3,83.0,1,25,45,0,37.3,none,0,0.0
2023,CAB0325,Trans-Pacific,consortium,2006,17,3,9414.0,2,None,58.3,58.3,100.0,1,25,47,0,38.9,none,0,0.0
2024,CAB0325,Trans-Pacific,consortium,2006,18,3,9414.0,2,None,58.3,58.3,59.9,1,25,49,0,40.5,none,0,0.0
2025,CAB0325,Trans-Pacific,consortium,2006,19,3,9414.0,2,None,58.3,58.3,51.2,1,25,50,0,42.1,none,0,1.0
2026,CAB0325,Trans-Pacific,consortium,2006,20,3,9414.0,2,None,58.3,58.3,59.4,1,25,48,0,43.7,fishing_anchor,1,
2015,CAB0326,Trans-Pacific,consortium,1999,16,5,10979.0,4,None,47.1,47.1,95.0,0,25,35,1,61.1,fishing_anchor,1,1.0
2016,CAB0326,Trans-Pacific,consortium,1999,17,5,10979.0,4,None,47.1,47.1,43.1,0,25,37,1,62.7,natural_hazard,1,1.0
2017,CAB0326,Trans-Pacific,consortium,1999,18,5,10979.0,4,None,47.1,47.1,76.9,0,25,38,1,64.3,fishing_anchor,1,1.0
2018,CAB0326,Trans-Pacific,consortium,1999,19,5,10979.0,4,None,47.1,47.1,62.8,0,25,39,1,65.9,fishing_anchor,1,0.0
2019,CAB0326,Trans-Pacific,consortium,1999,20,5,10979.0,4,None,47.1,47.1,55.6,0,25,41,0,47.6,none,0,1.0
2020,CAB0326,Trans-Pacific,consortium,1999,21,5,10979.0,4,None,47.1,47.1,82.6,0,25,42,0,49.2,fishing_anchor,1,1.0
2021,CAB0326,Trans-Pacific,consortium,1999,22,5,10979.0,4,None,47.1,47.1,96.8,0,25,43,0,50.8,fishing_anchor,1,0.0
2022,CAB0326,Trans-Pacific,consortium,1999,23,5,10979.0,4,None,47.1,47.1,100.0,0,25,45,0,52.4,none,0,0.0
2023,CAB0326,Trans-Pacific,consortium,1999,24,5,10979.0,4,None,47.1,47.1,65.8,0,25,47,0,54.0,none,0,0.0
2024,CAB0326,Trans-Pacific,consortium,1999,25,5,10979.0,4,None,47.1,47.1,62.7,0,25,49,0,55.6,none,0,0.0
2025,CAB0326,Trans-Pacific,consortium,1999,26,5,10979.0,4,None,47.1,47.1,100.0,0,25,50,0,57.1,none,0,0.0
2026,CAB0326,Trans-Pacific,consortium,1999,27,5,10979.0,4,None,47.1,47.1,100.0,0,25,48,0,58.7,none,0,
2024,CAB0327,Trans-Pacific,carrier,2024,0,12,11143.0,7,None,541.7,129.2,15.3,0,25,49,0,15.9,fishing_anchor,1,0.0
2025,CAB0327,Trans-Pacific,carrier,2024,1,12,11143.0,7,None,541.7,184.9,22.7,0,25,50,0,17.5,none,0,0.0
2026,CAB0327,Trans-Pacific,carrier,2024,2,12,11143.0,7,None,541.7,193.6,39.0,0,25,48,0,19.0,none,0,
2026,CAB0328,EMEA-Asia,hyperscaler,2026,0,25,15629.0,2,Bab-el-Mandeb,1200.0,269.1,57.0,0,25,47,0,55.6,none,0,
2015,CAB0329,Intra-Europe,consortium,2014,1,9,1659.0,3,None,277.7,77.4,64.3,0,25,41,0,17.5,none,0,0.0
2016,CAB0329,Intra-Europe,consortium,2014,2,9,1659.0,3,None,277.7,111.1,46.6,0,25,42,0,19.0,none,0,0.0
2017,CAB0329,Intra-Europe,consortium,2014,3,9,1659.0,3,None,277.7,132.7,70.4,0,25,44,0,20.6,none,0,0.0
2018,CAB0329,Intra-Europe,consortium,2014,4,9,1659.0,3,None,277.7,118.8,52.0,0,25,45,0,22.2,none,0,0.0
2019,CAB0329,Intra-Europe,consortium,2014,5,9,1659.0,3,None,277.7,173.1,38.0,0,25,47,0,23.8,none,0,0.0
2020,CAB0329,Intra-Europe,consortium,2014,6,9,1659.0,3,None,277.7,182.6,58.8,0,25,49,0,25.4,none,0,0.0
2021,CAB0329,Intra-Europe,consortium,2014,7,9,1659.0,3,None,277.7,187.9,83.7,0,25,49,0,27.0,none,0,0.0
2022,CAB0329,Intra-Europe,consortium,2014,8,9,1659.0,3,None,277.7,226.3,49.4,0,25,52,0,28.6,none,0,0.0
2023,CAB0329,Intra-Europe,consortium,2014,9,9,1659.0,3,None,277.7,220.6,59.7,0,25,53,0,30.2,none,0,0.0
2024,CAB0329,Intra-Europe,consortium,2014,10,9,1659.0,3,None,277.7,253.1,59.5,0,25,53,0,31.7,none,0,0.0
2025,CAB0329,Intra-Europe,consortium,2014,11,9,1659.0,3,None,277.7,246.0,78.0,0,25,58,0,33.3,none,0,0.0
2026,CAB0329,Intra-Europe,consortium,2014,12,9,1659.0,3,None,277.7,269.0,57.4,0,25,60,0,34.9,none,0,
2015,CAB0330,Intra-Pacific-Islands,carrier,2013,2,4,3950.0,6,None,117.7,43.6,60.3,0,25,28,1,38.9,none,0,1.0
2016,CAB0330,Intra-Pacific-Islands,carrier,2013,3,4,3950.0,6,None,117.7,46.3,72.4,0,25,29,1,40.5,fishing_anchor,1,1.0
2017,CAB0330,Intra-Pacific-Islands,carrier,2013,4,4,3950.0,6,None,117.7,61.5,30.6,0,25,29,1,42.1,fishing_anchor,1,0.0
2018,CAB0330,Intra-Pacific-Islands,carrier,2013,5,4,3950.0,6,None,117.7,59.2,23.5,0,25,30,1,43.7,none,0,0.0
2019,CAB0330,Intra-Pacific-Islands,carrier,2013,6,4,3950.0,6,None,117.7,72.2,65.8,0,25,35,1,45.2,none,0,0.0
2020,CAB0330,Intra-Pacific-Islands,carrier,2013,7,4,3950.0,6,None,117.7,83.3,79.9,0,25,40,0,27.0,none,0,0.0
2021,CAB0330,Intra-Pacific-Islands,carrier,2013,8,4,3950.0,6,None,117.7,85.4,95.1,0,25,41,0,28.6,none,0,1.0
2022,CAB0330,Intra-Pacific-Islands,carrier,2013,9,4,3950.0,6,None,117.7,88.5,43.4,0,25,43,0,30.2,fishing_anchor,1,0.0
2023,CAB0330,Intra-Pacific-Islands,carrier,2013,10,4,3950.0,6,None,117.7,86.7,100.0,0,25,45,0,31.7,none,0,0.0
2024,CAB0330,Intra-Pacific-Islands,carrier,2013,11,4,3950.0,6,None,117.7,104.6,44.1,0,25,48,0,33.3,none,0,0.0
2025,CAB0330,Intra-Pacific-Islands,carrier,2013,12,4,3950.0,6,None,117.7,115.2,55.4,0,25,50,0,34.9,none,0,0.0
2026,CAB0330,Intra-Pacific-Islands,carrier,2013,13,4,3950.0,6,None,117.7,116.5,56.3,0,25,51,0,36.5,none,0,
2023,CAB0331,Africa-Coastal,carrier,2023,0,11,5015.0,7,None,480.9,166.0,83.4,0,25,47,0,15.9,none,0,0.0
2024,CAB0331,Africa-Coastal,carrier,2023,1,11,5015.0,7,None,480.9,140.4,58.9,0,25,49,0,17.5,none,0,0.0
2025,CAB0331,Africa-Coastal,carrier,2023,2,11,5015.0,7,None,480.9,198.3,51.6,0,25,52,0,19.0,none,0,0.0
2026,CAB0331,Africa-Coastal,carrier,2023,3,11,5015.0,7,None,480.9,188.4,74.3,0,25,53,0,20.6,none,0,
2021,CAB0332,Intra-Asia,carrier,2021,0,17,3274.0,5,None,694.6,202.5,64.0,1,25,69,0,0.0,none,0,0.0
2022,CAB0332,Intra-Asia,carrier,2021,1,17,3274.0,5,None,694.6,230.2,33.1,1,25,70,0,1.6,none,0,0.0
2023,CAB0332,Intra-Asia,carrier,2021,2,17,3274.0,5,None,694.6,203.3,33.9,1,25,70,0,3.2,none,0,0.0
2024,CAB0332,Intra-Asia,carrier,2021,3,17,3274.0,5,None,694.6,274.5,68.2,1,25,75,0,4.8,none,0,0.0
2025,CAB0332,Intra-Asia,carrier,2021,4,17,3274.0,5,None,694.6,316.3,17.6,1,25,77,0,6.3,none,0,0.0
2026,CAB0332,Intra-Asia,carrier,2021,5,17,3274.0,5,None,694.6,423.9,51.8,1,25,77,0,7.9,none,0,
2015,CAB0333,Intra-Asia,consortium,2002,13,8,2813.0,7,Taiwan-Strait,109.7,109.7,34.9,0,25,53,0,64.3,fishing_anchor,1,1.0
2016,CAB0333,Intra-Asia,consortium,2002,14,8,2813.0,7,Taiwan-Strait,109.7,106.3,70.5,0,25,59,0,65.9,fishing_anchor,1,0.0
2017,CAB0333,Intra-Asia,consortium,2002,15,8,2813.0,7,Taiwan-Strait,109.7,109.7,67.6,0,25,60,0,67.5,none,0,0.0
2018,CAB0333,Intra-Asia,consortium,2002,16,8,2813.0,7,Taiwan-Strait,109.7,109.7,100.0,0,25,62,0,69.0,none,0,0.0
2019,CAB0333,Intra-Asia,consortium,2002,17,8,2813.0,7,Taiwan-Strait,109.7,109.7,47.9,0,25,64,0,70.6,none,0,1.0
2020,CAB0333,Intra-Asia,consortium,2002,18,8,2813.0,7,Taiwan-Strait,109.7,109.7,89.1,0,25,66,0,72.2,fishing_anchor,1,0.0
2021,CAB0333,Intra-Asia,consortium,2002,19,8,2813.0,7,Taiwan-Strait,109.7,109.7,98.2,0,25,69,0,73.8,none,0,0.0
2022,CAB0333,Intra-Asia,consortium,2002,20,8,2813.0,7,Taiwan-Strait,109.7,109.7,100.0,0,25,70,0,75.4,none,0,0.0
2023,CAB0333,Intra-Asia,consortium,2002,21,8,2813.0,7,Taiwan-Strait,109.7,109.7,100.0,0,25,70,0,77.0,none,0,0.0
2024,CAB0333,Intra-Asia,consortium,2002,22,8,2813.0,7,Taiwan-Strait,109.7,109.7,82.9,0,25,75,0,78.6,none,0,1.0
2025,CAB0333,Intra-Asia,consortium,2002,23,8,2813.0,7,Taiwan-Strait,109.7,109.7,100.0,0,25,77,0,80.2,fishing_anchor,1,0.0
2026,CAB0333,Intra-Asia,consortium,2002,24,8,2813.0,7,Taiwan-Strait,109.7,109.7,83.5,0,25,77,0,81.7,none,0,
2015,CAB0334,Intra-Europe,consortium,2002,13,5,496.0,2,None,68.6,68.6,65.2,1,25,41,0,32.5,none,0,0.0
2016,CAB0334,Intra-Europe,consortium,2002,14,5,496.0,2,None,68.6,68.6,74.0,1,25,42,0,34.1,none,0,0.0
2017,CAB0334,Intra-Europe,consortium,2002,15,5,496.0,2,None,68.6,68.6,55.9,1,25,44,0,35.7,none,0,0.0
2018,CAB0334,Intra-Europe,consortium,2002,16,5,496.0,2,None,68.6,68.6,54.4,1,25,45,0,37.3,none,0,0.0
2019,CAB0334,Intra-Europe,consortium,2002,17,5,496.0,2,None,68.6,68.6,50.6,1,25,47,0,38.9,none,0,0.0
2020,CAB0334,Intra-Europe,consortium,2002,18,5,496.0,2,None,68.6,68.6,49.0,1,25,49,0,40.5,none,0,0.0
2021,CAB0334,Intra-Europe,consortium,2002,19,5,496.0,2,None,68.6,68.6,100.0,1,25,49,0,42.1,none,0,0.0
2022,CAB0334,Intra-Europe,consortium,2002,20,5,496.0,2,None,68.6,68.6,55.5,1,25,52,0,43.7,none,0,0.0
2023,CAB0334,Intra-Europe,consortium,2002,21,5,496.0,2,None,68.6,68.6,85.2,1,25,53,0,45.2,none,0,0.0
2024,CAB0334,Intra-Europe,consortium,2002,22,5,496.0,2,None,68.6,68.6,77.2,1,25,53,0,46.8,none,0,0.0
2025,CAB0334,Intra-Europe,consortium,2002,23,5,496.0,2,None,68.6,68.6,65.6,1,25,58,0,48.4,none,0,0.0
2026,CAB0334,Intra-Europe,consortium,2002,24,5,496.0,2,None,68.6,68.6,100.0,1,25,60,0,50.0,none,0,
2015,CAB0335,Trans-Atlantic,hyperscaler,2006,9,3,6062.0,3,None,58.3,42.5,100.0,1,25,33,1,34.1,none,0,0.0
2016,CAB0335,Trans-Atlantic,hyperscaler,2006,10,3,6062.0,3,None,58.3,50.4,45.1,1,25,37,1,35.7,none,0,0.0
2017,CAB0335,Trans-Atlantic,hyperscaler,2006,11,3,6062.0,3,None,58.3,50.1,40.4,1,25,37,1,37.3,none,0,0.0
2018,CAB0335,Trans-Atlantic,hyperscaler,2006,12,3,6062.0,3,None,58.3,52.8,74.4,1,25,40,0,19.0,none,0,0.0
2019,CAB0335,Trans-Atlantic,hyperscaler,2006,13,3,6062.0,3,None,58.3,58.3,31.9,1,25,45,0,20.6,none,0,1.0
2020,CAB0335,Trans-Atlantic,hyperscaler,2006,14,3,6062.0,3,None,58.3,58.3,100.0,1,25,48,0,22.2,natural_hazard,1,1.0
2021,CAB0335,Trans-Atlantic,hyperscaler,2006,15,3,6062.0,3,None,58.3,58.3,79.7,1,25,50,0,23.8,fishing_anchor,1,0.0
2022,CAB0335,Trans-Atlantic,hyperscaler,2006,16,3,6062.0,3,None,58.3,58.3,92.6,1,25,51,0,25.4,none,0,0.0
2023,CAB0335,Trans-Atlantic,hyperscaler,2006,17,3,6062.0,3,None,58.3,58.3,54.3,1,25,54,0,27.0,none,0,1.0
2024,CAB0335,Trans-Atlantic,hyperscaler,2006,18,3,6062.0,3,None,58.3,58.3,89.6,1,25,58,0,28.6,fishing_anchor,1,1.0
2025,CAB0335,Trans-Atlantic,hyperscaler,2006,19,3,6062.0,3,None,58.3,58.3,78.2,1,25,62,0,30.2,fishing_anchor,1,0.0
2026,CAB0335,Trans-Atlantic,hyperscaler,2006,20,3,6062.0,3,None,58.3,58.3,100.0,1,25,63,0,31.7,none,0,
2015,CAB0336,Indian-Ocean,carrier,2007,8,22,7411.0,3,None,458.9,355.0,25.8,0,25,31,1,48.4,none,0,0.0
2016,CAB0336,Indian-Ocean,carrier,2007,9,22,7411.0,3,None,458.9,420.7,63.9,0,25,33,1,50.0,none,0,0.0
2017,CAB0336,Indian-Ocean,carrier,2007,10,22,7411.0,3,None,458.9,383.8,31.0,0,25,33,1,51.6,none,0,0.0
2018,CAB0336,Indian-Ocean,carrier,2007,11,22,7411.0,3,None,458.9,424.3,73.3,0,25,35,1,53.2,none,0,1.0
2019,CAB0336,Indian-Ocean,carrier,2007,12,22,7411.0,3,None,458.9,436.6,34.4,0,25,35,1,54.8,natural_hazard,1,1.0
2020,CAB0336,Indian-Ocean,carrier,2007,13,22,7411.0,3,None,458.9,458.9,49.8,0,25,36,1,56.3,fishing_anchor,1,1.0
2021,CAB0336,Indian-Ocean,carrier,2007,14,22,7411.0,3,None,458.9,458.9,78.3,0,25,39,1,57.9,equipment,1,0.0
2022,CAB0336,Indian-Ocean,carrier,2007,15,22,7411.0,3,None,458.9,458.9,58.5,0,25,39,1,59.5,none,0,1.0
2023,CAB0336,Indian-Ocean,carrier,2007,16,22,7411.0,3,None,458.9,458.9,73.4,0,25,40,0,41.3,fishing_anchor,1,0.0
2024,CAB0336,Indian-Ocean,carrier,2007,17,22,7411.0,3,None,458.9,458.9,73.5,0,25,41,0,42.9,none,0,1.0
2025,CAB0336,Indian-Ocean,carrier,2007,18,22,7411.0,3,None,458.9,458.9,100.0,0,25,44,0,44.4,fishing_anchor,1,1.0
2026,CAB0336,Indian-Ocean,carrier,2007,19,22,7411.0,3,None,458.9,458.9,71.0,0,25,43,0,46.0,suspected_external,1,
2015,CAB0337,Trans-Atlantic,hyperscaler,2001,14,4,5781.0,5,None,49.1,49.1,75.6,1,25,33,1,42.1,none,0,0.0
2016,CAB0337,Trans-Atlantic,hyperscaler,2001,15,4,5781.0,5,None,49.1,49.1,79.4,1,25,37,1,43.7,none,0,0.0
2017,CAB0337,Trans-Atlantic,hyperscaler,2001,16,4,5781.0,5,None,49.1,49.1,48.0,1,25,37,1,45.2,none,0,0.0
2018,CAB0337,Trans-Atlantic,hyperscaler,2001,17,4,5781.0,5,None,49.1,49.1,86.1,1,25,40,0,27.0,none,0,1.0
2019,CAB0337,Trans-Atlantic,hyperscaler,2001,18,4,5781.0,5,None,49.1,49.1,100.0,1,25,45,0,28.6,fishing_anchor,1,0.0
2020,CAB0337,Trans-Atlantic,hyperscaler,2001,19,4,5781.0,5,None,49.1,49.1,100.0,1,25,48,0,30.2,none,0,0.0
2021,CAB0337,Trans-Atlantic,hyperscaler,2001,20,4,5781.0,5,None,49.1,49.1,65.9,1,25,50,0,31.7,none,0,0.0
2022,CAB0337,Trans-Atlantic,hyperscaler,2001,21,4,5781.0,5,None,49.1,49.1,100.0,1,25,51,0,33.3,none,0,0.0
2023,CAB0337,Trans-Atlantic,hyperscaler,2001,22,4,5781.0,5,None,49.1,49.1,60.2,1,25,54,0,34.9,none,0,0.0
2024,CAB0337,Trans-Atlantic,hyperscaler,2001,23,4,5781.0,5,None,49.1,49.1,61.5,1,25,58,0,36.5,none,0,0.0
2025,CAB0337,Trans-Atlantic,hyperscaler,2001,24,4,5781.0,5,None,49.1,49.1,100.0,1,25,62,0,38.1,none,0,0.0
2026,CAB0337,Trans-Atlantic,hyperscaler,2001,25,4,5781.0,5,None,49.1,49.1,61.8,1,25,63,0,39.7,none,0,
2015,CAB0338,Intra-Asia,hyperscaler,2009,6,15,6778.0,4,None,355.7,215.1,26.6,1,25,53,0,9.5,none,0,1.0
2016,CAB0338,Intra-Asia,hyperscaler,2009,7,15,6778.0,4,None,355.7,241.5,29.9,1,25,59,0,11.1,fishing_anchor,1,0.0
2017,CAB0338,Intra-Asia,hyperscaler,2009,8,15,6778.0,4,None,355.7,271.6,26.8,1,25,60,0,12.7,none,0,0.0
2018,CAB0338,Intra-Asia,hyperscaler,2009,9,15,6778.0,4,None,355.7,314.7,45.2,1,25,62,0,14.3,none,0,0.0
2019,CAB0338,Intra-Asia,hyperscaler,2009,10,15,6778.0,4,None,355.7,305.0,79.2,1,25,64,0,15.9,none,0,0.0
2020,CAB0338,Intra-Asia,hyperscaler,2009,11,15,6778.0,4,None,355.7,330.4,52.3,1,25,66,0,17.5,none,0,0.0
2021,CAB0338,Intra-Asia,hyperscaler,2009,12,15,6778.0,4,None,355.7,332.7,100.0,1,25,69,0,19.0,none,0,0.0
2022,CAB0338,Intra-Asia,hyperscaler,2009,13,15,6778.0,4,None,355.7,355.7,53.6,1,25,70,0,20.6,none,0,0.0
2023,CAB0338,Intra-Asia,hyperscaler,2009,14,15,6778.0,4,None,355.7,355.7,38.0,1,25,70,0,22.2,none,0,1.0
2024,CAB0338,Intra-Asia,hyperscaler,2009,15,15,6778.0,4,None,355.7,355.7,74.7,1,25,75,0,23.8,fishing_anchor,1,0.0
2025,CAB0338,Intra-Asia,hyperscaler,2009,16,15,6778.0,4,None,355.7,355.7,78.5,1,25,77,0,25.4,none,0,0.0
2026,CAB0338,Intra-Asia,hyperscaler,2009,17,15,6778.0,4,None,355.7,355.7,60.0,1,25,77,0,27.0,none,0,
2015,CAB0339,EMEA-Asia,hyperscaler,2012,3,4,18537.0,9,Bab-el-Mandeb,112.0,43.4,39.8,0,25,27,1,68.3,none,0,0.0
2016,CAB0339,EMEA-Asia,hyperscaler,2012,4,4,18537.0,9,Bab-el-Mandeb,112.0,54.9,41.2,0,25,29,1,69.8,none,0,0.0
2017,CAB0339,EMEA-Asia,hyperscaler,2012,5,4,18537.0,9,Bab-el-Mandeb,112.0,64.7,23.5,0,25,32,1,71.4,none,0,0.0
2018,CAB0339,EMEA-Asia,hyperscaler,2012,6,4,18537.0,9,Bab-el-Mandeb,112.0,59.3,58.8,0,25,34,1,73.0,none,0,0.0
2019,CAB0339,EMEA-Asia,hyperscaler,2012,7,4,18537.0,9,Bab-el-Mandeb,112.0,71.9,81.8,0,25,37,1,74.6,none,0,0.0
2020,CAB0339,EMEA-Asia,hyperscaler,2012,8,4,18537.0,9,Bab-el-Mandeb,112.0,97.9,43.4,0,25,40,0,56.3,none,0,0.0
2021,CAB0339,EMEA-Asia,hyperscaler,2012,9,4,18537.0,9,Bab-el-Mandeb,112.0,90.1,49.8,0,25,44,0,57.9,none,0,0.0
2022,CAB0339,EMEA-Asia,hyperscaler,2012,10,4,18537.0,9,Bab-el-Mandeb,112.0,93.8,63.5,0,25,45,0,59.5,none,0,1.0
2023,CAB0339,EMEA-Asia,hyperscaler,2012,11,4,18537.0,9,Bab-el-Mandeb,112.0,105.2,82.8,0,25,47,0,61.1,fishing_anchor,1,0.0
2024,CAB0339,EMEA-Asia,hyperscaler,2012,12,4,18537.0,9,Bab-el-Mandeb,112.0,112.0,71.7,0,25,48,0,62.7,none,0,0.0
2025,CAB0339,EMEA-Asia,hyperscaler,2012,13,4,18537.0,9,Bab-el-Mandeb,112.0,112.0,76.0,0,25,47,0,64.3,none,0,0.0
2026,CAB0339,EMEA-Asia,hyperscaler,2012,14,4,18537.0,9,Bab-el-Mandeb,112.0,112.0,56.6,0,25,47,0,65.9,none,0,
2015,CAB0340,Trans-Atlantic,consortium,1998,17,21,5749.0,4,None,168.0,168.0,52.5,1,25,33,1,46.8,none,0,0.0
2016,CAB0340,Trans-Atlantic,consortium,1998,18,21,5749.0,4,None,168.0,168.0,37.3,1,25,37,1,48.4,none,0,0.0
2017,CAB0340,Trans-Atlantic,consortium,1998,19,21,5749.0,4,None,168.0,168.0,58.7,1,25,37,1,50.0,none,0,0.0
2018,CAB0340,Trans-Atlantic,consortium,1998,20,21,5749.0,4,None,168.0,168.0,67.1,1,25,40,0,31.7,none,0,0.0
2019,CAB0340,Trans-Atlantic,consortium,1998,21,21,5749.0,4,None,168.0,168.0,70.8,1,25,45,0,33.3,none,0,0.0
2020,CAB0340,Trans-Atlantic,consortium,1998,22,21,5749.0,4,None,168.0,168.0,99.6,1,25,48,0,34.9,none,0,1.0
2021,CAB0340,Trans-Atlantic,consortium,1998,23,21,5749.0,4,None,168.0,168.0,62.7,1,25,50,0,36.5,fishing_anchor,1,0.0
2022,CAB0340,Trans-Atlantic,consortium,1998,24,21,5749.0,4,None,168.0,168.0,52.5,1,25,51,0,38.1,none,0,0.0
2023,CAB0340,Trans-Atlantic,consortium,1998,25,21,5749.0,4,None,168.0,168.0,100.0,1,25,54,0,39.7,none,0,1.0
2024,CAB0340,Trans-Atlantic,consortium,1998,26,21,5749.0,4,None,168.0,168.0,83.2,1,25,58,0,41.3,fishing_anchor,1,0.0
2025,CAB0340,Trans-Atlantic,consortium,1998,27,21,5749.0,4,None,168.0,168.0,68.0,1,25,62,0,42.9,none,0,0.0
2026,CAB0340,Trans-Atlantic,consortium,1998,28,21,5749.0,4,None,168.0,168.0,100.0,1,25,63,0,44.4,none,0,
2025,CAB0341,Intra-Pacific-Islands,consortium,2025,0,9,1788.0,2,None,419.1,122.4,28.1,0,25,50,0,27.8,none,0,0.0
2026,CAB0341,Intra-Pacific-Islands,consortium,2025,1,9,1788.0,2,None,419.1,167.1,18.9,0,25,51,0,29.4,none,0,
2015,CAB0342,Indian-Ocean,carrier,2010,5,6,10453.0,5,None,150.9,89.7,58.6,0,25,31,1,43.7,none,0,0.0
2016,CAB0342,Indian-Ocean,carrier,2010,6,6,10453.0,5,None,150.9,89.1,65.7,0,25,33,1,45.2,none,0,0.0
2017,CAB0342,Indian-Ocean,carrier,2010,7,6,10453.0,5,None,150.9,103.7,67.0,0,25,33,1,46.8,none,0,0.0
2018,CAB0342,Indian-Ocean,carrier,2010,8,6,10453.0,5,None,150.9,109.2,68.0,0,25,35,1,48.4,none,0,0.0
2019,CAB0342,Indian-Ocean,carrier,2010,9,6,10453.0,5,None,150.9,112.6,58.7,0,25,35,1,50.0,none,0,1.0
2020,CAB0342,Indian-Ocean,carrier,2010,10,6,10453.0,5,None,150.9,137.5,46.6,0,25,36,1,51.6,fishing_anchor,1,0.0
2021,CAB0342,Indian-Ocean,carrier,2010,11,6,10453.0,5,None,150.9,138.3,69.9,0,25,39,1,53.2,none,0,0.0
2022,CAB0342,Indian-Ocean,carrier,2010,12,6,10453.0,5,None,150.9,140.2,69.1,0,25,39,1,54.8,none,0,0.0
2023,CAB0342,Indian-Ocean,carrier,2010,13,6,10453.0,5,None,150.9,150.9,72.1,0,25,40,0,36.5,none,0,0.0
2024,CAB0342,Indian-Ocean,carrier,2010,14,6,10453.0,5,None,150.9,150.9,67.5,0,25,41,0,38.1,none,0,0.0
2025,CAB0342,Indian-Ocean,carrier,2010,15,6,10453.0,5,None,150.9,150.9,68.7,0,25,44,0,39.7,none,0,0.0
2026,CAB0342,Indian-Ocean,carrier,2010,16,6,10453.0,5,None,150.9,150.9,62.4,0,25,43,0,41.3,none,0,
2015,CAB0343,Intra-Asia,consortium,2002,13,17,3213.0,4,None,233.1,220.9,55.6,1,25,53,0,20.6,none,0,0.0
2016,CAB0343,Intra-Asia,consortium,2002,14,17,3213.0,4,None,233.1,223.1,73.0,1,25,59,0,22.2,none,0,0.0
2017,CAB0343,Intra-Asia,consortium,2002,15,17,3213.0,4,None,233.1,233.1,46.6,1,25,60,0,23.8,none,0,0.0
2018,CAB0343,Intra-Asia,consortium,2002,16,17,3213.0,4,None,233.1,233.1,81.1,1,25,62,0,25.4,none,0,0.0
2019,CAB0343,Intra-Asia,consortium,2002,17,17,3213.0,4,None,233.1,233.1,93.7,1,25,64,0,27.0,none,0,0.0
2020,CAB0343,Intra-Asia,consortium,2002,18,17,3213.0,4,None,233.1,233.1,81.6,1,25,66,0,28.6,none,0,0.0
2021,CAB0343,Intra-Asia,consortium,2002,19,17,3213.0,4,None,233.1,233.1,100.0,1,25,69,0,30.2,none,0,0.0
2022,CAB0343,Intra-Asia,consortium,2002,20,17,3213.0,4,None,233.1,233.1,70.0,1,25,70,0,31.7,none,0,0.0
2023,CAB0343,Intra-Asia,consortium,2002,21,17,3213.0,4,None,233.1,233.1,56.9,1,25,70,0,33.3,none,0,1.0
2024,CAB0343,Intra-Asia,consortium,2002,22,17,3213.0,4,None,233.1,233.1,82.0,1,25,75,0,34.9,fishing_anchor,1,0.0
2025,CAB0343,Intra-Asia,consortium,2002,23,17,3213.0,4,None,233.1,233.1,100.0,1,25,77,0,36.5,none,0,0.0
2026,CAB0343,Intra-Asia,consortium,2002,24,17,3213.0,4,None,233.1,233.1,73.8,1,25,77,0,38.1,none,0,
2015,CAB0344,Trans-Pacific,carrier,2002,13,8,10878.0,7,None,109.7,109.7,51.4,0,25,35,1,56.3,natural_hazard,1,0.0
2016,CAB0344,Trans-Pacific,carrier,2002,14,8,10878.0,7,None,109.7,109.7,74.4,0,25,37,1,57.9,none,0,0.0
2017,CAB0344,Trans-Pacific,carrier,2002,15,8,10878.0,7,None,109.7,109.7,58.8,0,25,38,1,59.5,none,0,1.0
2018,CAB0344,Trans-Pacific,carrier,2002,16,8,10878.0,7,None,109.7,109.7,55.7,0,25,39,1,61.1,fishing_anchor,1,0.0
2019,CAB0344,Trans-Pacific,carrier,2002,17,8,10878.0,7,None,109.7,109.7,81.8,0,25,41,0,42.9,none,0,1.0
2020,CAB0344,Trans-Pacific,carrier,2002,18,8,10878.0,7,None,109.7,109.7,73.6,0,25,42,0,44.4,fishing_anchor,1,1.0
2021,CAB0344,Trans-Pacific,carrier,2002,19,8,10878.0,7,None,109.7,109.7,52.1,0,25,43,0,46.0,fishing_anchor,1,0.0
2022,CAB0344,Trans-Pacific,carrier,2002,20,8,10878.0,7,None,109.7,109.7,87.0,0,25,45,0,47.6,none,0,0.0
2023,CAB0344,Trans-Pacific,carrier,2002,21,8,10878.0,7,None,109.7,109.7,48.2,0,25,47,0,49.2,none,0,0.0
2024,CAB0344,Trans-Pacific,carrier,2002,22,8,10878.0,7,None,109.7,109.7,73.8,0,25,49,0,50.8,none,0,0.0
2025,CAB0344,Trans-Pacific,carrier,2002,23,8,10878.0,7,None,109.7,109.7,100.0,0,25,50,0,52.4,none,0,0.0
2026,CAB0344,Trans-Pacific,carrier,2002,24,8,10878.0,7,None,109.7,109.7,93.5,0,25,48,0,54.0,none,0,
2015,CAB0345,Americas,carrier,2004,11,19,7213.0,5,None,314.9,291.3,38.0,1,25,28,1,37.3,none,0,0.0
2016,CAB0345,Americas,carrier,2004,12,19,7213.0,5,None,314.9,301.5,48.4,1,25,29,1,38.9,none,0,0.0
2017,CAB0345,Americas,carrier,2004,13,19,7213.0,5,None,314.9,314.9,64.4,1,25,29,1,40.5,none,0,0.0
2018,CAB0345,Americas,carrier,2004,14,19,7213.0,5,None,314.9,314.9,39.5,1,25,31,1,42.1,none,0,1.0
2019,CAB0345,Americas,carrier,2004,15,19,7213.0,5,None,314.9,314.9,80.3,1,25,32,1,43.7,fishing_anchor,1,1.0
2020,CAB0345,Americas,carrier,2004,16,19,7213.0,5,None,314.9,314.9,66.3,1,25,33,1,45.2,equipment,1,0.0
2021,CAB0345,Americas,carrier,2004,17,19,7213.0,5,None,314.9,314.9,41.1,1,25,37,1,46.8,none,0,0.0
2022,CAB0345,Americas,carrier,2004,18,19,7213.0,5,None,314.9,314.9,89.7,1,25,37,1,48.4,none,0,0.0
2023,CAB0345,Americas,carrier,2004,19,19,7213.0,5,None,314.9,314.9,84.2,1,25,37,1,50.0,none,0,0.0
2024,CAB0345,Americas,carrier,2004,20,19,7213.0,5,None,314.9,314.9,100.0,1,25,39,1,51.6,none,0,1.0
2025,CAB0345,Americas,carrier,2004,21,19,7213.0,5,None,314.9,314.9,67.9,1,25,39,1,53.2,fishing_anchor,1,0.0
2026,CAB0345,Americas,carrier,2004,22,19,7213.0,5,None,314.9,314.9,100.0,1,25,40,0,34.9,none,0,
2015,CAB0346,Americas,consortium,2004,11,3,6614.0,2,None,49.7,41.9,69.2,0,25,28,1,65.1,none,0,0.0
2016,CAB0346,Americas,consortium,2004,12,3,6614.0,2,None,49.7,49.7,52.4,0,25,29,1,66.7,none,0,0.0
2017,CAB0346,Americas,consortium,2004,13,3,6614.0,2,None,49.7,49.7,76.3,0,25,29,1,68.3,none,0,0.0
2018,CAB0346,Americas,consortium,2004,14,3,6614.0,2,None,49.7,49.7,47.3,0,25,31,1,69.8,none,0,0.0
2019,CAB0346,Americas,consortium,2004,15,3,6614.0,2,None,49.7,49.7,72.9,0,25,32,1,71.4,none,0,0.0
2020,CAB0346,Americas,consortium,2004,16,3,6614.0,2,None,49.7,49.7,98.6,0,25,33,1,73.0,none,0,0.0
2021,CAB0346,Americas,consortium,2004,17,3,6614.0,2,None,49.7,49.7,47.3,0,25,37,1,74.6,none,0,0.0
2022,CAB0346,Americas,consortium,2004,18,3,6614.0,2,None,49.7,49.7,80.1,0,25,37,1,76.2,none,0,0.0
2023,CAB0346,Americas,consortium,2004,19,3,6614.0,2,None,49.7,49.7,58.1,0,25,37,1,77.8,none,0,1.0
2024,CAB0346,Americas,consortium,2004,20,3,6614.0,2,None,49.7,49.7,87.2,0,25,39,1,79.4,fishing_anchor,1,1.0
2025,CAB0346,Americas,consortium,2004,21,3,6614.0,2,None,49.7,49.7,79.7,0,25,39,1,81.0,suspected_external,1,0.0
2026,CAB0346,Americas,consortium,2004,22,3,6614.0,2,None,49.7,49.7,95.5,0,25,40,0,62.7,none,0,
2024,CAB0347,Indian-Ocean,carrier,2024,0,6,7716.0,3,Malacca,270.9,52.5,20.2,1,25,41,0,27.8,none,0,0.0
2025,CAB0347,Indian-Ocean,carrier,2024,1,6,7716.0,3,Malacca,270.9,82.1,39.4,1,25,44,0,29.4,none,0,0.0
2026,CAB0347,Indian-Ocean,carrier,2024,2,6,7716.0,3,Malacca,270.9,94.3,67.4,1,25,43,0,31.0,none,0,
2026,CAB0348,Intra-Asia,consortium,2026,0,19,4448.0,5,Taiwan-Strait,912.0,257.5,57.4,0,25,77,0,43.7,none,0,
2015,CAB0349,Americas,hyperscaler,2007,8,22,5379.0,3,None,458.9,375.9,24.3,1,25,28,1,32.5,none,0,0.0
2016,CAB0349,Americas,hyperscaler,2007,9,22,5379.0,3,None,458.9,334.4,62.7,1,25,29,1,34.1,none,0,0.0
2017,CAB0349,Americas,hyperscaler,2007,10,22,5379.0,3,None,458.9,431.4,76.9,1,25,29,1,35.7,none,0,0.0
2018,CAB0349,Americas,hyperscaler,2007,11,22,5379.0,3,None,458.9,435.9,73.9,1,25,31,1,37.3,none,0,0.0
2019,CAB0349,Americas,hyperscaler,2007,12,22,5379.0,3,None,458.9,397.4,94.9,1,25,32,1,38.9,none,0,0.0
2020,CAB0349,Americas,hyperscaler,2007,13,22,5379.0,3,None,458.9,458.9,80.7,1,25,33,1,40.5,none,0,0.0
2021,CAB0349,Americas,hyperscaler,2007,14,22,5379.0,3,None,458.9,458.9,79.6,1,25,37,1,42.1,none,0,0.0
2022,CAB0349,Americas,hyperscaler,2007,15,22,5379.0,3,None,458.9,458.9,98.6,1,25,37,1,43.7,none,0,0.0
2023,CAB0349,Americas,hyperscaler,2007,16,22,5379.0,3,None,458.9,458.9,48.0,1,25,37,1,45.2,none,0,0.0
2024,CAB0349,Americas,hyperscaler,2007,17,22,5379.0,3,None,458.9,458.9,88.2,1,25,39,1,46.8,none,0,0.0
2025,CAB0349,Americas,hyperscaler,2007,18,22,5379.0,3,None,458.9,458.9,74.8,1,25,39,1,48.4,none,0,0.0
2026,CAB0349,Americas,hyperscaler,2007,19,22,5379.0,3,None,458.9,458.9,61.5,1,25,40,0,30.2,none,0,
2015,CAB0350,EMEA-Asia,hyperscaler,2000,15,2,18233.0,6,None,21.7,21.7,51.8,0,25,27,1,59.5,none,0,1.0
2016,CAB0350,EMEA-Asia,hyperscaler,2000,16,2,18233.0,6,None,21.7,21.7,51.7,0,25,29,1,61.1,fishing_anchor,1,1.0
2017,CAB0350,EMEA-Asia,hyperscaler,2000,17,2,18233.0,6,None,21.7,21.7,100.0,0,25,32,1,62.7,fishing_anchor,1,1.0
2018,CAB0350,EMEA-Asia,hyperscaler,2000,18,2,18233.0,6,None,21.7,21.7,57.3,0,25,34,1,64.3,fishing_anchor,1,0.0
2019,CAB0350,EMEA-Asia,hyperscaler,2000,19,2,18233.0,6,None,21.7,21.7,100.0,0,25,37,1,65.9,none,0,0.0
2020,CAB0350,EMEA-Asia,hyperscaler,2000,20,2,18233.0,6,None,21.7,21.7,98.1,0,25,40,0,47.6,none,0,0.0
2021,CAB0350,EMEA-Asia,hyperscaler,2000,21,2,18233.0,6,None,21.7,21.7,66.9,0,25,44,0,49.2,none,0,0.0
2022,CAB0350,EMEA-Asia,hyperscaler,2000,22,2,18233.0,6,None,21.7,21.7,51.1,0,25,45,0,50.8,none,0,0.0
2023,CAB0350,EMEA-Asia,hyperscaler,2000,23,2,18233.0,6,None,21.7,21.7,56.2,0,25,47,0,52.4,none,0,1.0
2024,CAB0350,EMEA-Asia,hyperscaler,2000,24,2,18233.0,6,None,21.7,21.7,100.0,0,25,48,0,54.0,fishing_anchor,1,0.0
2025,CAB0350,EMEA-Asia,hyperscaler,2000,25,2,18233.0,6,None,21.7,21.7,83.7,0,25,47,0,55.6,none,0,0.0
2026,CAB0350,EMEA-Asia,hyperscaler,2000,26,2,18233.0,6,None,21.7,21.7,80.5,0,25,47,0,57.1,none,0,
2017,CAB0351,Trans-Pacific,consortium,2017,0,20,11297.0,5,None,702.9,195.4,59.8,0,25,38,1,35.7,none,0,0.0
2018,CAB0351,Trans-Pacific,consortium,2017,1,20,11297.0,5,None,702.9,220.0,55.7,0,25,39,1,37.3,none,0,0.0
2019,CAB0351,Trans-Pacific,consortium,2017,2,20,11297.0,5,None,702.9,240.5,47.5,0,25,41,0,19.0,none,0,0.0
2020,CAB0351,Trans-Pacific,consortium,2017,3,20,11297.0,5,None,702.9,353.9,42.6,0,25,42,0,20.6,none,0,0.0
2021,CAB0351,Trans-Pacific,consortium,2017,4,20,11297.0,5,None,702.9,315.3,37.7,0,25,43,0,22.2,none,0,0.0
2022,CAB0351,Trans-Pacific,consortium,2017,5,20,11297.0,5,None,702.9,376.6,48.5,0,25,45,0,23.8,none,0,0.0
2023,CAB0351,Trans-Pacific,consortium,2017,6,20,11297.0,5,None,702.9,440.7,53.8,0,25,47,0,25.4,none,0,0.0
2024,CAB0351,Trans-Pacific,consortium,2017,7,20,11297.0,5,None,702.9,450.8,54.4,0,25,49,0,27.0,none,0,0.0
2025,CAB0351,Trans-Pacific,consortium,2017,8,20,11297.0,5,None,702.9,533.9,64.5,0,25,50,0,28.6,none,0,0.0
2026,CAB0351,Trans-Pacific,consortium,2017,9,20,11297.0,5,None,702.9,526.6,30.5,0,25,48,0,30.2,none,0,
2015,CAB0352,Trans-Pacific,hyperscaler,2002,13,17,11798.0,3,None,233.1,233.1,72.4,1,25,35,1,40.5,none,0,0.0
2016,CAB0352,Trans-Pacific,hyperscaler,2002,14,17,11798.0,3,None,233.1,233.1,60.3,1,25,37,1,42.1,none,0,1.0
2017,CAB0352,Trans-Pacific,hyperscaler,2002,15,17,11798.0,3,None,233.1,233.1,88.6,1,25,38,1,43.7,fishing_anchor,1,0.0
2018,CAB0352,Trans-Pacific,hyperscaler,2002,16,17,11798.0,3,None,233.1,233.1,100.0,1,25,39,1,45.2,none,0,0.0
2019,CAB0352,Trans-Pacific,hyperscaler,2002,17,17,11798.0,3,None,233.1,233.1,39.4,1,25,41,0,27.0,none,0,0.0
2020,CAB0352,Trans-Pacific,hyperscaler,2002,18,17,11798.0,3,None,233.1,233.1,49.2,1,25,42,0,28.6,none,0,0.0
2021,CAB0352,Trans-Pacific,hyperscaler,2002,19,17,11798.0,3,None,233.1,233.1,81.7,1,25,43,0,30.2,none,0,0.0
2022,CAB0352,Trans-Pacific,hyperscaler,2002,20,17,11798.0,3,None,233.1,233.1,88.2,1,25,45,0,31.7,none,0,0.0
2023,CAB0352,Trans-Pacific,hyperscaler,2002,21,17,11798.0,3,None,233.1,233.1,75.7,1,25,47,0,33.3,none,0,1.0
2024,CAB0352,Trans-Pacific,hyperscaler,2002,22,17,11798.0,3,None,233.1,233.1,98.8,1,25,49,0,34.9,natural_hazard,1,0.0
2025,CAB0352,Trans-Pacific,hyperscaler,2002,23,17,11798.0,3,None,233.1,233.1,84.6,1,25,50,0,36.5,none,0,1.0
2026,CAB0352,Trans-Pacific,hyperscaler,2002,24,17,11798.0,3,None,233.1,233.1,97.0,1,25,48,0,38.1,natural_hazard,1,
2015,CAB0353,EMEA-Asia,government,2012,3,17,16358.0,5,Hormuz,476.0,185.7,81.0,1,25,27,1,52.4,natural_hazard,1,0.0
2016,CAB0353,EMEA-Asia,government,2012,4,17,16358.0,5,Hormuz,476.0,190.7,31.5,1,25,29,1,54.0,none,0,0.0
2017,CAB0353,EMEA-Asia,government,2012,5,17,16358.0,5,Hormuz,476.0,297.1,64.4,1,25,32,1,55.6,none,0,0.0
2018,CAB0353,EMEA-Asia,government,2012,6,17,16358.0,5,Hormuz,476.0,275.7,90.7,1,25,34,1,57.1,none,0,0.0
2019,CAB0353,EMEA-Asia,government,2012,7,17,16358.0,5,Hormuz,476.0,328.1,62.8,1,25,37,1,58.7,none,0,1.0
2020,CAB0353,EMEA-Asia,government,2012,8,17,16358.0,5,Hormuz,476.0,371.3,87.7,1,25,40,0,40.5,fishing_anchor,1,1.0
2021,CAB0353,EMEA-Asia,government,2012,9,17,16358.0,5,Hormuz,476.0,381.3,78.5,1,25,44,0,42.1,fishing_anchor,1,0.0
2022,CAB0353,EMEA-Asia,government,2012,10,17,16358.0,5,Hormuz,476.0,375.0,75.9,1,25,45,0,43.7,none,0,0.0
2023,CAB0353,EMEA-Asia,government,2012,11,17,16358.0,5,Hormuz,476.0,404.9,94.4,1,25,47,0,45.2,none,0,1.0
2024,CAB0353,EMEA-Asia,government,2012,12,17,16358.0,5,Hormuz,476.0,456.5,73.0,1,25,48,0,46.8,fishing_anchor,1,0.0
2025,CAB0353,EMEA-Asia,government,2012,13,17,16358.0,5,Hormuz,476.0,476.0,35.0,1,25,47,0,48.4,none,0,0.0
2026,CAB0353,EMEA-Asia,government,2012,14,17,16358.0,5,Hormuz,476.0,476.0,100.0,1,25,47,0,50.0,none,0,
2015,CAB0354,Trans-Pacific,consortium,2002,13,5,11614.0,6,None,68.6,68.6,72.6,0,25,35,1,56.3,none,0,0.0
2016,CAB0354,Trans-Pacific,consortium,2002,14,5,11614.0,6,None,68.6,68.6,87.3,0,25,37,1,57.9,none,0,0.0
2017,CAB0354,Trans-Pacific,consortium,2002,15,5,11614.0,6,None,68.6,68.6,66.7,0,25,38,1,59.5,none,0,0.0
2018,CAB0354,Trans-Pacific,consortium,2002,16,5,11614.0,6,None,68.6,68.6,59.8,0,25,39,1,61.1,none,0,1.0
2019,CAB0354,Trans-Pacific,consortium,2002,17,5,11614.0,6,None,68.6,68.6,66.2,0,25,41,0,42.9,fishing_anchor,1,0.0
2020,CAB0354,Trans-Pacific,consortium,2002,18,5,11614.0,6,None,68.6,68.6,59.1,0,25,42,0,44.4,none,0,1.0
2021,CAB0354,Trans-Pacific,consortium,2002,19,5,11614.0,6,None,68.6,68.6,100.0,0,25,43,0,46.0,fishing_anchor,1,1.0
2022,CAB0354,Trans-Pacific,consortium,2002,20,5,11614.0,6,None,68.6,68.6,98.6,0,25,45,0,47.6,fishing_anchor,1,0.0
2023,CAB0354,Trans-Pacific,consortium,2002,21,5,11614.0,6,None,68.6,68.6,71.3,0,25,47,0,49.2,none,0,0.0
2024,CAB0354,Trans-Pacific,consortium,2002,22,5,11614.0,6,None,68.6,68.6,100.0,0,25,49,0,50.8,none,0,0.0
2025,CAB0354,Trans-Pacific,consortium,2002,23,5,11614.0,6,None,68.6,68.6,100.0,0,25,50,0,52.4,none,0,0.0
2026,CAB0354,Trans-Pacific,consortium,2002,24,5,11614.0,6,None,68.6,68.6,100.0,0,25,48,0,54.0,none,0,
2015,CAB0355,Americas,carrier,2006,9,7,3724.0,4,None,136.0,108.6,64.1,1,25,28,1,34.1,none,0,0.0
2016,CAB0355,Americas,carrier,2006,10,7,3724.0,4,None,136.0,114.0,38.2,1,25,29,1,35.7,none,0,0.0
2017,CAB0355,Americas,carrier,2006,11,7,3724.0,4,None,136.0,125.7,95.8,1,25,29,1,37.3,none,0,0.0
2018,CAB0355,Americas,carrier,2006,12,7,3724.0,4,None,136.0,135.3,69.9,1,25,31,1,38.9,none,0,0.0
2019,CAB0355,Americas,carrier,2006,13,7,3724.0,4,None,136.0,136.0,72.2,1,25,32,1,40.5,none,0,0.0
2020,CAB0355,Americas,carrier,2006,14,7,3724.0,4,None,136.0,136.0,49.1,1,25,33,1,42.1,none,0,0.0
2021,CAB0355,Americas,carrier,2006,15,7,3724.0,4,None,136.0,136.0,59.9,1,25,37,1,43.7,none,0,1.0
2022,CAB0355,Americas,carrier,2006,16,7,3724.0,4,None,136.0,136.0,69.2,1,25,37,1,45.2,fishing_anchor,1,1.0
2023,CAB0355,Americas,carrier,2006,17,7,3724.0,4,None,136.0,136.0,56.1,1,25,37,1,46.8,fishing_anchor,1,0.0
2024,CAB0355,Americas,carrier,2006,18,7,3724.0,4,None,136.0,136.0,59.4,1,25,39,1,48.4,none,0,0.0
2025,CAB0355,Americas,carrier,2006,19,7,3724.0,4,None,136.0,136.0,100.0,1,25,39,1,50.0,none,0,0.0
2026,CAB0355,Americas,carrier,2006,20,7,3724.0,4,None,136.0,136.0,74.5,1,25,40,0,31.7,none,0,
2019,CAB0356,Trans-Atlantic,consortium,2019,0,8,6074.0,4,None,304.0,58.4,28.8,0,25,45,0,15.9,none,0,0.0
2020,CAB0356,Trans-Atlantic,consortium,2019,1,8,6074.0,4,None,304.0,76.7,18.9,0,25,48,0,17.5,none,0,0.0
2021,CAB0356,Trans-Atlantic,consortium,2019,2,8,6074.0,4,None,304.0,139.0,75.2,0,25,50,0,19.0,none,0,0.0
2022,CAB0356,Trans-Atlantic,consortium,2019,3,8,6074.0,4,None,304.0,129.6,54.5,0,25,51,0,20.6,none,0,0.0
2023,CAB0356,Trans-Atlantic,consortium,2019,4,8,6074.0,4,None,304.0,138.1,74.9,0,25,54,0,22.2,none,0,0.0
2024,CAB0356,Trans-Atlantic,consortium,2019,5,8,6074.0,4,None,304.0,177.2,52.4,0,25,58,0,23.8,none,0,0.0
2025,CAB0356,Trans-Atlantic,consortium,2019,6,8,6074.0,4,None,304.0,193.5,58.0,0,25,62,0,25.4,none,0,0.0
2026,CAB0356,Trans-Atlantic,consortium,2019,7,8,6074.0,4,None,304.0,207.5,37.1,0,25,63,0,27.0,none,0,
2015,CAB0357,Intra-Europe,carrier,2005,10,30,1834.0,3,None,540.0,492.3,88.8,0,25,41,0,31.7,none,0,0.0
2016,CAB0357,Intra-Europe,carrier,2005,11,30,1834.0,3,None,540.0,480.2,100.0,0,25,42,0,33.3,none,0,0.0
2017,CAB0357,Intra-Europe,carrier,2005,12,30,1834.0,3,None,540.0,540.0,100.0,0,25,44,0,34.9,none,0,0.0
2018,CAB0357,Intra-Europe,carrier,2005,13,30,1834.0,3,None,540.0,540.0,58.2,0,25,45,0,36.5,none,0,0.0
2019,CAB0357,Intra-Europe,carrier,2005,14,30,1834.0,3,None,540.0,540.0,100.0,0,25,47,0,38.1,none,0,0.0
2020,CAB0357,Intra-Europe,carrier,2005,15,30,1834.0,3,None,540.0,540.0,91.8,0,25,49,0,39.7,none,0,0.0
2021,CAB0357,Intra-Europe,carrier,2005,16,30,1834.0,3,None,540.0,540.0,62.0,0,25,49,0,41.3,none,0,0.0
2022,CAB0357,Intra-Europe,carrier,2005,17,30,1834.0,3,None,540.0,540.0,41.6,0,25,52,0,42.9,none,0,0.0
2023,CAB0357,Intra-Europe,carrier,2005,18,30,1834.0,3,None,540.0,540.0,100.0,0,25,53,0,44.4,none,0,0.0
2024,CAB0357,Intra-Europe,carrier,2005,19,30,1834.0,3,None,540.0,540.0,91.3,0,25,53,0,46.0,none,0,0.0
2025,CAB0357,Intra-Europe,carrier,2005,20,30,1834.0,3,None,540.0,540.0,100.0,0,25,58,0,47.6,none,0,0.0
2026,CAB0357,Intra-Europe,carrier,2005,21,30,1834.0,3,None,540.0,540.0,54.6,0,25,60,0,49.2,none,0,
2015,CAB0358,Intra-Asia,carrier,2011,4,25,5561.0,7,None,664.3,357.3,17.0,1,25,53,0,6.3,none,0,1.0
2016,CAB0358,Intra-Asia,carrier,2011,5,25,5561.0,7,None,664.3,418.5,77.5,1,25,59,0,7.9,natural_hazard,1,1.0
2017,CAB0358,Intra-Asia,carrier,2011,6,25,5561.0,7,None,664.3,439.8,48.7,1,25,60,0,9.5,fishing_anchor,1,0.0
2018,CAB0358,Intra-Asia,carrier,2011,7,25,5561.0,7,None,664.3,417.3,26.7,1,25,62,0,11.1,none,0,0.0
2019,CAB0358,Intra-Asia,carrier,2011,8,25,5561.0,7,None,664.3,453.5,57.1,1,25,64,0,12.7,none,0,0.0
2020,CAB0358,Intra-Asia,carrier,2011,9,25,5561.0,7,None,664.3,545.3,74.3,1,25,66,0,14.3,none,0,0.0
2021,CAB0358,Intra-Asia,carrier,2011,10,25,5561.0,7,None,664.3,515.8,61.6,1,25,69,0,15.9,none,0,0.0
2022,CAB0358,Intra-Asia,carrier,2011,11,25,5561.0,7,None,664.3,625.1,37.8,1,25,70,0,17.5,none,0,0.0
2023,CAB0358,Intra-Asia,carrier,2011,12,25,5561.0,7,None,664.3,664.3,40.0,1,25,70,0,19.0,none,0,0.0
2024,CAB0358,Intra-Asia,carrier,2011,13,25,5561.0,7,None,664.3,664.3,75.2,1,25,75,0,20.6,none,0,0.0
2025,CAB0358,Intra-Asia,carrier,2011,14,25,5561.0,7,None,664.3,664.3,93.2,1,25,77,0,22.2,none,0,0.0
2026,CAB0358,Intra-Asia,carrier,2011,15,25,5561.0,7,None,664.3,664.3,76.2,1,25,77,0,23.8,none,0,
2015,CAB0359,Africa-Coastal,hyperscaler,2000,15,2,11523.0,5,None,21.7,21.7,55.0,0,25,36,1,59.5,none,0,0.0
2016,CAB0359,Africa-Coastal,hyperscaler,2000,16,2,11523.0,5,None,21.7,21.7,100.0,0,25,37,1,61.1,none,0,0.0
2017,CAB0359,Africa-Coastal,hyperscaler,2000,17,2,11523.0,5,None,21.7,21.7,89.8,0,25,40,0,42.9,none,0,1.0
2018,CAB0359,Africa-Coastal,hyperscaler,2000,18,2,11523.0,5,None,21.7,21.7,81.1,0,25,40,0,44.4,fishing_anchor,1,1.0
2019,CAB0359,Africa-Coastal,hyperscaler,2000,19,2,11523.0,5,None,21.7,21.7,64.0,0,25,42,0,46.0,fishing_anchor,1,1.0
2020,CAB0359,Africa-Coastal,hyperscaler,2000,20,2,11523.0,5,None,21.7,21.7,100.0,0,25,43,0,47.6,equipment,1,0.0
2021,CAB0359,Africa-Coastal,hyperscaler,2000,21,2,11523.0,5,None,21.7,21.7,65.8,0,25,44,0,49.2,none,0,1.0
2022,CAB0359,Africa-Coastal,hyperscaler,2000,22,2,11523.0,5,None,21.7,21.7,66.9,0,25,45,0,50.8,fishing_anchor,1,0.0
2023,CAB0359,Africa-Coastal,hyperscaler,2000,23,2,11523.0,5,None,21.7,21.7,62.4,0,25,47,0,52.4,none,0,0.0
2024,CAB0359,Africa-Coastal,hyperscaler,2000,24,2,11523.0,5,None,21.7,21.7,89.7,0,25,49,0,54.0,none,0,0.0
2025,CAB0359,Africa-Coastal,hyperscaler,2000,25,2,11523.0,5,None,21.7,21.7,88.3,0,25,52,0,55.6,none,0,1.0
2026,CAB0359,Africa-Coastal,hyperscaler,2000,26,2,11523.0,5,None,21.7,21.7,100.0,0,25,53,0,57.1,fishing_anchor,1,
2015,CAB0360,Africa-Coastal,consortium,2003,12,6,8624.0,7,None,90.9,90.1,69.4,1,25,36,1,38.9,none,0,1.0
2016,CAB0360,Africa-Coastal,consortium,2003,13,6,8624.0,7,None,90.9,90.9,41.7,1,25,37,1,40.5,fishing_anchor,1,0.0
2017,CAB0360,Africa-Coastal,consortium,2003,14,6,8624.0,7,None,90.9,90.9,68.6,1,25,40,0,22.2,none,0,0.0
2018,CAB0360,Africa-Coastal,consortium,2003,15,6,8624.0,7,None,90.9,90.9,77.0,1,25,40,0,23.8,none,0,1.0
2019,CAB0360,Africa-Coastal,consortium,2003,16,6,8624.0,7,None,90.9,90.9,99.6,1,25,42,0,25.4,equipment,1,1.0
2020,CAB0360,Africa-Coastal,consortium,2003,17,6,8624.0,7,None,90.9,90.9,45.3,1,25,43,0,27.0,natural_hazard,1,0.0
2021,CAB0360,Africa-Coastal,consortium,2003,18,6,8624.0,7,None,90.9,90.9,97.2,1,25,44,0,28.6,none,0,0.0
2022,CAB0360,Africa-Coastal,consortium,2003,19,6,8624.0,7,None,90.9,90.9,74.5,1,25,45,0,30.2,none,0,1.0
2023,CAB0360,Africa-Coastal,consortium,2003,20,6,8624.0,7,None,90.9,90.9,77.4,1,25,47,0,31.7,fishing_anchor,1,0.0
2024,CAB0360,Africa-Coastal,consortium,2003,21,6,8624.0,7,None,90.9,90.9,89.9,1,25,49,0,33.3,none,0,0.0
2025,CAB0360,Africa-Coastal,consortium,2003,22,6,8624.0,7,None,90.9,90.9,54.7,1,25,52,0,34.9,none,0,1.0
2026,CAB0360,Africa-Coastal,consortium,2003,23,6,8624.0,7,None,90.9,90.9,86.3,1,25,53,0,36.5,fishing_anchor,1,
2015,CAB0361,Trans-Pacific,consortium,2001,14,8,14154.0,4,None,98.3,98.3,57.1,0,25,35,1,57.9,none,0,0.0
2016,CAB0361,Trans-Pacific,consortium,2001,15,8,14154.0,4,None,98.3,98.3,48.2,0,25,37,1,59.5,none,0,0.0
2017,CAB0361,Trans-Pacific,consortium,2001,16,8,14154.0,4,None,98.3,98.3,48.6,0,25,38,1,61.1,none,0,1.0
2018,CAB0361,Trans-Pacific,consortium,2001,17,8,14154.0,4,None,98.3,98.3,64.8,0,25,39,1,62.7,fishing_anchor,1,1.0
2019,CAB0361,Trans-Pacific,consortium,2001,18,8,14154.0,4,None,98.3,98.3,69.4,0,25,41,0,44.4,fishing_anchor,1,1.0
2020,CAB0361,Trans-Pacific,consortium,2001,19,8,14154.0,4,None,98.3,98.3,73.9,0,25,42,0,46.0,fishing_anchor,1,0.0
2021,CAB0361,Trans-Pacific,consortium,2001,20,8,14154.0,4,None,98.3,98.3,55.5,0,25,43,0,47.6,none,0,0.0
2022,CAB0361,Trans-Pacific,consortium,2001,21,8,14154.0,4,None,98.3,98.3,76.1,0,25,45,0,49.2,none,0,0.0
2023,CAB0361,Trans-Pacific,consortium,2001,22,8,14154.0,4,None,98.3,98.3,100.0,0,25,47,0,50.8,none,0,0.0
2024,CAB0361,Trans-Pacific,consortium,2001,23,8,14154.0,4,None,98.3,98.3,73.8,0,25,49,0,52.4,none,0,1.0
2025,CAB0361,Trans-Pacific,consortium,2001,24,8,14154.0,4,None,98.3,98.3,89.5,0,25,50,0,54.0,fishing_anchor,1,0.0
2026,CAB0361,Trans-Pacific,consortium,2001,25,8,14154.0,4,None,98.3,98.3,60.4,0,25,48,0,55.6,none,0,
2015,CAB0362,Americas,carrier,2008,7,5,2295.0,6,Panama,111.4,79.8,86.6,0,25,28,1,74.6,none,0,0.0
2016,CAB0362,Americas,carrier,2008,8,5,2295.0,6,Panama,111.4,87.0,36.6,0,25,29,1,76.2,none,0,1.0
2017,CAB0362,Americas,carrier,2008,9,5,2295.0,6,Panama,111.4,85.6,74.1,0,25,29,1,77.8,fishing_anchor,1,0.0
2018,CAB0362,Americas,carrier,2008,10,5,2295.0,6,Panama,111.4,89.4,63.1,0,25,31,1,79.4,none,0,0.0
2019,CAB0362,Americas,carrier,2008,11,5,2295.0,6,Panama,111.4,107.7,46.1,0,25,32,1,81.0,none,0,0.0
2020,CAB0362,Americas,carrier,2008,12,5,2295.0,6,Panama,111.4,91.6,47.9,0,25,33,1,82.5,none,0,0.0
2021,CAB0362,Americas,carrier,2008,13,5,2295.0,6,Panama,111.4,111.4,100.0,0,25,37,1,84.1,none,0,1.0
2022,CAB0362,Americas,carrier,2008,14,5,2295.0,6,Panama,111.4,111.4,58.4,0,25,37,1,85.7,fishing_anchor,1,0.0
2023,CAB0362,Americas,carrier,2008,15,5,2295.0,6,Panama,111.4,111.4,71.0,0,25,37,1,87.3,none,0,1.0
2024,CAB0362,Americas,carrier,2008,16,5,2295.0,6,Panama,111.4,111.4,98.9,0,25,39,1,88.9,fishing_anchor,1,0.0
2025,CAB0362,Americas,carrier,2008,17,5,2295.0,6,Panama,111.4,111.4,76.1,0,25,39,1,90.5,none,0,0.0
2026,CAB0362,Americas,carrier,2008,18,5,2295.0,6,Panama,111.4,111.4,63.1,0,25,40,0,72.2,none,0,
2015,CAB0363,Indian-Ocean,carrier,2015,0,4,4915.0,2,None,129.1,40.9,57.2,0,25,31,1,47.6,none,0,0.0
2016,CAB0363,Indian-Ocean,carrier,2015,1,4,4915.0,2,None,129.1,30.9,74.2,0,25,33,1,49.2,none,0,0.0
2017,CAB0363,Indian-Ocean,carrier,2015,2,4,4915.0,2,None,129.1,36.8,33.4,0,25,33,1,50.8,none,0,0.0
2018,CAB0363,Indian-Ocean,carrier,2015,3,4,4915.0,2,None,129.1,60.5,49.4,0,25,35,1,52.4,none,0,0.0
2019,CAB0363,Indian-Ocean,carrier,2015,4,4,4915.0,2,None,129.1,59.0,80.6,0,25,35,1,54.0,none,0,0.0
2020,CAB0363,Indian-Ocean,carrier,2015,5,4,4915.0,2,None,129.1,72.9,57.1,0,25,36,1,55.6,none,0,0.0
2021,CAB0363,Indian-Ocean,carrier,2015,6,4,4915.0,2,None,129.1,78.8,78.3,0,25,39,1,57.1,none,0,1.0
2022,CAB0363,Indian-Ocean,carrier,2015,7,4,4915.0,2,None,129.1,81.9,67.9,0,25,39,1,58.7,fishing_anchor,1,0.0
2023,CAB0363,Indian-Ocean,carrier,2015,8,4,4915.0,2,None,129.1,102.9,43.3,0,25,40,0,40.5,none,0,0.0
2024,CAB0363,Indian-Ocean,carrier,2015,9,4,4915.0,2,None,129.1,89.2,32.7,0,25,41,0,42.1,none,0,0.0
2025,CAB0363,Indian-Ocean,carrier,2015,10,4,4915.0,2,None,129.1,115.2,65.2,0,25,44,0,43.7,none,0,0.0
2026,CAB0363,Indian-Ocean,carrier,2015,11,4,4915.0,2,None,129.1,117.1,76.8,0,25,43,0,45.2,none,0,
2016,CAB0364,Indian-Ocean,carrier,2016,0,14,11470.0,7,Suez,472.0,123.3,49.8,1,25,33,1,47.6,none,0,0.0
2017,CAB0364,Indian-Ocean,carrier,2016,1,14,11470.0,7,Suez,472.0,157.3,31.0,1,25,33,1,49.2,none,0,1.0
2018,CAB0364,Indian-Ocean,carrier,2016,2,14,11470.0,7,Suez,472.0,181.2,70.5,1,25,35,1,50.8,fishing_anchor,1,0.0
2019,CAB0364,Indian-Ocean,carrier,2016,3,14,11470.0,7,Suez,472.0,191.2,30.0,1,25,35,1,52.4,none,0,1.0
2020,CAB0364,Indian-Ocean,carrier,2016,4,14,11470.0,7,Suez,472.0,253.0,15.1,1,25,36,1,54.0,fishing_anchor,1,1.0
2021,CAB0364,Indian-Ocean,carrier,2016,5,14,11470.0,7,Suez,472.0,253.1,72.7,1,25,39,1,55.6,fishing_anchor,1,0.0
2022,CAB0364,Indian-Ocean,carrier,2016,6,14,11470.0,7,Suez,472.0,312.3,62.0,1,25,39,1,57.1,none,0,0.0
2023,CAB0364,Indian-Ocean,carrier,2016,7,14,11470.0,7,Suez,472.0,307.5,24.8,1,25,40,0,38.9,none,0,0.0
2024,CAB0364,Indian-Ocean,carrier,2016,8,14,11470.0,7,Suez,472.0,340.5,34.0,1,25,41,0,40.5,none,0,0.0
2025,CAB0364,Indian-Ocean,carrier,2016,9,14,11470.0,7,Suez,472.0,356.6,63.8,1,25,44,0,42.1,none,0,1.0
2026,CAB0364,Indian-Ocean,carrier,2016,10,14,11470.0,7,Suez,472.0,426.2,72.6,1,25,43,0,43.7,fishing_anchor,1,
2015,CAB0365,Africa-Coastal,hyperscaler,2004,11,9,15010.0,5,None,149.1,133.8,40.5,0,25,36,1,53.2,fishing_anchor,1,0.0
2016,CAB0365,Africa-Coastal,hyperscaler,2004,12,9,15010.0,5,None,149.1,148.2,100.0,0,25,37,1,54.8,none,0,1.0
2017,CAB0365,Africa-Coastal,hyperscaler,2004,13,9,15010.0,5,None,149.1,146.3,41.4,0,25,40,0,36.5,fishing_anchor,1,1.0
2018,CAB0365,Africa-Coastal,hyperscaler,2004,14,9,15010.0,5,None,149.1,149.1,60.4,0,25,40,0,38.1,fishing_anchor,1,0.0
2019,CAB0365,Africa-Coastal,hyperscaler,2004,15,9,15010.0,5,None,149.1,149.1,52.7,0,25,42,0,39.7,none,0,1.0
2020,CAB0365,Africa-Coastal,hyperscaler,2004,16,9,15010.0,5,None,149.1,149.1,58.0,0,25,43,0,41.3,fishing_anchor,1,0.0
2021,CAB0365,Africa-Coastal,hyperscaler,2004,17,9,15010.0,5,None,149.1,149.1,100.0,0,25,44,0,42.9,none,0,0.0
2022,CAB0365,Africa-Coastal,hyperscaler,2004,18,9,15010.0,5,None,149.1,149.1,80.4,0,25,45,0,44.4,none,0,0.0
2023,CAB0365,Africa-Coastal,hyperscaler,2004,19,9,15010.0,5,None,149.1,149.1,48.4,0,25,47,0,46.0,none,0,0.0
2024,CAB0365,Africa-Coastal,hyperscaler,2004,20,9,15010.0,5,None,149.1,149.1,77.4,0,25,49,0,47.6,none,0,0.0
2025,CAB0365,Africa-Coastal,hyperscaler,2004,21,9,15010.0,5,None,149.1,149.1,69.6,0,25,52,0,49.2,none,0,0.0
2026,CAB0365,Africa-Coastal,hyperscaler,2004,22,9,15010.0,5,None,149.1,149.1,100.0,0,25,53,0,50.8,none,0,
2022,CAB0366,Intra-Asia,consortium,2022,0,34,6141.0,5,None,1437.7,367.3,26.7,1,25,70,0,0.0,none,0,0.0
2023,CAB0366,Intra-Asia,consortium,2022,1,34,6141.0,5,None,1437.7,437.7,34.8,1,25,70,0,1.6,none,0,1.0
2024,CAB0366,Intra-Asia,consortium,2022,2,34,6141.0,5,None,1437.7,670.6,61.0,1,25,75,0,3.2,suspected_external,1,0.0
2025,CAB0366,Intra-Asia,consortium,2022,3,34,6141.0,5,None,1437.7,598.9,94.9,1,25,77,0,4.8,none,0,0.0
2026,CAB0366,Intra-Asia,consortium,2022,4,34,6141.0,5,None,1437.7,660.9,30.3,1,25,77,0,6.3,none,0,
2018,CAB0367,Intra-Asia,hyperscaler,2018,0,10,3485.0,2,None,365.7,114.7,34.0,1,25,62,0,11.9,none,0,0.0
2019,CAB0367,Intra-Asia,hyperscaler,2018,1,10,3485.0,2,None,365.7,106.8,66.8,1,25,64,0,13.5,none,0,0.0
2020,CAB0367,Intra-Asia,hyperscaler,2018,2,10,3485.0,2,None,365.7,145.8,63.3,1,25,66,0,15.1,none,0,0.0
2021,CAB0367,Intra-Asia,hyperscaler,2018,3,10,3485.0,2,None,365.7,153.2,96.9,1,25,69,0,16.7,none,0,0.0
2022,CAB0367,Intra-Asia,hyperscaler,2018,4,10,3485.0,2,None,365.7,195.9,44.8,1,25,70,0,18.3,none,0,1.0
2023,CAB0367,Intra-Asia,hyperscaler,2018,5,10,3485.0,2,None,365.7,214.7,38.3,1,25,70,0,19.8,fishing_anchor,1,0.0
2024,CAB0367,Intra-Asia,hyperscaler,2018,6,10,3485.0,2,None,365.7,236.6,68.2,1,25,75,0,21.4,none,0,0.0
2025,CAB0367,Intra-Asia,hyperscaler,2018,7,10,3485.0,2,None,365.7,232.5,65.7,1,25,77,0,23.0,none,0,0.0
2026,CAB0367,Intra-Asia,hyperscaler,2018,8,10,3485.0,2,None,365.7,267.4,68.0,1,25,77,0,24.6,none,0,
2015,CAB0368,Intra-Europe,hyperscaler,2000,15,2,2609.0,6,None,21.7,21.7,50.1,1,25,41,0,23.8,none,0,0.0
2016,CAB0368,Intra-Europe,hyperscaler,2000,16,2,2609.0,6,None,21.7,21.7,83.2,1,25,42,0,25.4,none,0,0.0
2017,CAB0368,Intra-Europe,hyperscaler,2000,17,2,2609.0,6,None,21.7,21.7,76.0,1,25,44,0,27.0,none,0,0.0
2018,CAB0368,Intra-Europe,hyperscaler,2000,18,2,2609.0,6,None,21.7,21.7,43.0,1,25,45,0,28.6,none,0,0.0
2019,CAB0368,Intra-Europe,hyperscaler,2000,19,2,2609.0,6,None,21.7,21.7,71.7,1,25,47,0,30.2,none,0,1.0
2020,CAB0368,Intra-Europe,hyperscaler,2000,20,2,2609.0,6,None,21.7,21.7,71.2,1,25,49,0,31.7,fishing_anchor,1,1.0
2021,CAB0368,Intra-Europe,hyperscaler,2000,21,2,2609.0,6,None,21.7,21.7,47.8,1,25,49,0,33.3,natural_hazard,1,0.0
2022,CAB0368,Intra-Europe,hyperscaler,2000,22,2,2609.0,6,None,21.7,21.7,72.8,1,25,52,0,34.9,none,0,0.0
2023,CAB0368,Intra-Europe,hyperscaler,2000,23,2,2609.0,6,None,21.7,21.7,100.0,1,25,53,0,36.5,none,0,0.0
2024,CAB0368,Intra-Europe,hyperscaler,2000,24,2,2609.0,6,None,21.7,21.7,98.8,1,25,53,0,38.1,none,0,0.0
2025,CAB0368,Intra-Europe,hyperscaler,2000,25,2,2609.0,6,None,21.7,21.7,63.2,1,25,58,0,39.7,none,0,0.0
2026,CAB0368,Intra-Europe,hyperscaler,2000,26,2,2609.0,6,None,21.7,21.7,87.7,1,25,60,0,41.3,none,0,
2022,CAB0369,Intra-Pacific-Islands,carrier,2022,0,8,3302.0,5,None,338.3,90.0,65.9,1,25,43,0,0.0,none,0,0.0
2023,CAB0369,Intra-Pacific-Islands,carrier,2022,1,8,3302.0,5,None,338.3,106.3,18.4,1,25,45,0,1.6,none,0,0.0
2024,CAB0369,Intra-Pacific-Islands,carrier,2022,2,8,3302.0,5,None,338.3,118.4,24.4,1,25,48,0,3.2,none,0,1.0
2025,CAB0369,Intra-Pacific-Islands,carrier,2022,3,8,3302.0,5,None,338.3,149.7,66.0,1,25,50,0,4.8,equipment,1,0.0
2026,CAB0369,Intra-Pacific-Islands,carrier,2022,4,8,3302.0,5,None,338.3,182.2,22.4,1,25,51,0,6.3,none,0,
2015,CAB0370,Intra-Asia,carrier,2003,12,12,3543.0,4,Malacca,181.7,181.2,30.4,1,25,53,0,46.8,none,0,0.0
2016,CAB0370,Intra-Asia,carrier,2003,13,12,3543.0,4,Malacca,181.7,177.9,99.4,1,25,59,0,48.4,none,0,0.0
2017,CAB0370,Intra-Asia,carrier,2003,14,12,3543.0,4,Malacca,181.7,181.7,51.7,1,25,60,0,50.0,none,0,0.0
2018,CAB0370,Intra-Asia,carrier,2003,15,12,3543.0,4,Malacca,181.7,181.7,87.0,1,25,62,0,51.6,none,0,0.0
2019,CAB0370,Intra-Asia,carrier,2003,16,12,3543.0,4,Malacca,181.7,181.7,100.0,1,25,64,0,53.2,none,0,0.0
2020,CAB0370,Intra-Asia,carrier,2003,17,12,3543.0,4,Malacca,181.7,181.7,60.6,1,25,66,0,54.8,none,0,0.0
2021,CAB0370,Intra-Asia,carrier,2003,18,12,3543.0,4,Malacca,181.7,181.7,100.0,1,25,69,0,56.3,none,0,0.0
2022,CAB0370,Intra-Asia,carrier,2003,19,12,3543.0,4,Malacca,181.7,181.7,92.0,1,25,70,0,57.9,none,0,1.0
2023,CAB0370,Intra-Asia,carrier,2003,20,12,3543.0,4,Malacca,181.7,181.7,93.2,1,25,70,0,59.5,equipment,1,0.0
2024,CAB0370,Intra-Asia,carrier,2003,21,12,3543.0,4,Malacca,181.7,181.7,88.4,1,25,75,0,61.1,none,0,0.0
2025,CAB0370,Intra-Asia,carrier,2003,22,12,3543.0,4,Malacca,181.7,181.7,54.8,1,25,77,0,62.7,none,0,1.0
2026,CAB0370,Intra-Asia,carrier,2003,23,12,3543.0,4,Malacca,181.7,181.7,55.5,1,25,77,0,64.3,fishing_anchor,1,
2015,CAB0371,Intra-Asia,consortium,2005,10,3,3748.0,5,Taiwan-Strait,54.0,45.3,74.6,1,25,53,0,43.7,none,0,0.0
2016,CAB0371,Intra-Asia,consortium,2005,11,3,3748.0,5,Taiwan-Strait,54.0,48.9,53.6,1,25,59,0,45.2,none,0,0.0
2017,CAB0371,Intra-Asia,consortium,2005,12,3,3748.0,5,Taiwan-Strait,54.0,49.2,60.3,1,25,60,0,46.8,none,0,0.0
2018,CAB0371,Intra-Asia,consortium,2005,13,3,3748.0,5,Taiwan-Strait,54.0,54.0,41.2,1,25,62,0,48.4,none,0,0.0
2019,CAB0371,Intra-Asia,consortium,2005,14,3,3748.0,5,Taiwan-Strait,54.0,54.0,70.9,1,25,64,0,50.0,none,0,0.0
2020,CAB0371,Intra-Asia,consortium,2005,15,3,3748.0,5,Taiwan-Strait,54.0,54.0,100.0,1,25,66,0,51.6,none,0,0.0
2021,CAB0371,Intra-Asia,consortium,2005,16,3,3748.0,5,Taiwan-Strait,54.0,54.0,95.9,1,25,69,0,53.2,none,0,0.0
2022,CAB0371,Intra-Asia,consortium,2005,17,3,3748.0,5,Taiwan-Strait,54.0,54.0,51.1,1,25,70,0,54.8,none,0,0.0
2023,CAB0371,Intra-Asia,consortium,2005,18,3,3748.0,5,Taiwan-Strait,54.0,54.0,94.8,1,25,70,0,56.3,none,0,1.0
2024,CAB0371,Intra-Asia,consortium,2005,19,3,3748.0,5,Taiwan-Strait,54.0,54.0,47.6,1,25,75,0,57.9,fishing_anchor,1,0.0
2025,CAB0371,Intra-Asia,consortium,2005,20,3,3748.0,5,Taiwan-Strait,54.0,54.0,100.0,1,25,77,0,59.5,none,0,1.0
2026,CAB0371,Intra-Asia,consortium,2005,21,3,3748.0,5,Taiwan-Strait,54.0,54.0,75.5,1,25,77,0,61.1,fishing_anchor,1,
2015,CAB0372,Intra-Europe,government,2002,13,11,1542.0,5,None,150.9,150.9,47.0,0,25,41,0,36.5,none,0,0.0
2016,CAB0372,Intra-Europe,government,2002,14,11,1542.0,5,None,150.9,150.9,100.0,0,25,42,0,38.1,none,0,1.0
2017,CAB0372,Intra-Europe,government,2002,15,11,1542.0,5,None,150.9,150.9,63.9,0,25,44,0,39.7,fishing_anchor,1,0.0
2018,CAB0372,Intra-Europe,government,2002,16,11,1542.0,5,None,150.9,150.9,34.7,0,25,45,0,41.3,none,0,0.0
2019,CAB0372,Intra-Europe,government,2002,17,11,1542.0,5,None,150.9,150.9,100.0,0,25,47,0,42.9,none,0,1.0
2020,CAB0372,Intra-Europe,government,2002,18,11,1542.0,5,None,150.9,150.9,61.9,0,25,49,0,44.4,fishing_anchor,1,1.0
2021,CAB0372,Intra-Europe,government,2002,19,11,1542.0,5,None,150.9,150.9,100.0,0,25,49,0,46.0,fishing_anchor,1,0.0
2022,CAB0372,Intra-Europe,government,2002,20,11,1542.0,5,None,150.9,150.9,57.5,0,25,52,0,47.6,none,0,0.0
2023,CAB0372,Intra-Europe,government,2002,21,11,1542.0,5,None,150.9,150.9,100.0,0,25,53,0,49.2,none,0,0.0
2024,CAB0372,Intra-Europe,government,2002,22,11,1542.0,5,None,150.9,150.9,64.2,0,25,53,0,50.8,none,0,0.0
2025,CAB0372,Intra-Europe,government,2002,23,11,1542.0,5,None,150.9,150.9,92.8,0,25,58,0,52.4,none,0,0.0
2026,CAB0372,Intra-Europe,government,2002,24,11,1542.0,5,None,150.9,150.9,100.0,0,25,60,0,54.0,none,0,
2016,CAB0373,Intra-Asia,carrier,2016,0,14,3300.0,6,None,472.0,131.3,37.8,1,25,59,0,0.0,fishing_anchor,1,1.0
2017,CAB0373,Intra-Asia,carrier,2016,1,14,3300.0,6,None,472.0,143.5,72.9,1,25,60,0,1.6,fishing_anchor,1,0.0
2018,CAB0373,Intra-Asia,carrier,2016,2,14,3300.0,6,None,472.0,204.1,26.2,1,25,62,0,3.2,none,0,1.0
2019,CAB0373,Intra-Asia,carrier,2016,3,14,3300.0,6,None,472.0,243.8,38.7,1,25,64,0,4.8,equipment,1,0.0
2020,CAB0373,Intra-Asia,carrier,2016,4,14,3300.0,6,None,472.0,227.1,73.9,1,25,66,0,6.3,none,0,0.0
2021,CAB0373,Intra-Asia,carrier,2016,5,14,3300.0,6,None,472.0,254.4,73.3,1,25,69,0,7.9,none,0,1.0
2022,CAB0373,Intra-Asia,carrier,2016,6,14,3300.0,6,None,472.0,274.5,81.9,1,25,70,0,9.5,equipment,1,1.0
2023,CAB0373,Intra-Asia,carrier,2016,7,14,3300.0,6,None,472.0,320.9,49.4,1,25,70,0,11.1,fishing_anchor,1,0.0
2024,CAB0373,Intra-Asia,carrier,2016,8,14,3300.0,6,None,472.0,369.1,100.0,1,25,75,0,12.7,none,0,0.0
2025,CAB0373,Intra-Asia,carrier,2016,9,14,3300.0,6,None,472.0,340.3,84.3,1,25,77,0,14.3,none,0,1.0
2026,CAB0373,Intra-Asia,carrier,2016,10,14,3300.0,6,None,472.0,402.9,66.8,1,25,77,0,15.9,fishing_anchor,1,
2017,CAB0374,Africa-Coastal,consortium,2017,0,20,4988.0,6,None,702.9,159.6,39.2,0,25,40,0,15.9,none,0,0.0
2018,CAB0374,Africa-Coastal,consortium,2017,1,20,4988.0,6,None,702.9,223.0,60.0,0,25,40,0,17.5,none,0,0.0
2019,CAB0374,Africa-Coastal,consortium,2017,2,20,4988.0,6,None,702.9,241.8,55.4,0,25,42,0,19.0,none,0,0.0
2020,CAB0374,Africa-Coastal,consortium,2017,3,20,4988.0,6,None,702.9,281.7,38.0,0,25,43,0,20.6,none,0,0.0
2021,CAB0374,Africa-Coastal,consortium,2017,4,20,4988.0,6,None,702.9,337.2,15.9,0,25,44,0,22.2,none,0,0.0
2022,CAB0374,Africa-Coastal,consortium,2017,5,20,4988.0,6,None,702.9,377.8,39.2,0,25,45,0,23.8,none,0,0.0
2023,CAB0374,Africa-Coastal,consortium,2017,6,20,4988.0,6,None,702.9,411.2,31.6,0,25,47,0,25.4,none,0,0.0
2024,CAB0374,Africa-Coastal,consortium,2017,7,20,4988.0,6,None,702.9,496.9,92.1,0,25,49,0,27.0,none,0,0.0
2025,CAB0374,Africa-Coastal,consortium,2017,8,20,4988.0,6,None,702.9,526.3,41.0,0,25,52,0,28.6,none,0,0.0
2026,CAB0374,Africa-Coastal,consortium,2017,9,20,4988.0,6,None,702.9,478.5,45.2,0,25,53,0,30.2,none,0,
2025,CAB0375,Intra-Asia,consortium,2025,0,48,6556.0,10,Taiwan-Strait,2235.4,587.4,2.9,0,25,77,0,43.7,none,0,0.0
2026,CAB0375,Intra-Asia,consortium,2025,1,48,6556.0,10,Taiwan-Strait,2235.4,715.4,38.0,0,25,77,0,45.2,none,0,
2015,CAB0376,Intra-Europe,carrier,1999,16,2,579.0,4,None,18.9,18.9,68.4,0,25,41,0,41.3,none,0,0.0
2016,CAB0376,Intra-Europe,carrier,1999,17,2,579.0,4,None,18.9,18.9,100.0,0,25,42,0,42.9,none,0,0.0
2017,CAB0376,Intra-Europe,carrier,1999,18,2,579.0,4,None,18.9,18.9,59.6,0,25,44,0,44.4,none,0,1.0
2018,CAB0376,Intra-Europe,carrier,1999,19,2,579.0,4,None,18.9,18.9,79.9,0,25,45,0,46.0,fishing_anchor,1,0.0
2019,CAB0376,Intra-Europe,carrier,1999,20,2,579.0,4,None,18.9,18.9,79.6,0,25,47,0,47.6,none,0,0.0
2020,CAB0376,Intra-Europe,carrier,1999,21,2,579.0,4,None,18.9,18.9,100.0,0,25,49,0,49.2,none,0,0.0
2021,CAB0376,Intra-Europe,carrier,1999,22,2,579.0,4,None,18.9,18.9,100.0,0,25,49,0,50.8,none,0,0.0
2022,CAB0376,Intra-Europe,carrier,1999,23,2,579.0,4,None,18.9,18.9,100.0,0,25,52,0,52.4,none,0,0.0
2023,CAB0376,Intra-Europe,carrier,1999,24,2,579.0,4,None,18.9,18.9,100.0,0,25,53,0,54.0,none,0,0.0
2024,CAB0376,Intra-Europe,carrier,1999,25,2,579.0,4,None,18.9,18.9,92.0,0,25,53,0,55.6,none,0,0.0
2025,CAB0376,Intra-Europe,carrier,1999,26,2,579.0,4,None,18.9,18.9,93.2,0,25,58,0,57.1,none,0,0.0
2026,CAB0376,Intra-Europe,carrier,1999,27,2,579.0,4,None,18.9,18.9,100.0,0,25,60,0,58.7,none,0,
2015,CAB0377,EMEA-Asia,consortium,2014,1,4,10438.0,3,None,123.4,35.0,65.1,1,25,27,1,21.4,none,0,0.0
2016,CAB0377,EMEA-Asia,consortium,2014,2,4,10438.0,3,None,123.4,46.6,10.5,1,25,29,1,23.0,none,0,0.0
2017,CAB0377,EMEA-Asia,consortium,2014,3,4,10438.0,3,None,123.4,48.1,55.4,1,25,32,1,24.6,none,0,0.0
2018,CAB0377,EMEA-Asia,consortium,2014,4,4,10438.0,3,None,123.4,54.8,47.6,1,25,34,1,26.2,none,0,0.0
2019,CAB0377,EMEA-Asia,consortium,2014,5,4,10438.0,3,None,123.4,62.5,42.4,1,25,37,1,27.8,none,0,0.0
2020,CAB0377,EMEA-Asia,consortium,2014,6,4,10438.0,3,None,123.4,75.2,25.6,1,25,40,0,9.5,none,0,0.0
2021,CAB0377,EMEA-Asia,consortium,2014,7,4,10438.0,3,None,123.4,69.2,59.1,1,25,44,0,11.1,none,0,0.0
2022,CAB0377,EMEA-Asia,consortium,2014,8,4,10438.0,3,None,123.4,92.3,70.6,1,25,45,0,12.7,none,0,0.0
2023,CAB0377,EMEA-Asia,consortium,2014,9,4,10438.0,3,None,123.4,103.0,35.7,1,25,47,0,14.3,none,0,0.0
2024,CAB0377,EMEA-Asia,consortium,2014,10,4,10438.0,3,None,123.4,99.9,46.2,1,25,48,0,15.9,none,0,0.0
2025,CAB0377,EMEA-Asia,consortium,2014,11,4,10438.0,3,None,123.4,102.0,69.6,1,25,47,0,17.5,none,0,0.0
2026,CAB0377,EMEA-Asia,consortium,2014,12,4,10438.0,3,None,123.4,123.4,58.3,1,25,47,0,19.0,none,0,
2021,CAB0378,Indian-Ocean,carrier,2021,0,8,9403.0,4,Malacca,326.9,90.1,61.9,0,25,39,1,63.5,none,0,0.0
2022,CAB0378,Indian-Ocean,carrier,2021,1,8,9403.0,4,Malacca,326.9,99.1,27.3,0,25,39,1,65.1,none,0,0.0
2023,CAB0378,Indian-Ocean,carrier,2021,2,8,9403.0,4,Malacca,326.9,132.9,51.4,0,25,40,0,46.8,none,0,0.0
2024,CAB0378,Indian-Ocean,carrier,2021,3,8,9403.0,4,Malacca,326.9,154.3,45.4,0,25,41,0,48.4,none,0,0.0
2025,CAB0378,Indian-Ocean,carrier,2021,4,8,9403.0,4,Malacca,326.9,163.5,51.5,0,25,44,0,50.0,none,0,0.0
2026,CAB0378,Indian-Ocean,carrier,2021,5,8,9403.0,4,Malacca,326.9,193.7,90.2,0,25,43,0,51.6,none,0,
2015,CAB0379,Indian-Ocean,consortium,2009,6,7,6044.0,3,Bab-el-Mandeb,166.0,101.7,61.6,1,25,31,1,57.1,none,0,0.0
2016,CAB0379,Indian-Ocean,consortium,2009,7,7,6044.0,3,Bab-el-Mandeb,166.0,111.8,65.9,1,25,33,1,58.7,none,0,1.0
2017,CAB0379,Indian-Ocean,consortium,2009,8,7,6044.0,3,Bab-el-Mandeb,166.0,125.6,32.7,1,25,33,1,60.3,fishing_anchor,1,0.0
2018,CAB0379,Indian-Ocean,consortium,2009,9,7,6044.0,3,Bab-el-Mandeb,166.0,138.5,87.8,1,25,35,1,61.9,none,0,1.0
2019,CAB0379,Indian-Ocean,consortium,2009,10,7,6044.0,3,Bab-el-Mandeb,166.0,140.1,69.9,1,25,35,1,63.5,fishing_anchor,1,0.0
2020,CAB0379,Indian-Ocean,consortium,2009,11,7,6044.0,3,Bab-el-Mandeb,166.0,159.9,52.2,1,25,36,1,65.1,none,0,0.0
2021,CAB0379,Indian-Ocean,consortium,2009,12,7,6044.0,3,Bab-el-Mandeb,166.0,166.0,73.6,1,25,39,1,66.7,none,0,0.0
2022,CAB0379,Indian-Ocean,consortium,2009,13,7,6044.0,3,Bab-el-Mandeb,166.0,166.0,46.4,1,25,39,1,68.3,none,0,0.0
2023,CAB0379,Indian-Ocean,consortium,2009,14,7,6044.0,3,Bab-el-Mandeb,166.0,163.5,60.3,1,25,40,0,50.0,none,0,1.0
2024,CAB0379,Indian-Ocean,consortium,2009,15,7,6044.0,3,Bab-el-Mandeb,166.0,166.0,85.5,1,25,41,0,51.6,fishing_anchor,1,0.0
2025,CAB0379,Indian-Ocean,consortium,2009,16,7,6044.0,3,Bab-el-Mandeb,166.0,166.0,79.0,1,25,44,0,53.2,none,0,1.0
2026,CAB0379,Indian-Ocean,consortium,2009,17,7,6044.0,3,Bab-el-Mandeb,166.0,166.0,82.0,1,25,43,0,54.8,fishing_anchor,1,
2024,CAB0380,Intra-Asia,consortium,2024,0,24,5230.0,4,Taiwan-Strait,1083.4,242.9,13.2,1,25,75,0,27.8,none,0,0.0
2025,CAB0380,Intra-Asia,consortium,2024,1,24,5230.0,4,Taiwan-Strait,1083.4,389.0,75.6,1,25,77,0,29.4,none,0,0.0
2026,CAB0380,Intra-Asia,consortium,2024,2,24,5230.0,4,Taiwan-Strait,1083.4,296.9,42.6,1,25,77,0,31.0,none,0,
2015,CAB0381,Trans-Pacific,consortium,2009,6,3,11882.0,3,None,71.1,41.3,65.3,1,25,35,1,29.4,none,0,0.0
2016,CAB0381,Trans-Pacific,consortium,2009,7,3,11882.0,3,None,71.1,50.8,84.4,1,25,37,1,31.0,none,0,0.0
2017,CAB0381,Trans-Pacific,consortium,2009,8,3,11882.0,3,None,71.1,51.6,45.5,1,25,38,1,32.5,none,0,0.0
2018,CAB0381,Trans-Pacific,consortium,2009,9,3,11882.0,3,None,71.1,53.4,62.2,1,25,39,1,34.1,none,0,0.0
2019,CAB0381,Trans-Pacific,consortium,2009,10,3,11882.0,3,None,71.1,64.4,31.3,1,25,41,0,15.9,none,0,1.0
2020,CAB0381,Trans-Pacific,consortium,2009,11,3,11882.0,3,None,71.1,67.3,52.1,1,25,42,0,17.5,fishing_anchor,1,0.0
2021,CAB0381,Trans-Pacific,consortium,2009,12,3,11882.0,3,None,71.1,64.0,53.4,1,25,43,0,19.0,none,0,0.0
2022,CAB0381,Trans-Pacific,consortium,2009,13,3,11882.0,3,None,71.1,71.1,66.9,1,25,45,0,20.6,none,0,0.0
2023,CAB0381,Trans-Pacific,consortium,2009,14,3,11882.0,3,None,71.1,71.1,71.1,1,25,47,0,22.2,none,0,1.0
2024,CAB0381,Trans-Pacific,consortium,2009,15,3,11882.0,3,None,71.1,71.1,46.3,1,25,49,0,23.8,fishing_anchor,1,0.0
2025,CAB0381,Trans-Pacific,consortium,2009,16,3,11882.0,3,None,71.1,71.1,98.3,1,25,50,0,25.4,none,0,1.0
2026,CAB0381,Trans-Pacific,consortium,2009,17,3,11882.0,3,None,71.1,71.1,53.5,1,25,48,0,27.0,fishing_anchor,1,
2015,CAB0382,Africa-Coastal,consortium,2013,2,9,9099.0,2,None,264.9,112.4,18.0,0,25,36,1,50.8,fishing_anchor,1,0.0
2016,CAB0382,Africa-Coastal,consortium,2013,3,9,9099.0,2,None,264.9,113.1,54.4,0,25,37,1,52.4,none,0,0.0
2017,CAB0382,Africa-Coastal,consortium,2013,4,9,9099.0,2,None,264.9,109.2,30.1,0,25,40,0,34.1,none,0,0.0
2018,CAB0382,Africa-Coastal,consortium,2013,5,9,9099.0,2,None,264.9,150.7,30.4,0,25,40,0,35.7,none,0,0.0
2019,CAB0382,Africa-Coastal,consortium,2013,6,9,9099.0,2,None,264.9,163.2,74.7,0,25,42,0,37.3,none,0,0.0
2020,CAB0382,Africa-Coastal,consortium,2013,7,9,9099.0,2,None,264.9,178.5,87.2,0,25,43,0,38.9,none,0,0.0
2021,CAB0382,Africa-Coastal,consortium,2013,8,9,9099.0,2,None,264.9,186.2,38.2,0,25,44,0,40.5,none,0,0.0
2022,CAB0382,Africa-Coastal,consortium,2013,9,9,9099.0,2,None,264.9,179.3,59.6,0,25,45,0,42.1,none,0,0.0
2023,CAB0382,Africa-Coastal,consortium,2013,10,9,9099.0,2,None,264.9,226.6,76.8,0,25,47,0,43.7,none,0,0.0
2024,CAB0382,Africa-Coastal,consortium,2013,11,9,9099.0,2,None,264.9,234.0,37.8,0,25,49,0,45.2,none,0,0.0
2025,CAB0382,Africa-Coastal,consortium,2013,12,9,9099.0,2,None,264.9,261.5,79.6,0,25,52,0,46.8,none,0,1.0
2026,CAB0382,Africa-Coastal,consortium,2013,13,9,9099.0,2,None,264.9,264.9,77.6,0,25,53,0,48.4,fishing_anchor,1,
2015,CAB0383,Trans-Atlantic,consortium,2010,5,16,7326.0,2,None,402.3,228.6,47.0,0,25,33,1,55.6,none,0,0.0
2016,CAB0383,Trans-Atlantic,consortium,2010,6,16,7326.0,2,None,402.3,262.6,46.9,0,25,37,1,57.1,none,0,0.0
2017,CAB0383,Trans-Atlantic,consortium,2010,7,16,7326.0,2,None,402.3,278.6,45.0,0,25,37,1,58.7,none,0,0.0
2018,CAB0383,Trans-Atlantic,consortium,2010,8,16,7326.0,2,None,402.3,283.1,63.1,0,25,40,0,40.5,none,0,0.0
2019,CAB0383,Trans-Atlantic,consortium,2010,9,16,7326.0,2,None,402.3,300.5,43.4,0,25,45,0,42.1,none,0,0.0
2020,CAB0383,Trans-Atlantic,consortium,2010,10,16,7326.0,2,None,402.3,339.6,76.0,0,25,48,0,43.7,none,0,0.0
2021,CAB0383,Trans-Atlantic,consortium,2010,11,16,7326.0,2,None,402.3,378.7,66.7,0,25,50,0,45.2,none,0,0.0
2022,CAB0383,Trans-Atlantic,consortium,2010,12,16,7326.0,2,None,402.3,357.5,63.8,0,25,51,0,46.8,none,0,0.0
2023,CAB0383,Trans-Atlantic,consortium,2010,13,16,7326.0,2,None,402.3,386.0,53.4,0,25,54,0,48.4,none,0,0.0
2024,CAB0383,Trans-Atlantic,consortium,2010,14,16,7326.0,2,None,402.3,402.3,51.7,0,25,58,0,50.0,none,0,0.0
2025,CAB0383,Trans-Atlantic,consortium,2010,15,16,7326.0,2,None,402.3,402.3,39.5,0,25,62,0,51.6,none,0,1.0
2026,CAB0383,Trans-Atlantic,consortium,2010,16,16,7326.0,2,None,402.3,402.3,82.3,0,25,63,0,53.2,equipment,1,
2016,CAB0384,Trans-Atlantic,consortium,2016,0,7,5041.0,3,None,236.0,57.9,28.3,0,25,37,1,35.7,none,0,0.0
2017,CAB0384,Trans-Atlantic,consortium,2016,1,7,5041.0,3,None,236.0,63.8,14.3,0,25,37,1,37.3,none,0,0.0
2018,CAB0384,Trans-Atlantic,consortium,2016,2,7,5041.0,3,None,236.0,72.4,68.2,0,25,40,0,19.0,none,0,0.0
2019,CAB0384,Trans-Atlantic,consortium,2016,3,7,5041.0,3,None,236.0,91.5,22.1,0,25,45,0,20.6,none,0,0.0
2020,CAB0384,Trans-Atlantic,consortium,2016,4,7,5041.0,3,None,236.0,113.9,82.2,0,25,48,0,22.2,none,0,1.0
2021,CAB0384,Trans-Atlantic,consortium,2016,5,7,5041.0,3,None,236.0,110.0,58.6,0,25,50,0,23.8,fishing_anchor,1,1.0
2022,CAB0384,Trans-Atlantic,consortium,2016,6,7,5041.0,3,None,236.0,145.8,35.5,0,25,51,0,25.4,fishing_anchor,1,0.0
2023,CAB0384,Trans-Atlantic,consortium,2016,7,7,5041.0,3,None,236.0,159.1,65.0,0,25,54,0,27.0,none,0,0.0
2024,CAB0384,Trans-Atlantic,consortium,2016,8,7,5041.0,3,None,236.0,160.4,26.2,0,25,58,0,28.6,none,0,0.0
2025,CAB0384,Trans-Atlantic,consortium,2016,9,7,5041.0,3,None,236.0,169.9,100.0,0,25,62,0,30.2,none,0,0.0
2026,CAB0384,Trans-Atlantic,consortium,2016,10,7,5041.0,3,None,236.0,183.3,28.5,0,25,63,0,31.7,none,0,
2015,CAB0385,Intra-Europe,consortium,2008,7,15,2629.0,10,None,334.3,231.0,45.8,0,25,41,0,27.0,none,0,0.0
2016,CAB0385,Intra-Europe,consortium,2008,8,15,2629.0,10,None,334.3,234.0,66.5,0,25,42,0,28.6,none,0,1.0
2017,CAB0385,Intra-Europe,consortium,2008,9,15,2629.0,10,None,334.3,264.2,32.4,0,25,44,0,30.2,fishing_anchor,1,0.0
2018,CAB0385,Intra-Europe,consortium,2008,10,15,2629.0,10,None,334.3,261.8,45.7,0,25,45,0,31.7,none,0,0.0
2019,CAB0385,Intra-Europe,consortium,2008,11,15,2629.0,10,None,334.3,274.0,30.5,0,25,47,0,33.3,none,0,1.0
2020,CAB0385,Intra-Europe,consortium,2008,12,15,2629.0,10,None,334.3,310.4,45.7,0,25,49,0,34.9,suspected_external,1,1.0
2021,CAB0385,Intra-Europe,consortium,2008,13,15,2629.0,10,None,334.3,334.3,86.1,0,25,49,0,36.5,natural_hazard,1,0.0
2022,CAB0385,Intra-Europe,consortium,2008,14,15,2629.0,10,None,334.3,334.3,61.1,0,25,52,0,38.1,none,0,0.0
2023,CAB0385,Intra-Europe,consortium,2008,15,15,2629.0,10,None,334.3,334.3,85.7,0,25,53,0,39.7,none,0,0.0
2024,CAB0385,Intra-Europe,consortium,2008,16,15,2629.0,10,None,334.3,334.3,100.0,0,25,53,0,41.3,none,0,0.0
2025,CAB0385,Intra-Europe,consortium,2008,17,15,2629.0,10,None,334.3,334.3,37.4,0,25,58,0,42.9,none,0,0.0
2026,CAB0385,Intra-Europe,consortium,2008,18,15,2629.0,10,None,334.3,334.3,88.9,0,25,60,0,44.4,none,0,
2023,CAB0386,EMEA-Asia,consortium,2023,0,11,10366.0,5,Suez,480.9,139.4,10.0,1,25,47,0,27.8,none,0,0.0
2024,CAB0386,EMEA-Asia,consortium,2023,1,11,10366.0,5,Suez,480.9,170.5,11.5,1,25,48,0,29.4,none,0,1.0
2025,CAB0386,EMEA-Asia,consortium,2023,2,11,10366.0,5,Suez,480.9,147.4,59.4,1,25,47,0,31.0,suspected_external,1,0.0
2026,CAB0386,EMEA-Asia,consortium,2023,3,11,10366.0,5,Suez,480.9,254.6,67.8,1,25,47,0,32.5,none,0,
2018,CAB0387,Indian-Ocean,hyperscaler,2018,0,21,10736.0,7,None,768.0,180.3,60.2,0,25,35,1,35.7,none,0,1.0
2019,CAB0387,Indian-Ocean,hyperscaler,2018,1,21,10736.0,7,None,768.0,250.4,70.0,0,25,35,1,37.3,fishing_anchor,1,1.0
2020,CAB0387,Indian-Ocean,hyperscaler,2018,2,21,10736.0,7,None,768.0,306.7,78.2,0,25,36,1,38.9,fishing_anchor,1,0.0
2021,CAB0387,Indian-Ocean,hyperscaler,2018,3,21,10736.0,7,None,768.0,353.4,21.4,0,25,39,1,40.5,none,0,0.0
2022,CAB0387,Indian-Ocean,hyperscaler,2018,4,21,10736.0,7,None,768.0,361.1,52.9,0,25,39,1,42.1,none,0,0.0
2023,CAB0387,Indian-Ocean,hyperscaler,2018,5,21,10736.0,7,None,768.0,404.0,52.8,0,25,40,0,23.8,none,0,0.0
2024,CAB0387,Indian-Ocean,hyperscaler,2018,6,21,10736.0,7,None,768.0,380.2,50.0,0,25,41,0,25.4,none,0,0.0
2025,CAB0387,Indian-Ocean,hyperscaler,2018,7,21,10736.0,7,None,768.0,535.1,53.9,0,25,44,0,27.0,none,0,0.0
2026,CAB0387,Indian-Ocean,hyperscaler,2018,8,21,10736.0,7,None,768.0,580.1,68.9,0,25,43,0,28.6,none,0,
2015,CAB0388,Indian-Ocean,consortium,2012,3,13,12946.0,9,Suez,364.0,166.3,83.7,1,25,31,1,52.4,none,0,0.0
2016,CAB0388,Indian-Ocean,consortium,2012,4,13,12946.0,9,Suez,364.0,170.4,83.9,1,25,33,1,54.0,none,0,0.0
2017,CAB0388,Indian-Ocean,consortium,2012,5,13,12946.0,9,Suez,364.0,230.6,64.2,1,25,33,1,55.6,none,0,0.0
2018,CAB0388,Indian-Ocean,consortium,2012,6,13,12946.0,9,Suez,364.0,243.0,44.3,1,25,35,1,57.1,none,0,0.0
2019,CAB0388,Indian-Ocean,consortium,2012,7,13,12946.0,9,Suez,364.0,241.5,20.0,1,25,35,1,58.7,none,0,1.0
2020,CAB0388,Indian-Ocean,consortium,2012,8,13,12946.0,9,Suez,364.0,247.2,70.5,1,25,36,1,60.3,fishing_anchor,1,0.0
2021,CAB0388,Indian-Ocean,consortium,2012,9,13,12946.0,9,Suez,364.0,279.2,29.9,1,25,39,1,61.9,none,0,0.0
2022,CAB0388,Indian-Ocean,consortium,2012,10,13,12946.0,9,Suez,364.0,311.7,57.3,1,25,39,1,63.5,none,0,1.0
2023,CAB0388,Indian-Ocean,consortium,2012,11,13,12946.0,9,Suez,364.0,323.0,74.4,1,25,40,0,45.2,fishing_anchor,1,0.0
2024,CAB0388,Indian-Ocean,consortium,2012,12,13,12946.0,9,Suez,364.0,352.8,72.1,1,25,41,0,46.8,none,0,0.0
2025,CAB0388,Indian-Ocean,consortium,2012,13,13,12946.0,9,Suez,364.0,356.5,100.0,1,25,44,0,48.4,none,0,0.0
2026,CAB0388,Indian-Ocean,consortium,2012,14,13,12946.0,9,Suez,364.0,364.0,50.6,1,25,43,0,50.0,none,0,
2015,CAB0389,Intra-Asia,consortium,2001,14,8,2936.0,7,Malacca,98.3,98.3,62.4,1,25,53,0,50.0,fishing_anchor,1,0.0
2016,CAB0389,Intra-Asia,consortium,2001,15,8,2936.0,7,Malacca,98.3,98.3,62.7,1,25,59,0,51.6,none,0,0.0
2017,CAB0389,Intra-Asia,consortium,2001,16,8,2936.0,7,Malacca,98.3,98.3,62.0,1,25,60,0,53.2,none,0,0.0
2018,CAB0389,Intra-Asia,consortium,2001,17,8,2936.0,7,Malacca,98.3,98.3,100.0,1,25,62,0,54.8,none,0,0.0
2019,CAB0389,Intra-Asia,consortium,2001,18,8,2936.0,7,Malacca,98.3,98.3,75.7,1,25,64,0,56.3,none,0,0.0
2020,CAB0389,Intra-Asia,consortium,2001,19,8,2936.0,7,Malacca,98.3,98.3,80.3,1,25,66,0,57.9,none,0,0.0
2021,CAB0389,Intra-Asia,consortium,2001,20,8,2936.0,7,Malacca,98.3,98.3,100.0,1,25,69,0,59.5,none,0,0.0
2022,CAB0389,Intra-Asia,consortium,2001,21,8,2936.0,7,Malacca,98.3,98.3,100.0,1,25,70,0,61.1,none,0,0.0
2023,CAB0389,Intra-Asia,consortium,2001,22,8,2936.0,7,Malacca,98.3,98.3,100.0,1,25,70,0,62.7,none,0,1.0
2024,CAB0389,Intra-Asia,consortium,2001,23,8,2936.0,7,Malacca,98.3,98.3,84.9,1,25,75,0,64.3,fishing_anchor,1,0.0
2025,CAB0389,Intra-Asia,consortium,2001,24,8,2936.0,7,Malacca,98.3,98.3,74.3,1,25,77,0,65.9,none,0,1.0
2026,CAB0389,Intra-Asia,consortium,2001,25,8,2936.0,7,Malacca,98.3,98.3,100.0,1,25,77,0,67.5,equipment,1,
2015,CAB0390,Indian-Ocean,hyperscaler,2013,2,27,9180.0,2,None,794.6,251.7,18.0,0,25,31,1,50.8,none,0,0.0
2016,CAB0390,Indian-Ocean,hyperscaler,2013,3,27,9180.0,2,None,794.6,296.7,82.3,0,25,33,1,52.4,none,0,0.0
2017,CAB0390,Indian-Ocean,hyperscaler,2013,4,27,9180.0,2,None,794.6,432.3,50.5,0,25,33,1,54.0,none,0,0.0
2018,CAB0390,Indian-Ocean,hyperscaler,2013,5,27,9180.0,2,None,794.6,383.7,43.5,0,25,35,1,55.6,none,0,0.0
2019,CAB0390,Indian-Ocean,hyperscaler,2013,6,27,9180.0,2,None,794.6,479.8,24.5,0,25,35,1,57.1,none,0,1.0
2020,CAB0390,Indian-Ocean,hyperscaler,2013,7,27,9180.0,2,None,794.6,585.2,32.0,0,25,36,1,58.7,natural_hazard,1,0.0
2021,CAB0390,Indian-Ocean,hyperscaler,2013,8,27,9180.0,2,None,794.6,597.8,54.5,0,25,39,1,60.3,none,0,0.0
2022,CAB0390,Indian-Ocean,hyperscaler,2013,9,27,9180.0,2,None,794.6,654.4,53.8,0,25,39,1,61.9,none,0,0.0
2023,CAB0390,Indian-Ocean,hyperscaler,2013,10,27,9180.0,2,None,794.6,636.0,41.9,0,25,40,0,43.7,none,0,0.0
2024,CAB0390,Indian-Ocean,hyperscaler,2013,11,27,9180.0,2,None,794.6,722.7,67.6,0,25,41,0,45.2,none,0,0.0
2025,CAB0390,Indian-Ocean,hyperscaler,2013,12,27,9180.0,2,None,794.6,713.2,63.1,0,25,44,0,46.8,none,0,0.0
2026,CAB0390,Indian-Ocean,hyperscaler,2013,13,27,9180.0,2,None,794.6,794.6,45.2,0,25,43,0,48.4,none,0,
2015,CAB0391,EMEA-Asia,hyperscaler,2003,12,12,16405.0,5,None,181.7,177.3,42.8,0,25,27,1,54.8,none,0,0.0
2016,CAB0391,EMEA-Asia,hyperscaler,2003,13,12,16405.0,5,None,181.7,177.0,45.4,0,25,29,1,56.3,none,0,1.0
2017,CAB0391,EMEA-Asia,hyperscaler,2003,14,12,16405.0,5,None,181.7,181.7,67.7,0,25,32,1,57.9,fishing_anchor,1,0.0
2018,CAB0391,EMEA-Asia,hyperscaler,2003,15,12,16405.0,5,None,181.7,181.7,57.2,0,25,34,1,59.5,none,0,0.0
2019,CAB0391,EMEA-Asia,hyperscaler,2003,16,12,16405.0,5,None,181.7,181.7,100.0,0,25,37,1,61.1,none,0,0.0
2020,CAB0391,EMEA-Asia,hyperscaler,2003,17,12,16405.0,5,None,181.7,181.7,98.3,0,25,40,0,42.9,none,0,1.0
2021,CAB0391,EMEA-Asia,hyperscaler,2003,18,12,16405.0,5,None,181.7,181.7,100.0,0,25,44,0,44.4,fishing_anchor,1,1.0
2022,CAB0391,EMEA-Asia,hyperscaler,2003,19,12,16405.0,5,None,181.7,181.7,56.5,0,25,45,0,46.0,fishing_anchor,1,0.0
2023,CAB0391,EMEA-Asia,hyperscaler,2003,20,12,16405.0,5,None,181.7,181.7,74.3,0,25,47,0,47.6,none,0,0.0
2024,CAB0391,EMEA-Asia,hyperscaler,2003,21,12,16405.0,5,None,181.7,181.7,100.0,0,25,48,0,49.2,none,0,0.0
2025,CAB0391,EMEA-Asia,hyperscaler,2003,22,12,16405.0,5,None,181.7,181.7,70.4,0,25,47,0,50.8,none,0,0.0
2026,CAB0391,EMEA-Asia,hyperscaler,2003,23,12,16405.0,5,None,181.7,181.7,100.0,0,25,47,0,52.4,none,0,
2015,CAB0392,EMEA-Asia,consortium,1999,16,2,11717.0,7,None,18.9,18.9,53.1,1,25,27,1,45.2,none,0,0.0
2016,CAB0392,EMEA-Asia,consortium,1999,17,2,11717.0,7,None,18.9,18.9,100.0,1,25,29,1,46.8,none,0,0.0
2017,CAB0392,EMEA-Asia,consortium,1999,18,2,11717.0,7,None,18.9,18.9,100.0,1,25,32,1,48.4,none,0,0.0
2018,CAB0392,EMEA-Asia,consortium,1999,19,2,11717.0,7,None,18.9,18.9,70.8,1,25,34,1,50.0,none,0,0.0
2019,CAB0392,EMEA-Asia,consortium,1999,20,2,11717.0,7,None,18.9,18.9,78.6,1,25,37,1,51.6,none,0,0.0
2020,CAB0392,EMEA-Asia,consortium,1999,21,2,11717.0,7,None,18.9,18.9,90.1,1,25,40,0,33.3,none,0,0.0
2021,CAB0392,EMEA-Asia,consortium,1999,22,2,11717.0,7,None,18.9,18.9,100.0,1,25,44,0,34.9,none,0,0.0
2022,CAB0392,EMEA-Asia,consortium,1999,23,2,11717.0,7,None,18.9,18.9,77.6,1,25,45,0,36.5,none,0,0.0
2023,CAB0392,EMEA-Asia,consortium,1999,24,2,11717.0,7,None,18.9,18.9,100.0,1,25,47,0,38.1,none,0,0.0
2024,CAB0392,EMEA-Asia,consortium,1999,25,2,11717.0,7,None,18.9,18.9,65.0,1,25,48,0,39.7,none,0,0.0
2025,CAB0392,EMEA-Asia,consortium,1999,26,2,11717.0,7,None,18.9,18.9,95.5,1,25,47,0,41.3,none,0,
2015,CAB0393,Trans-Pacific,carrier,2010,5,8,14258.0,5,None,201.1,113.6,50.0,0,25,35,1,43.7,none,0,1.0
2016,CAB0393,Trans-Pacific,carrier,2010,6,8,14258.0,5,None,201.1,124.9,87.8,0,25,37,1,45.2,fishing_anchor,1,1.0
2017,CAB0393,Trans-Pacific,carrier,2010,7,8,14258.0,5,None,201.1,131.4,65.0,0,25,38,1,46.8,equipment,1,1.0
2018,CAB0393,Trans-Pacific,carrier,2010,8,8,14258.0,5,None,201.1,139.8,40.3,0,25,39,1,48.4,fishing_anchor,1,0.0
2019,CAB0393,Trans-Pacific,carrier,2010,9,8,14258.0,5,None,201.1,163.8,84.5,0,25,41,0,30.2,none,0,1.0
2020,CAB0393,Trans-Pacific,carrier,2010,10,8,14258.0,5,None,201.1,167.5,82.4,0,25,42,0,31.7,fishing_anchor,1,1.0
2021,CAB0393,Trans-Pacific,carrier,2010,11,8,14258.0,5,None,201.1,179.0,62.6,0,25,43,0,33.3,equipment,1,1.0
2022,CAB0393,Trans-Pacific,carrier,2010,12,8,14258.0,5,None,201.1,201.1,88.9,0,25,45,0,34.9,fishing_anchor,1,0.0
2023,CAB0393,Trans-Pacific,carrier,2010,13,8,14258.0,5,None,201.1,201.1,31.8,0,25,47,0,36.5,none,0,0.0
2024,CAB0393,Trans-Pacific,carrier,2010,14,8,14258.0,5,None,201.1,201.1,63.4,0,25,49,0,38.1,none,0,0.0
2025,CAB0393,Trans-Pacific,carrier,2010,15,8,14258.0,5,None,201.1,201.1,58.5,0,25,50,0,39.7,none,0,1.0
2026,CAB0393,Trans-Pacific,carrier,2010,16,8,14258.0,5,None,201.1,201.1,53.6,0,25,48,0,41.3,fishing_anchor,1,
2022,CAB0394,EMEA-Asia,hyperscaler,2022,0,8,17095.0,3,None,338.3,87.5,47.9,1,25,45,0,0.0,fishing_anchor,1,1.0
2023,CAB0394,EMEA-Asia,hyperscaler,2022,1,8,17095.0,3,None,338.3,125.5,65.9,1,25,47,0,1.6,fishing_anchor,1,0.0
2024,CAB0394,EMEA-Asia,hyperscaler,2022,2,8,17095.0,3,None,338.3,108.6,46.2,1,25,48,0,3.2,none,0,0.0
2025,CAB0394,EMEA-Asia,hyperscaler,2022,3,8,17095.0,3,None,338.3,158.4,46.9,1,25,47,0,4.8,none,0,0.0
2026,CAB0394,EMEA-Asia,hyperscaler,2022,4,8,17095.0,3,None,338.3,168.2,31.9,1,25,47,0,6.3,none,0,
2021,CAB0395,Americas,consortium,2021,0,8,5776.0,3,None,326.9,65.7,19.1,0,25,37,1,35.7,none,0,0.0
2022,CAB0395,Americas,consortium,2021,1,8,5776.0,3,None,326.9,119.6,30.4,0,25,37,1,37.3,none,0,0.0
2023,CAB0395,Americas,consortium,2021,2,8,5776.0,3,None,326.9,122.3,10.6,0,25,37,1,38.9,none,0,0.0
2024,CAB0395,Americas,consortium,2021,3,8,5776.0,3,None,326.9,140.0,83.3,0,25,39,1,40.5,none,0,1.0
2025,CAB0395,Americas,consortium,2021,4,8,5776.0,3,None,326.9,139.0,54.7,0,25,39,1,42.1,fishing_anchor,1,0.0
2026,CAB0395,Americas,consortium,2021,5,8,5776.0,3,None,326.9,190.3,61.5,0,25,40,0,23.8,none,0,
2019,CAB0396,Trans-Atlantic,consortium,2019,0,16,6550.0,7,None,608.0,134.5,58.5,0,25,45,0,15.9,none,0,0.0
2020,CAB0396,Trans-Atlantic,consortium,2019,1,16,6550.0,7,None,608.0,239.4,35.1,0,25,48,0,17.5,none,0,0.0
2021,CAB0396,Trans-Atlantic,consortium,2019,2,16,6550.0,7,None,608.0,251.9,41.6,0,25,50,0,19.0,none,0,0.0
2022,CAB0396,Trans-Atlantic,consortium,2019,3,16,6550.0,7,None,608.0,245.9,40.0,0,25,51,0,20.6,none,0,0.0
2023,CAB0396,Trans-Atlantic,consortium,2019,4,16,6550.0,7,None,608.0,288.9,74.2,0,25,54,0,22.2,none,0,0.0
2024,CAB0396,Trans-Atlantic,consortium,2019,5,16,6550.0,7,None,608.0,326.5,55.4,0,25,58,0,23.8,none,0,0.0
2025,CAB0396,Trans-Atlantic,consortium,2019,6,16,6550.0,7,None,608.0,400.5,40.0,0,25,62,0,25.4,none,0,0.0
2026,CAB0396,Trans-Atlantic,consortium,2019,7,16,6550.0,7,None,608.0,438.5,87.9,0,25,63,0,27.0,none,0,
2015,CAB0397,Intra-Europe,consortium,2002,13,2,1028.0,11,None,27.4,27.4,59.6,0,25,41,0,36.5,none,0,0.0
2016,CAB0397,Intra-Europe,consortium,2002,14,2,1028.0,11,None,27.4,27.4,42.9,0,25,42,0,38.1,none,0,0.0
2017,CAB0397,Intra-Europe,consortium,2002,15,2,1028.0,11,None,27.4,27.4,70.5,0,25,44,0,39.7,none,0,0.0
2018,CAB0397,Intra-Europe,consortium,2002,16,2,1028.0,11,None,27.4,27.4,58.8,0,25,45,0,41.3,none,0,0.0
2019,CAB0397,Intra-Europe,consortium,2002,17,2,1028.0,11,None,27.4,27.4,73.5,0,25,47,0,42.9,none,0,0.0
2020,CAB0397,Intra-Europe,consortium,2002,18,2,1028.0,11,None,27.4,27.4,96.4,0,25,49,0,44.4,none,0,1.0
2021,CAB0397,Intra-Europe,consortium,2002,19,2,1028.0,11,None,27.4,27.4,100.0,0,25,49,0,46.0,natural_hazard,1,0.0
2022,CAB0397,Intra-Europe,consortium,2002,20,2,1028.0,11,None,27.4,27.4,62.1,0,25,52,0,47.6,none,0,0.0
2023,CAB0397,Intra-Europe,consortium,2002,21,2,1028.0,11,None,27.4,27.4,93.5,0,25,53,0,49.2,none,0,0.0
2024,CAB0397,Intra-Europe,consortium,2002,22,2,1028.0,11,None,27.4,27.4,71.0,0,25,53,0,50.8,none,0,0.0
2025,CAB0397,Intra-Europe,consortium,2002,23,2,1028.0,11,None,27.4,27.4,66.0,0,25,58,0,52.4,none,0,1.0
2026,CAB0397,Intra-Europe,consortium,2002,24,2,1028.0,11,None,27.4,27.4,72.5,0,25,60,0,54.0,suspected_external,1,
2015,CAB0398,Intra-Pacific-Islands,hyperscaler,2015,0,14,2508.0,4,None,452.0,143.4,15.8,1,25,28,1,19.8,none,0,0.0
2016,CAB0398,Intra-Pacific-Islands,hyperscaler,2015,1,14,2508.0,4,None,452.0,102.6,56.3,1,25,29,1,21.4,none,0,0.0
2017,CAB0398,Intra-Pacific-Islands,hyperscaler,2015,2,14,2508.0,4,None,452.0,144.1,48.2,1,25,29,1,23.0,none,0,0.0
2018,CAB0398,Intra-Pacific-Islands,hyperscaler,2015,3,14,2508.0,4,None,452.0,197.5,39.9,1,25,30,1,24.6,none,0,0.0
2019,CAB0398,Intra-Pacific-Islands,hyperscaler,2015,4,14,2508.0,4,None,452.0,227.6,23.7,1,25,35,1,26.2,none,0,0.0
2020,CAB0398,Intra-Pacific-Islands,hyperscaler,2015,5,14,2508.0,4,None,452.0,216.0,15.3,1,25,40,0,7.9,none,0,0.0
2021,CAB0398,Intra-Pacific-Islands,hyperscaler,2015,6,14,2508.0,4,None,452.0,246.4,26.3,1,25,41,0,9.5,none,0,0.0
2022,CAB0398,Intra-Pacific-Islands,hyperscaler,2015,7,14,2508.0,4,None,452.0,257.9,40.5,1,25,43,0,11.1,none,0,0.0
2023,CAB0398,Intra-Pacific-Islands,hyperscaler,2015,8,14,2508.0,4,None,452.0,346.1,55.7,1,25,45,0,12.7,none,0,0.0
2024,CAB0398,Intra-Pacific-Islands,hyperscaler,2015,9,14,2508.0,4,None,452.0,346.9,52.9,1,25,48,0,14.3,none,0,0.0
2025,CAB0398,Intra-Pacific-Islands,hyperscaler,2015,10,14,2508.0,4,None,452.0,412.4,55.5,1,25,50,0,15.9,none,0,0.0
2026,CAB0398,Intra-Pacific-Islands,hyperscaler,2015,11,14,2508.0,4,None,452.0,428.1,61.0,1,25,51,0,17.5,none,0,
2015,CAB0399,Americas,consortium,2002,13,17,2541.0,7,None,233.1,233.1,91.6,1,25,28,1,40.5,fishing_anchor,1,0.0
2016,CAB0399,Americas,consortium,2002,14,17,2541.0,7,None,233.1,233.1,76.3,1,25,29,1,42.1,none,0,0.0
2017,CAB0399,Americas,consortium,2002,15,17,2541.0,7,None,233.1,233.1,64.8,1,25,29,1,43.7,none,0,1.0
2018,CAB0399,Americas,consortium,2002,16,17,2541.0,7,None,233.1,233.1,58.6,1,25,31,1,45.2,fishing_anchor,1,0.0
2019,CAB0399,Americas,consortium,2002,17,17,2541.0,7,None,233.1,233.1,76.5,1,25,32,1,46.8,none,0,0.0
2020,CAB0399,Americas,consortium,2002,18,17,2541.0,7,None,233.1,233.1,100.0,1,25,33,1,48.4,none,0,0.0
2021,CAB0399,Americas,consortium,2002,19,17,2541.0,7,None,233.1,233.1,60.5,1,25,37,1,50.0,none,0,0.0
2022,CAB0399,Americas,consortium,2002,20,17,2541.0,7,None,233.1,233.1,80.8,1,25,37,1,51.6,none,0,0.0
2023,CAB0399,Americas,consortium,2002,21,17,2541.0,7,None,233.1,233.1,67.7,1,25,37,1,53.2,none,0,0.0
2024,CAB0399,Americas,consortium,2002,22,17,2541.0,7,None,233.1,233.1,100.0,1,25,39,1,54.8,none,0,0.0
2025,CAB0399,Americas,consortium,2002,23,17,2541.0,7,None,233.1,233.1,90.0,1,25,39,1,56.3,none,0,0.0
2026,CAB0399,Americas,consortium,2002,24,17,2541.0,7,None,233.1,233.1,93.8,1,25,40,0,38.1,none,0,
2015,CAB0400,Intra-Asia,hyperscaler,2000,15,2,5961.0,4,Luzon-Strait,21.7,21.7,73.3,1,25,53,0,51.6,none,0,0.0
2016,CAB0400,Intra-Asia,hyperscaler,2000,16,2,5961.0,4,Luzon-Strait,21.7,21.7,63.6,1,25,59,0,53.2,none,0,1.0
2017,CAB0400,Intra-Asia,hyperscaler,2000,17,2,5961.0,4,Luzon-Strait,21.7,21.7,46.1,1,25,60,0,54.8,fishing_anchor,1,1.0
2018,CAB0400,Intra-Asia,hyperscaler,2000,18,2,5961.0,4,Luzon-Strait,21.7,21.7,100.0,1,25,62,0,56.3,fishing_anchor,1,1.0
2019,CAB0400,Intra-Asia,hyperscaler,2000,19,2,5961.0,4,Luzon-Strait,21.7,21.7,64.3,1,25,64,0,57.9,fishing_anchor,1,1.0
2020,CAB0400,Intra-Asia,hyperscaler,2000,20,2,5961.0,4,Luzon-Strait,21.7,21.7,68.5,1,25,66,0,59.5,natural_hazard,1,1.0
2021,CAB0400,Intra-Asia,hyperscaler,2000,21,2,5961.0,4,Luzon-Strait,21.7,21.7,100.0,1,25,69,0,61.1,fishing_anchor,1,1.0
2022,CAB0400,Intra-Asia,hyperscaler,2000,22,2,5961.0,4,Luzon-Strait,21.7,21.7,100.0,1,25,70,0,62.7,equipment,1,0.0
2023,CAB0400,Intra-Asia,hyperscaler,2000,23,2,5961.0,4,Luzon-Strait,21.7,21.7,94.5,1,25,70,0,64.3,none,0,0.0
2024,CAB0400,Intra-Asia,hyperscaler,2000,24,2,5961.0,4,Luzon-Strait,21.7,21.7,100.0,1,25,75,0,65.9,none,0,1.0
2025,CAB0400,Intra-Asia,hyperscaler,2000,25,2,5961.0,4,Luzon-Strait,21.7,21.7,97.6,1,25,77,0,67.5,fishing_anchor,1,0.0
2026,CAB0400,Intra-Asia,hyperscaler,2000,26,2,5961.0,4,Luzon-Strait,21.7,21.7,92.8,1,25,77,0,69.0,none,0,
2025,CAB0401,Intra-Asia,consortium,2025,0,12,1650.0,3,None,558.9,115.6,69.3,0,25,77,0,15.9,none,0,0.0
2026,CAB0401,Intra-Asia,consortium,2025,1,12,1650.0,3,None,558.9,202.2,58.2,0,25,77,0,17.5,none,0,
2015,CAB0402,Intra-Asia,government,2010,5,4,4409.0,7,Luzon-Strait,100.6,56.3,31.3,0,25,53,0,51.6,none,0,0.0
2016,CAB0402,Intra-Asia,government,2010,6,4,4409.0,7,Luzon-Strait,100.6,56.5,65.3,0,25,59,0,53.2,none,0,0.0
2017,CAB0402,Intra-Asia,government,2010,7,4,4409.0,7,Luzon-Strait,100.6,67.5,61.7,0,25,60,0,54.8,none,0,0.0
2018,CAB0402,Intra-Asia,government,2010,8,4,4409.0,7,Luzon-Strait,100.6,78.7,71.0,0,25,62,0,56.3,none,0,0.0
2019,CAB0402,Intra-Asia,government,2010,9,4,4409.0,7,Luzon-Strait,100.6,73.0,63.9,0,25,64,0,57.9,none,0,1.0
2020,CAB0402,Intra-Asia,government,2010,10,4,4409.0,7,Luzon-Strait,100.6,84.5,63.9,0,25,66,0,59.5,fishing_anchor,1,0.0
2021,CAB0402,Intra-Asia,government,2010,11,4,4409.0,7,Luzon-Strait,100.6,87.1,85.3,0,25,69,0,61.1,none,0,0.0
2022,CAB0402,Intra-Asia,government,2010,12,4,4409.0,7,Luzon-Strait,100.6,95.5,63.3,0,25,70,0,62.7,none,0,0.0
2023,CAB0402,Intra-Asia,government,2010,13,4,4409.0,7,Luzon-Strait,100.6,100.6,73.3,0,25,70,0,64.3,none,0,1.0
2024,CAB0402,Intra-Asia,government,2010,14,4,4409.0,7,Luzon-Strait,100.6,100.6,71.7,0,25,75,0,65.9,equipment,1,0.0
2025,CAB0402,Intra-Asia,government,2010,15,4,4409.0,7,Luzon-Strait,100.6,100.6,98.4,0,25,77,0,67.5,none,0,0.0
2026,CAB0402,Intra-Asia,government,2010,16,4,4409.0,7,Luzon-Strait,100.6,100.6,97.2,0,25,77,0,69.0,none,0,
2015,CAB0403,Intra-Europe,consortium,2004,11,3,1646.0,7,None,49.7,45.1,97.3,1,25,41,0,17.5,none,0,0.0
2016,CAB0403,Intra-Europe,consortium,2004,12,3,1646.0,7,None,49.7,45.8,63.5,1,25,42,0,19.0,none,0,0.0
2017,CAB0403,Intra-Europe,consortium,2004,13,3,1646.0,7,None,49.7,49.7,72.1,1,25,44,0,20.6,none,0,0.0
2018,CAB0403,Intra-Europe,consortium,2004,14,3,1646.0,7,None,49.7,49.7,93.9,1,25,45,0,22.2,none,0,0.0
2019,CAB0403,Intra-Europe,consortium,2004,15,3,1646.0,7,None,49.7,49.7,96.4,1,25,47,0,23.8,none,0,0.0
2020,CAB0403,Intra-Europe,consortium,2004,16,3,1646.0,7,None,49.7,49.7,63.3,1,25,49,0,25.4,none,0,1.0
2021,CAB0403,Intra-Europe,consortium,2004,17,3,1646.0,7,None,49.7,49.7,100.0,1,25,49,0,27.0,natural_hazard,1,0.0
2022,CAB0403,Intra-Europe,consortium,2004,18,3,1646.0,7,None,49.7,49.7,88.9,1,25,52,0,28.6,none,0,0.0
2023,CAB0403,Intra-Europe,consortium,2004,19,3,1646.0,7,None,49.7,49.7,55.4,1,25,53,0,30.2,none,0,0.0
2024,CAB0403,Intra-Europe,consortium,2004,20,3,1646.0,7,None,49.7,49.7,100.0,1,25,53,0,31.7,none,0,0.0
2025,CAB0403,Intra-Europe,consortium,2004,21,3,1646.0,7,None,49.7,49.7,65.6,1,25,58,0,33.3,none,0,0.0
2026,CAB0403,Intra-Europe,consortium,2004,22,3,1646.0,7,None,49.7,49.7,86.3,1,25,60,0,34.9,none,0,
2015,CAB0404,Americas,government,2009,6,11,2788.0,7,Panama,260.9,161.5,26.0,0,25,28,1,73.0,equipment,1,0.0
2016,CAB0404,Americas,government,2009,7,11,2788.0,7,Panama,260.9,173.7,46.1,0,25,29,1,74.6,none,0,1.0
2017,CAB0404,Americas,government,2009,8,11,2788.0,7,Panama,260.9,172.0,44.9,0,25,29,1,76.2,fishing_anchor,1,1.0
2018,CAB0404,Americas,government,2009,9,11,2788.0,7,Panama,260.9,196.2,80.5,0,25,31,1,77.8,suspected_external,1,0.0
2019,CAB0404,Americas,government,2009,10,11,2788.0,7,Panama,260.9,206.7,41.2,0,25,32,1,79.4,none,0,1.0
2020,CAB0404,Americas,government,2009,11,11,2788.0,7,Panama,260.9,230.2,56.1,0,25,33,1,81.0,fishing_anchor,1,1.0
2021,CAB0404,Americas,government,2009,12,11,2788.0,7,Panama,260.9,247.5,58.4,0,25,37,1,82.5,fishing_anchor,1,1.0
2022,CAB0404,Americas,government,2009,13,11,2788.0,7,Panama,260.9,260.9,64.6,0,25,37,1,84.1,natural_hazard,1,1.0
2023,CAB0404,Americas,government,2009,14,11,2788.0,7,Panama,260.9,260.9,33.0,0,25,37,1,85.7,equipment,1,1.0
2024,CAB0404,Americas,government,2009,15,11,2788.0,7,Panama,260.9,260.9,64.2,0,25,39,1,87.3,fishing_anchor,1,0.0
2025,CAB0404,Americas,government,2009,16,11,2788.0,7,Panama,260.9,260.9,39.9,0,25,39,1,88.9,none,0,1.0
2026,CAB0404,Americas,government,2009,17,11,2788.0,7,Panama,260.9,260.9,100.0,0,25,40,0,70.6,fishing_anchor,1,
2015,CAB0405,Africa-Coastal,hyperscaler,2002,13,17,10177.0,6,None,233.1,229.5,80.4,1,25,36,1,40.5,none,0,1.0
2016,CAB0405,Africa-Coastal,hyperscaler,2002,14,17,10177.0,6,None,233.1,233.1,65.9,1,25,37,1,42.1,fishing_anchor,1,0.0
2017,CAB0405,Africa-Coastal,hyperscaler,2002,15,17,10177.0,6,None,233.1,233.1,83.6,1,25,40,0,23.8,none,0,1.0
2018,CAB0405,Africa-Coastal,hyperscaler,2002,16,17,10177.0,6,None,233.1,233.1,94.8,1,25,40,0,25.4,fishing_anchor,1,0.0
2019,CAB0405,Africa-Coastal,hyperscaler,2002,17,17,10177.0,6,None,233.1,233.1,78.6,1,25,42,0,27.0,none,0,0.0
2020,CAB0405,Africa-Coastal,hyperscaler,2002,18,17,10177.0,6,None,233.1,233.1,57.2,1,25,43,0,28.6,none,0,1.0
2021,CAB0405,Africa-Coastal,hyperscaler,2002,19,17,10177.0,6,None,233.1,233.1,100.0,1,25,44,0,30.2,fishing_anchor,1,0.0
2022,CAB0405,Africa-Coastal,hyperscaler,2002,20,17,10177.0,6,None,233.1,233.1,85.3,1,25,45,0,31.7,none,0,0.0
2023,CAB0405,Africa-Coastal,hyperscaler,2002,21,17,10177.0,6,None,233.1,233.1,100.0,1,25,47,0,33.3,none,0,0.0
2024,CAB0405,Africa-Coastal,hyperscaler,2002,22,17,10177.0,6,None,233.1,233.1,81.8,1,25,49,0,34.9,none,0,0.0
2025,CAB0405,Africa-Coastal,hyperscaler,2002,23,17,10177.0,6,None,233.1,233.1,65.2,1,25,52,0,36.5,none,0,0.0
2026,CAB0405,Africa-Coastal,hyperscaler,2002,24,17,10177.0,6,None,233.1,233.1,79.4,1,25,53,0,38.1,none,0,
2017,CAB0406,EMEA-Asia,carrier,2017,0,30,16244.0,4,Bab-el-Mandeb,1054.3,227.2,50.8,0,25,32,1,63.5,equipment,1,0.0
2018,CAB0406,EMEA-Asia,carrier,2017,1,30,16244.0,4,Bab-el-Mandeb,1054.3,333.9,43.5,0,25,34,1,65.1,none,0,0.0
2019,CAB0406,EMEA-Asia,carrier,2017,2,30,16244.0,4,Bab-el-Mandeb,1054.3,420.6,21.3,0,25,37,1,66.7,none,0,1.0
2020,CAB0406,EMEA-Asia,carrier,2017,3,30,16244.0,4,Bab-el-Mandeb,1054.3,425.6,18.4,0,25,40,0,48.4,fishing_anchor,1,1.0
2021,CAB0406,EMEA-Asia,carrier,2017,4,30,16244.0,4,Bab-el-Mandeb,1054.3,520.7,67.3,0,25,44,0,50.0,fishing_anchor,1,0.0
2022,CAB0406,EMEA-Asia,carrier,2017,5,30,16244.0,4,Bab-el-Mandeb,1054.3,588.0,35.8,0,25,45,0,51.6,none,0,1.0
2023,CAB0406,EMEA-Asia,carrier,2017,6,30,16244.0,4,Bab-el-Mandeb,1054.3,517.4,40.1,0,25,47,0,53.2,suspected_external,1,1.0
2024,CAB0406,EMEA-Asia,carrier,2017,7,30,16244.0,4,Bab-el-Mandeb,1054.3,656.6,31.2,0,25,48,0,54.8,equipment,1,0.0
2025,CAB0406,EMEA-Asia,carrier,2017,8,30,16244.0,4,Bab-el-Mandeb,1054.3,788.4,100.0,0,25,47,0,56.3,none,0,0.0
2026,CAB0406,EMEA-Asia,carrier,2017,9,30,16244.0,4,Bab-el-Mandeb,1054.3,845.7,90.6,0,25,47,0,57.9,none,0,
2025,CAB0407,Trans-Atlantic,consortium,2025,0,12,5268.0,7,None,558.9,131.1,19.6,1,25,62,0,0.0,none,0,0.0
2026,CAB0407,Trans-Atlantic,consortium,2025,1,12,5268.0,7,None,558.9,166.2,65.6,1,25,63,0,1.6,none,0,
2015,CAB0408,Africa-Coastal,carrier,2013,2,4,13828.0,7,None,117.7,49.0,62.2,0,25,36,1,38.9,none,0,0.0
2016,CAB0408,Africa-Coastal,carrier,2013,3,4,13828.0,7,None,117.7,44.8,44.8,0,25,37,1,40.5,none,0,0.0
2017,CAB0408,Africa-Coastal,carrier,2013,4,4,13828.0,7,None,117.7,70.3,27.4,0,25,40,0,22.2,none,0,1.0
2018,CAB0408,Africa-Coastal,carrier,2013,5,4,13828.0,7,None,117.7,66.7,30.8,0,25,40,0,23.8,equipment,1,0.0
2019,CAB0408,Africa-Coastal,carrier,2013,6,4,13828.0,7,None,117.7,59.2,42.4,0,25,42,0,25.4,none,0,0.0
2020,CAB0408,Africa-Coastal,carrier,2013,7,4,13828.0,7,None,117.7,80.7,61.3,0,25,43,0,27.0,none,0,0.0
2021,CAB0408,Africa-Coastal,carrier,2013,8,4,13828.0,7,None,117.7,85.3,72.3,0,25,44,0,28.6,none,0,1.0
2022,CAB0408,Africa-Coastal,carrier,2013,9,4,13828.0,7,None,117.7,85.2,64.4,0,25,45,0,30.2,equipment,1,0.0
2023,CAB0408,Africa-Coastal,carrier,2013,10,4,13828.0,7,None,117.7,101.2,66.4,0,25,47,0,31.7,none,0,0.0
2024,CAB0408,Africa-Coastal,carrier,2013,11,4,13828.0,7,None,117.7,112.6,67.8,0,25,49,0,33.3,none,0,0.0
2025,CAB0408,Africa-Coastal,carrier,2013,12,4,13828.0,7,None,117.7,117.7,74.3,0,25,52,0,34.9,none,0,1.0
2026,CAB0408,Africa-Coastal,carrier,2013,13,4,13828.0,7,None,117.7,115.6,51.6,0,25,53,0,36.5,fishing_anchor,1,
2023,CAB0409,Trans-Pacific,consortium,2023,0,8,9494.0,4,None,349.7,108.7,50.9,0,25,47,0,15.9,none,0,0.0
2024,CAB0409,Trans-Pacific,consortium,2023,1,8,9494.0,4,None,349.7,103.8,23.7,0,25,49,0,17.5,none,0,0.0
2025,CAB0409,Trans-Pacific,consortium,2023,2,8,9494.0,4,None,349.7,95.3,65.6,0,25,50,0,19.0,none,0,0.0
2026,CAB0409,Trans-Pacific,consortium,2023,3,8,9494.0,4,None,349.7,141.9,31.8,0,25,48,0,20.6,none,0,
2015,CAB0410,Intra-Asia,consortium,2014,1,7,5630.0,5,None,216.0,73.8,84.1,0,25,53,0,17.5,none,0,0.0
2016,CAB0410,Intra-Asia,consortium,2014,2,7,5630.0,5,None,216.0,87.1,33.5,0,25,59,0,19.0,none,0,0.0
2017,CAB0410,Intra-Asia,consortium,2014,3,7,5630.0,5,None,216.0,94.0,40.7,0,25,60,0,20.6,none,0,0.0
2018,CAB0410,Intra-Asia,consortium,2014,4,7,5630.0,5,None,216.0,95.1,42.3,0,25,62,0,22.2,none,0,0.0
2019,CAB0410,Intra-Asia,consortium,2014,5,7,5630.0,5,None,216.0,138.9,53.7,0,25,64,0,23.8,none,0,0.0
2020,CAB0410,Intra-Asia,consortium,2014,6,7,5630.0,5,None,216.0,133.2,46.3,0,25,66,0,25.4,none,0,0.0
2021,CAB0410,Intra-Asia,consortium,2014,7,7,5630.0,5,None,216.0,151.3,46.6,0,25,69,0,27.0,none,0,0.0
2022,CAB0410,Intra-Asia,consortium,2014,8,7,5630.0,5,None,216.0,154.2,73.5,0,25,70,0,28.6,none,0,0.0
2023,CAB0410,Intra-Asia,consortium,2014,9,7,5630.0,5,None,216.0,157.2,57.2,0,25,70,0,30.2,none,0,0.0
2024,CAB0410,Intra-Asia,consortium,2014,10,7,5630.0,5,None,216.0,180.3,38.0,0,25,75,0,31.7,none,0,0.0
2025,CAB0410,Intra-Asia,consortium,2014,11,7,5630.0,5,None,216.0,206.1,31.3,0,25,77,0,33.3,none,0,0.0
2026,CAB0410,Intra-Asia,consortium,2014,12,7,5630.0,5,None,216.0,213.9,50.3,0,25,77,0,34.9,none,0,
2020,CAB0411,Intra-Europe,consortium,2020,0,33,2646.0,6,None,1301.1,460.4,35.7,1,25,49,0,0.0,none,0,0.0
2021,CAB0411,Intra-Europe,consortium,2020,1,33,2646.0,6,None,1301.1,443.0,39.1,1,25,49,0,1.6,none,0,0.0
2022,CAB0411,Intra-Europe,consortium,2020,2,33,2646.0,6,None,1301.1,559.8,37.6,1,25,52,0,3.2,none,0,0.0
2023,CAB0411,Intra-Europe,consortium,2020,3,33,2646.0,6,None,1301.1,524.9,23.2,1,25,53,0,4.8,none,0,0.0
2024,CAB0411,Intra-Europe,consortium,2020,4,33,2646.0,6,None,1301.1,668.5,55.8,1,25,53,0,6.3,none,0,0.0
2025,CAB0411,Intra-Europe,consortium,2020,5,33,2646.0,6,None,1301.1,696.7,50.4,1,25,58,0,7.9,none,0,1.0
2026,CAB0411,Intra-Europe,consortium,2020,6,33,2646.0,6,None,1301.1,947.2,61.9,1,25,60,0,9.5,fishing_anchor,1,
2024,CAB0412,Americas,consortium,2024,0,18,2303.0,5,None,812.6,245.1,37.7,1,25,39,1,19.8,none,0,0.0
2025,CAB0412,Americas,consortium,2024,1,18,2303.0,5,None,812.6,211.4,21.8,1,25,39,1,21.4,none,0,0.0
2026,CAB0412,Americas,consortium,2024,2,18,2303.0,5,None,812.6,214.2,30.6,1,25,40,0,3.2,none,0,
2015,CAB0413,Americas,carrier,2013,2,9,8464.0,4,None,264.9,115.7,16.1,0,25,28,1,38.9,none,0,1.0
2016,CAB0413,Americas,carrier,2013,3,9,8464.0,4,None,264.9,114.2,50.1,0,25,29,1,40.5,fishing_anchor,1,0.0
2017,CAB0413,Americas,carrier,2013,4,9,8464.0,4,None,264.9,146.0,31.7,0,25,29,1,42.1,none,0,0.0
2018,CAB0413,Americas,carrier,2013,5,9,8464.0,4,None,264.9,127.6,51.0,0,25,31,1,43.7,none,0,0.0
2019,CAB0413,Americas,carrier,2013,6,9,8464.0,4,None,264.9,169.6,51.3,0,25,32,1,45.2,none,0,1.0
2020,CAB0413,Americas,carrier,2013,7,9,8464.0,4,None,264.9,179.2,73.7,0,25,33,1,46.8,fishing_anchor,1,1.0
2021,CAB0413,Americas,carrier,2013,8,9,8464.0,4,None,264.9,195.9,97.7,0,25,37,1,48.4,fishing_anchor,1,1.0
2022,CAB0413,Americas,carrier,2013,9,9,8464.0,4,None,264.9,208.4,74.3,0,25,37,1,50.0,fishing_anchor,1,1.0
2023,CAB0413,Americas,carrier,2013,10,9,8464.0,4,None,264.9,202.0,100.0,0,25,37,1,51.6,fishing_anchor,1,1.0
2024,CAB0413,Americas,carrier,2013,11,9,8464.0,4,None,264.9,225.3,43.4,0,25,39,1,53.2,fishing_anchor,1,0.0
2025,CAB0413,Americas,carrier,2013,12,9,8464.0,4,None,264.9,264.9,47.6,0,25,39,1,54.8,none,0,0.0
2026,CAB0413,Americas,carrier,2013,13,9,8464.0,4,None,264.9,264.9,31.3,0,25,40,0,36.5,none,0,
2015,CAB0414,Intra-Asia,hyperscaler,2010,5,6,5494.0,4,None,150.9,100.4,33.9,1,25,53,0,7.9,none,0,0.0
2016,CAB0414,Intra-Asia,hyperscaler,2010,6,6,5494.0,4,None,150.9,98.5,73.1,1,25,59,0,9.5,none,0,0.0
2017,CAB0414,Intra-Asia,hyperscaler,2010,7,6,5494.0,4,None,150.9,94.9,73.8,1,25,60,0,11.1,none,0,0.0
2018,CAB0414,Intra-Asia,hyperscaler,2010,8,6,5494.0,4,None,150.9,110.3,22.2,1,25,62,0,12.7,none,0,1.0
2019,CAB0414,Intra-Asia,hyperscaler,2010,9,6,5494.0,4,None,150.9,132.5,68.5,1,25,64,0,14.3,fishing_anchor,1,0.0
2020,CAB0414,Intra-Asia,hyperscaler,2010,10,6,5494.0,4,None,150.9,131.3,43.8,1,25,66,0,15.9,none,0,0.0
2021,CAB0414,Intra-Asia,hyperscaler,2010,11,6,5494.0,4,None,150.9,130.8,60.9,1,25,69,0,17.5,none,0,0.0
2022,CAB0414,Intra-Asia,hyperscaler,2010,12,6,5494.0,4,None,150.9,130.7,75.6,1,25,70,0,19.0,none,0,0.0
2023,CAB0414,Intra-Asia,hyperscaler,2010,13,6,5494.0,4,None,150.9,150.9,60.0,1,25,70,0,20.6,none,0,0.0
2024,CAB0414,Intra-Asia,hyperscaler,2010,14,6,5494.0,4,None,150.9,150.9,39.2,1,25,75,0,22.2,none,0,0.0
2025,CAB0414,Intra-Asia,hyperscaler,2010,15,6,5494.0,4,None,150.9,150.9,78.0,1,25,77,0,23.8,none,0,0.0
2026,CAB0414,Intra-Asia,hyperscaler,2010,16,6,5494.0,4,None,150.9,150.9,49.7,1,25,77,0,25.4,none,0,
2015,CAB0415,Intra-Pacific-Islands,carrier,2013,2,6,3576.0,5,None,176.6,60.1,51.8,1,25,28,1,23.0,none,0,0.0
2016,CAB0415,Intra-Pacific-Islands,carrier,2013,3,6,3576.0,5,None,176.6,51.1,45.7,1,25,29,1,24.6,none,0,1.0
2017,CAB0415,Intra-Pacific-Islands,carrier,2013,4,6,3576.0,5,None,176.6,87.8,70.5,1,25,29,1,26.2,suspected_external,1,0.0
2018,CAB0415,Intra-Pacific-Islands,carrier,2013,5,6,3576.0,5,None,176.6,94.1,45.9,1,25,30,1,27.8,none,0,0.0
2019,CAB0415,Intra-Pacific-Islands,carrier,2013,6,6,3576.0,5,None,176.6,110.2,59.8,1,25,35,1,29.4,none,0,0.0
2020,CAB0415,Intra-Pacific-Islands,carrier,2013,7,6,3576.0,5,None,176.6,122.5,70.3,1,25,40,0,11.1,none,0,0.0
2021,CAB0415,Intra-Pacific-Islands,carrier,2013,8,6,3576.0,5,None,176.6,137.1,52.1,1,25,41,0,12.7,none,0,0.0
2022,CAB0415,Intra-Pacific-Islands,carrier,2013,9,6,3576.0,5,None,176.6,150.1,72.7,1,25,43,0,14.3,none,0,0.0
2023,CAB0415,Intra-Pacific-Islands,carrier,2013,10,6,3576.0,5,None,176.6,147.5,52.1,1,25,45,0,15.9,none,0,0.0
2024,CAB0415,Intra-Pacific-Islands,carrier,2013,11,6,3576.0,5,None,176.6,171.8,49.6,1,25,48,0,17.5,none,0,1.0
2025,CAB0415,Intra-Pacific-Islands,carrier,2013,12,6,3576.0,5,None,176.6,166.5,86.0,1,25,50,0,19.0,fishing_anchor,1,0.0
2026,CAB0415,Intra-Pacific-Islands,carrier,2013,13,6,3576.0,5,None,176.6,176.6,100.0,1,25,51,0,20.6,none,0,
2015,CAB0416,Trans-Atlantic,carrier,2015,0,7,7378.0,3,None,226.0,80.1,36.4,0,25,33,1,35.7,natural_hazard,1,0.0
2016,CAB0416,Trans-Atlantic,carrier,2015,1,7,7378.0,3,None,226.0,61.4,8.5,0,25,37,1,37.3,none,0,0.0
2017,CAB0416,Trans-Atlantic,carrier,2015,2,7,7378.0,3,None,226.0,76.9,29.4,0,25,37,1,38.9,none,0,1.0
2018,CAB0416,Trans-Atlantic,carrier,2015,3,7,7378.0,3,None,226.0,92.4,15.1,0,25,40,0,20.6,fishing_anchor,1,0.0
2019,CAB0416,Trans-Atlantic,carrier,2015,4,7,7378.0,3,None,226.0,117.0,62.6,0,25,45,0,22.2,none,0,1.0
2020,CAB0416,Trans-Atlantic,carrier,2015,5,7,7378.0,3,None,226.0,122.6,70.4,0,25,48,0,23.8,fishing_anchor,1,0.0
2021,CAB0416,Trans-Atlantic,carrier,2015,6,7,7378.0,3,None,226.0,126.9,95.3,0,25,50,0,25.4,none,0,1.0
2022,CAB0416,Trans-Atlantic,carrier,2015,7,7,7378.0,3,None,226.0,161.6,43.6,0,25,51,0,27.0,fishing_anchor,1,1.0
2023,CAB0416,Trans-Atlantic,carrier,2015,8,7,7378.0,3,None,226.0,162.6,78.8,0,25,54,0,28.6,fishing_anchor,1,1.0
2024,CAB0416,Trans-Atlantic,carrier,2015,9,7,7378.0,3,None,226.0,173.0,86.1,0,25,58,0,30.2,fishing_anchor,1,0.0
2025,CAB0416,Trans-Atlantic,carrier,2015,10,7,7378.0,3,None,226.0,195.4,58.2,0,25,62,0,31.7,none,0,0.0
2026,CAB0416,Trans-Atlantic,carrier,2015,11,7,7378.0,3,None,226.0,206.8,55.2,0,25,63,0,33.3,none,0,
2015,CAB0417,Trans-Pacific,carrier,2007,8,33,13108.0,5,None,688.3,456.5,49.5,0,25,35,1,48.4,equipment,1,0.0
2016,CAB0417,Trans-Pacific,carrier,2007,9,33,13108.0,5,None,688.3,547.9,54.8,0,25,37,1,50.0,none,0,0.0
2017,CAB0417,Trans-Pacific,carrier,2007,10,33,13108.0,5,None,688.3,585.6,67.2,0,25,38,1,51.6,none,0,0.0
2018,CAB0417,Trans-Pacific,carrier,2007,11,33,13108.0,5,None,688.3,623.7,93.7,0,25,39,1,53.2,none,0,0.0
2019,CAB0417,Trans-Pacific,carrier,2007,12,33,13108.0,5,None,688.3,588.5,53.1,0,25,41,0,34.9,none,0,0.0
2020,CAB0417,Trans-Pacific,carrier,2007,13,33,13108.0,5,None,688.3,688.3,57.6,0,25,42,0,36.5,none,0,0.0
2021,CAB0417,Trans-Pacific,carrier,2007,14,33,13108.0,5,None,688.3,688.3,76.0,0,25,43,0,38.1,none,0,0.0
2022,CAB0417,Trans-Pacific,carrier,2007,15,33,13108.0,5,None,688.3,688.3,85.6,0,25,45,0,39.7,none,0,0.0
2023,CAB0417,Trans-Pacific,carrier,2007,16,33,13108.0,5,None,688.3,688.3,100.0,0,25,47,0,41.3,none,0,0.0
2024,CAB0417,Trans-Pacific,carrier,2007,17,33,13108.0,5,None,688.3,688.3,64.2,0,25,49,0,42.9,none,0,0.0
2025,CAB0417,Trans-Pacific,carrier,2007,18,33,13108.0,5,None,688.3,688.3,51.1,0,25,50,0,44.4,none,0,0.0
2026,CAB0417,Trans-Pacific,carrier,2007,19,33,13108.0,5,None,688.3,688.3,80.6,0,25,48,0,46.0,none,0,
2018,CAB0418,Intra-Asia,consortium,2018,0,7,3575.0,5,None,256.0,74.3,59.1,1,25,62,0,0.0,none,0,0.0
2019,CAB0418,Intra-Asia,consortium,2018,1,7,3575.0,5,None,256.0,86.6,86.9,1,25,64,0,1.6,none,0,0.0
2020,CAB0418,Intra-Asia,consortium,2018,2,7,3575.0,5,None,256.0,79.0,44.8,1,25,66,0,3.2,none,0,1.0
2021,CAB0418,Intra-Asia,consortium,2018,3,7,3575.0,5,None,256.0,116.8,30.3,1,25,69,0,4.8,fishing_anchor,1,0.0
2022,CAB0418,Intra-Asia,consortium,2018,4,7,3575.0,5,None,256.0,131.3,41.8,1,25,70,0,6.3,none,0,1.0
2023,CAB0418,Intra-Asia,consortium,2018,5,7,3575.0,5,None,256.0,140.1,20.4,1,25,70,0,7.9,fishing_anchor,1,1.0
2024,CAB0418,Intra-Asia,consortium,2018,6,7,3575.0,5,None,256.0,164.0,45.2,1,25,75,0,9.5,fishing_anchor,1,0.0
2025,CAB0418,Intra-Asia,consortium,2018,7,7,3575.0,5,None,256.0,164.2,51.4,1,25,77,0,11.1,none,0,1.0
2026,CAB0418,Intra-Asia,consortium,2018,8,7,3575.0,5,None,256.0,161.0,75.2,1,25,77,0,12.7,suspected_external,1,
2015,CAB0419,Indian-Ocean,hyperscaler,2013,2,18,11123.0,7,Hormuz,529.7,211.5,29.2,0,25,31,1,66.7,suspected_external,1,0.0
2016,CAB0419,Indian-Ocean,hyperscaler,2013,3,18,11123.0,7,Hormuz,529.7,240.2,58.3,0,25,33,1,68.3,none,0,1.0
2017,CAB0419,Indian-Ocean,hyperscaler,2013,4,18,11123.0,7,Hormuz,529.7,267.2,37.9,0,25,33,1,69.8,natural_hazard,1,1.0
2018,CAB0419,Indian-Ocean,hyperscaler,2013,5,18,11123.0,7,Hormuz,529.7,302.2,40.3,0,25,35,1,71.4,fishing_anchor,1,1.0
2019,CAB0419,Indian-Ocean,hyperscaler,2013,6,18,11123.0,7,Hormuz,529.7,317.9,28.4,0,25,35,1,73.0,fishing_anchor,1,1.0
2020,CAB0419,Indian-Ocean,hyperscaler,2013,7,18,11123.0,7,Hormuz,529.7,361.3,82.6,0,25,36,1,74.6,natural_hazard,1,1.0
2021,CAB0419,Indian-Ocean,hyperscaler,2013,8,18,11123.0,7,Hormuz,529.7,373.4,51.7,0,25,39,1,76.2,fishing_anchor,1,0.0
2022,CAB0419,Indian-Ocean,hyperscaler,2013,9,18,11123.0,7,Hormuz,529.7,388.2,64.9,0,25,39,1,77.8,none,0,1.0
2023,CAB0419,Indian-Ocean,hyperscaler,2013,10,18,11123.0,7,Hormuz,529.7,478.6,79.9,0,25,40,0,59.5,fishing_anchor,1,1.0
2024,CAB0419,Indian-Ocean,hyperscaler,2013,11,18,11123.0,7,Hormuz,529.7,507.5,47.4,0,25,41,0,61.1,fishing_anchor,1,1.0
2025,CAB0419,Indian-Ocean,hyperscaler,2013,12,18,11123.0,7,Hormuz,529.7,516.3,43.1,0,25,44,0,62.7,natural_hazard,1,1.0
2026,CAB0419,Indian-Ocean,hyperscaler,2013,13,18,11123.0,7,Hormuz,529.7,529.7,37.8,0,25,43,0,64.3,fishing_anchor,1,
2015,CAB0420,Trans-Atlantic,carrier,2015,0,14,6401.0,6,None,452.0,103.8,68.7,0,25,33,1,35.7,none,0,0.0
2016,CAB0420,Trans-Atlantic,carrier,2015,1,14,6401.0,6,None,452.0,173.4,52.5,0,25,37,1,37.3,none,0,0.0
2017,CAB0420,Trans-Atlantic,carrier,2015,2,14,6401.0,6,None,452.0,196.2,74.9,0,25,37,1,38.9,none,0,0.0
2018,CAB0420,Trans-Atlantic,carrier,2015,3,14,6401.0,6,None,452.0,191.9,59.7,0,25,40,0,20.6,none,0,0.0
2019,CAB0420,Trans-Atlantic,carrier,2015,4,14,6401.0,6,None,452.0,237.4,33.8,0,25,45,0,22.2,none,0,0.0
2020,CAB0420,Trans-Atlantic,carrier,2015,5,14,6401.0,6,None,452.0,247.6,87.6,0,25,48,0,23.8,none,0,1.0
2021,CAB0420,Trans-Atlantic,carrier,2015,6,14,6401.0,6,None,452.0,283.9,74.5,0,25,50,0,25.4,fishing_anchor,1,0.0
2022,CAB0420,Trans-Atlantic,carrier,2015,7,14,6401.0,6,None,452.0,306.5,36.5,0,25,51,0,27.0,none,0,0.0
2023,CAB0420,Trans-Atlantic,carrier,2015,8,14,6401.0,6,None,452.0,305.1,97.1,0,25,54,0,28.6,none,0,0.0
2024,CAB0420,Trans-Atlantic,carrier,2015,9,14,6401.0,6,None,452.0,371.6,31.4,0,25,58,0,30.2,none,0,0.0
2025,CAB0420,Trans-Atlantic,carrier,2015,10,14,6401.0,6,None,452.0,369.8,89.2,0,25,62,0,31.7,none,0,0.0
2026,CAB0420,Trans-Atlantic,carrier,2015,11,14,6401.0,6,None,452.0,411.8,87.9,0,25,63,0,33.3,none,0,
2016,CAB0421,EMEA-Asia,hyperscaler,2016,0,7,17350.0,6,Hormuz,236.0,64.3,54.0,0,25,29,1,63.5,none,0,0.0
2017,CAB0421,EMEA-Asia,hyperscaler,2016,1,7,17350.0,6,Hormuz,236.0,78.2,57.9,0,25,32,1,65.1,none,0,0.0
2018,CAB0421,EMEA-Asia,hyperscaler,2016,2,7,17350.0,6,Hormuz,236.0,93.7,63.1,0,25,34,1,66.7,none,0,0.0
2019,CAB0421,EMEA-Asia,hyperscaler,2016,3,7,17350.0,6,Hormuz,236.0,102.1,30.1,0,25,37,1,68.3,none,0,0.0
2020,CAB0421,EMEA-Asia,hyperscaler,2016,4,7,17350.0,6,Hormuz,236.0,125.9,19.6,0,25,40,0,50.0,none,0,0.0
2021,CAB0421,EMEA-Asia,hyperscaler,2016,5,7,17350.0,6,Hormuz,236.0,130.3,45.5,0,25,44,0,51.6,none,0,0.0
2022,CAB0421,EMEA-Asia,hyperscaler,2016,6,7,17350.0,6,Hormuz,236.0,165.2,27.3,0,25,45,0,53.2,none,0,0.0
2023,CAB0421,EMEA-Asia,hyperscaler,2016,7,7,17350.0,6,Hormuz,236.0,162.3,56.2,0,25,47,0,54.8,none,0,0.0
2024,CAB0421,EMEA-Asia,hyperscaler,2016,8,7,17350.0,6,Hormuz,236.0,172.2,44.3,0,25,48,0,56.3,none,0,0.0
2025,CAB0421,EMEA-Asia,hyperscaler,2016,9,7,17350.0,6,Hormuz,236.0,189.1,98.1,0,25,47,0,57.9,none,0,0.0
2026,CAB0421,EMEA-Asia,hyperscaler,2016,10,7,17350.0,6,Hormuz,236.0,204.0,33.5,0,25,47,0,59.5,none,0,
2015,CAB0422,Trans-Atlantic,consortium,2014,1,4,5288.0,6,None,123.4,32.9,41.5,1,25,33,1,21.4,natural_hazard,1,1.0
2016,CAB0422,Trans-Atlantic,consortium,2014,2,4,5288.0,6,None,123.4,54.1,54.1,1,25,37,1,23.0,natural_hazard,1,0.0
2017,CAB0422,Trans-Atlantic,consortium,2014,3,4,5288.0,6,None,123.4,55.6,62.0,1,25,37,1,24.6,none,0,1.0
2018,CAB0422,Trans-Atlantic,consortium,2014,4,4,5288.0,6,None,123.4,66.3,34.0,1,25,40,0,6.3,suspected_external,1,0.0
2019,CAB0422,Trans-Atlantic,consortium,2014,5,4,5288.0,6,None,123.4,69.4,30.2,1,25,45,0,7.9,none,0,0.0
2020,CAB0422,Trans-Atlantic,consortium,2014,6,4,5288.0,6,None,123.4,82.1,50.7,1,25,48,0,9.5,none,0,0.0
2021,CAB0422,Trans-Atlantic,consortium,2014,7,4,5288.0,6,None,123.4,84.2,47.2,1,25,50,0,11.1,none,0,0.0
2022,CAB0422,Trans-Atlantic,consortium,2014,8,4,5288.0,6,None,123.4,91.4,42.7,1,25,51,0,12.7,none,0,0.0
2023,CAB0422,Trans-Atlantic,consortium,2014,9,4,5288.0,6,None,123.4,99.9,67.4,1,25,54,0,14.3,none,0,0.0
2024,CAB0422,Trans-Atlantic,consortium,2014,10,4,5288.0,6,None,123.4,96.0,71.2,1,25,58,0,15.9,none,0,0.0
2025,CAB0422,Trans-Atlantic,consortium,2014,11,4,5288.0,6,None,123.4,119.1,91.7,1,25,62,0,17.5,none,0,0.0
2026,CAB0422,Trans-Atlantic,consortium,2014,12,4,5288.0,6,None,123.4,123.4,41.4,1,25,63,0,19.0,none,0,
2024,CAB0423,Intra-Asia,carrier,2024,0,36,3820.0,6,None,1625.1,302.8,17.3,0,25,75,0,15.9,none,0,1.0
2025,CAB0423,Intra-Asia,carrier,2024,1,36,3820.0,6,None,1625.1,557.5,63.9,0,25,77,0,17.5,fishing_anchor,1,0.0
2026,CAB0423,Intra-Asia,carrier,2024,2,36,3820.0,6,None,1625.1,448.8,13.0,0,25,77,0,19.0,none,0,
2015,CAB0424,Intra-Asia,government,2001,14,5,3264.0,5,None,61.4,61.4,85.7,1,25,53,0,22.2,none,0,0.0
2016,CAB0424,Intra-Asia,government,2001,15,5,3264.0,5,None,61.4,61.4,41.5,1,25,59,0,23.8,none,0,0.0
2017,CAB0424,Intra-Asia,government,2001,16,5,3264.0,5,None,61.4,61.4,84.1,1,25,60,0,25.4,none,0,0.0
2018,CAB0424,Intra-Asia,government,2001,17,5,3264.0,5,None,61.4,61.4,74.9,1,25,62,0,27.0,none,0,0.0
2019,CAB0424,Intra-Asia,government,2001,18,5,3264.0,5,None,61.4,61.4,87.4,1,25,64,0,28.6,none,0,0.0
2020,CAB0424,Intra-Asia,government,2001,19,5,3264.0,5,None,61.4,61.4,63.3,1,25,66,0,30.2,none,0,0.0
2021,CAB0424,Intra-Asia,government,2001,20,5,3264.0,5,None,61.4,61.4,100.0,1,25,69,0,31.7,none,0,0.0
2022,CAB0424,Intra-Asia,government,2001,21,5,3264.0,5,None,61.4,61.4,70.9,1,25,70,0,33.3,none,0,0.0
2023,CAB0424,Intra-Asia,government,2001,22,5,3264.0,5,None,61.4,61.4,61.4,1,25,70,0,34.9,none,0,0.0
2024,CAB0424,Intra-Asia,government,2001,23,5,3264.0,5,None,61.4,61.4,87.2,1,25,75,0,36.5,none,0,0.0
2025,CAB0424,Intra-Asia,government,2001,24,5,3264.0,5,None,61.4,61.4,98.0,1,25,77,0,38.1,none,0,0.0
2026,CAB0424,Intra-Asia,government,2001,25,5,3264.0,5,None,61.4,61.4,76.7,1,25,77,0,39.7,none,0,
2015,CAB0425,Trans-Atlantic,carrier,2013,2,6,5639.0,5,None,176.6,50.2,21.5,1,25,33,1,23.0,none,0,0.0
2016,CAB0425,Trans-Atlantic,carrier,2013,3,6,5639.0,5,None,176.6,77.2,72.3,1,25,37,1,24.6,none,0,0.0
2017,CAB0425,Trans-Atlantic,carrier,2013,4,6,5639.0,5,None,176.6,85.9,48.1,1,25,37,1,26.2,none,0,0.0
2018,CAB0425,Trans-Atlantic,carrier,2013,5,6,5639.0,5,None,176.6,91.7,45.2,1,25,40,0,7.9,none,0,0.0
2019,CAB0425,Trans-Atlantic,carrier,2013,6,6,5639.0,5,None,176.6,112.7,36.8,1,25,45,0,9.5,none,0,0.0
2020,CAB0425,Trans-Atlantic,carrier,2013,7,6,5639.0,5,None,176.6,129.5,55.1,1,25,48,0,11.1,none,0,0.0
2021,CAB0425,Trans-Atlantic,carrier,2013,8,6,5639.0,5,None,176.6,116.7,52.7,1,25,50,0,12.7,none,0,0.0
2022,CAB0425,Trans-Atlantic,carrier,2013,9,6,5639.0,5,None,176.6,151.8,71.0,1,25,51,0,14.3,none,0,0.0
2023,CAB0425,Trans-Atlantic,carrier,2013,10,6,5639.0,5,None,176.6,155.0,50.7,1,25,54,0,15.9,none,0,0.0
2024,CAB0425,Trans-Atlantic,carrier,2013,11,6,5639.0,5,None,176.6,167.1,31.3,1,25,58,0,17.5,none,0,0.0
2025,CAB0425,Trans-Atlantic,carrier,2013,12,6,5639.0,5,None,176.6,155.0,64.0,1,25,62,0,19.0,none,0,0.0
2026,CAB0425,Trans-Atlantic,carrier,2013,13,6,5639.0,5,None,176.6,176.6,91.4,1,25,63,0,20.6,none,0,
2015,CAB0426,Intra-Pacific-Islands,carrier,2011,4,6,3396.0,3,None,159.4,88.9,61.0,0,25,28,1,42.1,none,0,0.0
2016,CAB0426,Intra-Pacific-Islands,carrier,2011,5,6,3396.0,3,None,159.4,86.7,16.1,0,25,29,1,43.7,none,0,0.0
2017,CAB0426,Intra-Pacific-Islands,carrier,2011,6,6,3396.0,3,None,159.4,103.8,41.2,0,25,29,1,45.2,none,0,0.0
2018,CAB0426,Intra-Pacific-Islands,carrier,2011,7,6,3396.0,3,None,159.4,100.3,77.4,0,25,30,1,46.8,none,0,0.0
2019,CAB0426,Intra-Pacific-Islands,carrier,2011,8,6,3396.0,3,None,159.4,113.5,80.1,0,25,35,1,48.4,none,0,0.0
2020,CAB0426,Intra-Pacific-Islands,carrier,2011,9,6,3396.0,3,None,159.4,123.5,51.1,0,25,40,0,30.2,none,0,0.0
2021,CAB0426,Intra-Pacific-Islands,carrier,2011,10,6,3396.0,3,None,159.4,131.5,57.6,0,25,41,0,31.7,none,0,1.0
2022,CAB0426,Intra-Pacific-Islands,carrier,2011,11,6,3396.0,3,None,159.4,144.0,95.4,0,25,43,0,33.3,fishing_anchor,1,0.0
2023,CAB0426,Intra-Pacific-Islands,carrier,2011,12,6,3396.0,3,None,159.4,155.1,47.5,0,25,45,0,34.9,none,0,0.0
2024,CAB0426,Intra-Pacific-Islands,carrier,2011,13,6,3396.0,3,None,159.4,159.4,63.3,0,25,48,0,36.5,none,0,0.0
2025,CAB0426,Intra-Pacific-Islands,carrier,2011,14,6,3396.0,3,None,159.4,159.4,100.0,0,25,50,0,38.1,none,0,0.0
2026,CAB0426,Intra-Pacific-Islands,carrier,2011,15,6,3396.0,3,None,159.4,159.4,100.0,0,25,51,0,39.7,none,0,
2015,CAB0427,Trans-Atlantic,hyperscaler,2002,13,8,5510.0,5,None,109.7,109.7,92.1,0,25,33,1,56.3,none,0,0.0
2016,CAB0427,Trans-Atlantic,hyperscaler,2002,14,8,5510.0,5,None,109.7,109.7,100.0,0,25,37,1,57.9,none,0,0.0
2017,CAB0427,Trans-Atlantic,hyperscaler,2002,15,8,5510.0,5,None,109.7,109.7,84.0,0,25,37,1,59.5,none,0,0.0
2018,CAB0427,Trans-Atlantic,hyperscaler,2002,16,8,5510.0,5,None,109.7,109.7,48.7,0,25,40,0,41.3,none,0,0.0
2019,CAB0427,Trans-Atlantic,hyperscaler,2002,17,8,5510.0,5,None,109.7,109.7,62.9,0,25,45,0,42.9,none,0,0.0
2020,CAB0427,Trans-Atlantic,hyperscaler,2002,18,8,5510.0,5,None,109.7,109.7,80.4,0,25,48,0,44.4,none,0,0.0
2021,CAB0427,Trans-Atlantic,hyperscaler,2002,19,8,5510.0,5,None,109.7,109.7,95.5,0,25,50,0,46.0,none,0,0.0
2022,CAB0427,Trans-Atlantic,hyperscaler,2002,20,8,5510.0,5,None,109.7,109.7,100.0,0,25,51,0,47.6,none,0,0.0
2023,CAB0427,Trans-Atlantic,hyperscaler,2002,21,8,5510.0,5,None,109.7,109.7,89.4,0,25,54,0,49.2,none,0,0.0
2024,CAB0427,Trans-Atlantic,hyperscaler,2002,22,8,5510.0,5,None,109.7,109.7,69.9,0,25,58,0,50.8,none,0,0.0
2025,CAB0427,Trans-Atlantic,hyperscaler,2002,23,8,5510.0,5,None,109.7,109.7,61.9,0,25,62,0,52.4,none,0,1.0
2026,CAB0427,Trans-Atlantic,hyperscaler,2002,24,8,5510.0,5,None,109.7,109.7,63.8,0,25,63,0,54.0,fishing_anchor,1,
2021,CAB0428,EMEA-Asia,carrier,2021,0,5,8070.0,4,None,204.3,33.1,15.4,0,25,44,0,15.9,none,0,0.0
2022,CAB0428,EMEA-Asia,carrier,2021,1,5,8070.0,4,None,204.3,48.1,45.0,0,25,45,0,17.5,none,0,0.0
2023,CAB0428,EMEA-Asia,carrier,2021,2,5,8070.0,4,None,204.3,96.9,58.6,0,25,47,0,19.0,none,0,0.0
2024,CAB0428,EMEA-Asia,carrier,2021,3,5,8070.0,4,None,204.3,79.0,48.7,0,25,48,0,20.6,none,0,0.0
2025,CAB0428,EMEA-Asia,carrier,2021,4,5,8070.0,4,None,204.3,113.8,18.8,0,25,47,0,22.2,none,0,0.0
2026,CAB0428,EMEA-Asia,carrier,2021,5,5,8070.0,4,None,204.3,118.6,60.3,0,25,47,0,23.8,none,0,
2015,CAB0429,Trans-Atlantic,hyperscaler,2006,9,10,5761.0,6,None,194.3,157.6,60.0,1,25,33,1,34.1,none,0,0.0
2016,CAB0429,Trans-Atlantic,hyperscaler,2006,10,10,5761.0,6,None,194.3,157.7,37.2,1,25,37,1,35.7,none,0,0.0
2017,CAB0429,Trans-Atlantic,hyperscaler,2006,11,10,5761.0,6,None,194.3,162.6,71.4,1,25,37,1,37.3,none,0,0.0
2018,CAB0429,Trans-Atlantic,hyperscaler,2006,12,10,5761.0,6,None,194.3,174.2,76.0,1,25,40,0,19.0,none,0,0.0
2019,CAB0429,Trans-Atlantic,hyperscaler,2006,13,10,5761.0,6,None,194.3,194.3,82.4,1,25,45,0,20.6,none,0,0.0
2020,CAB0429,Trans-Atlantic,hyperscaler,2006,14,10,5761.0,6,None,194.3,194.3,74.3,1,25,48,0,22.2,none,0,0.0
2021,CAB0429,Trans-Atlantic,hyperscaler,2006,15,10,5761.0,6,None,194.3,194.3,56.7,1,25,50,0,23.8,none,0,0.0
2022,CAB0429,Trans-Atlantic,hyperscaler,2006,16,10,5761.0,6,None,194.3,194.3,52.6,1,25,51,0,25.4,none,0,0.0
2023,CAB0429,Trans-Atlantic,hyperscaler,2006,17,10,5761.0,6,None,194.3,194.3,60.9,1,25,54,0,27.0,none,0,0.0
2024,CAB0429,Trans-Atlantic,hyperscaler,2006,18,10,5761.0,6,None,194.3,194.3,52.5,1,25,58,0,28.6,none,0,0.0
2025,CAB0429,Trans-Atlantic,hyperscaler,2006,19,10,5761.0,6,None,194.3,194.3,95.7,1,25,62,0,30.2,none,0,0.0
2026,CAB0429,Trans-Atlantic,hyperscaler,2006,20,10,5761.0,6,None,194.3,194.3,56.7,1,25,63,0,31.7,none,0,
2024,CAB0430,Intra-Pacific-Islands,hyperscaler,2024,0,24,694.0,6,None,1083.4,244.1,31.2,1,25,48,0,0.0,none,0,0.0
2025,CAB0430,Intra-Pacific-Islands,hyperscaler,2024,1,24,694.0,6,None,1083.4,433.7,36.8,1,25,50,0,1.6,none,0,0.0
2026,CAB0430,Intra-Pacific-Islands,hyperscaler,2024,2,24,694.0,6,None,1083.4,446.0,7.3,1,25,51,0,3.2,none,0,
2015,CAB0431,Intra-Europe,consortium,2011,4,4,1044.0,3,None,106.3,50.7,65.2,1,25,41,0,6.3,fishing_anchor,1,0.0
2016,CAB0431,Intra-Europe,consortium,2011,5,4,1044.0,3,None,106.3,58.6,20.4,1,25,42,0,7.9,none,0,0.0
2017,CAB0431,Intra-Europe,consortium,2011,6,4,1044.0,3,None,106.3,62.5,35.3,1,25,44,0,9.5,none,0,0.0
2018,CAB0431,Intra-Europe,consortium,2011,7,4,1044.0,3,None,106.3,67.2,50.7,1,25,45,0,11.1,none,0,0.0
2019,CAB0431,Intra-Europe,consortium,2011,8,4,1044.0,3,None,106.3,75.2,64.6,1,25,47,0,12.7,none,0,0.0
2020,CAB0431,Intra-Europe,consortium,2011,9,4,1044.0,3,None,106.3,86.4,64.1,1,25,49,0,14.3,none,0,0.0
2021,CAB0431,Intra-Europe,consortium,2011,10,4,1044.0,3,None,106.3,94.3,28.1,1,25,49,0,15.9,none,0,0.0
2022,CAB0431,Intra-Europe,consortium,2011,11,4,1044.0,3,None,106.3,96.5,36.2,1,25,52,0,17.5,none,0,0.0
2023,CAB0431,Intra-Europe,consortium,2011,12,4,1044.0,3,None,106.3,102.2,69.5,1,25,53,0,19.0,none,0,1.0
2024,CAB0431,Intra-Europe,consortium,2011,13,4,1044.0,3,None,106.3,106.3,44.5,1,25,53,0,20.6,fishing_anchor,1,0.0
2025,CAB0431,Intra-Europe,consortium,2011,14,4,1044.0,3,None,106.3,106.3,73.0,1,25,58,0,22.2,none,0,1.0
2026,CAB0431,Intra-Europe,consortium,2011,15,4,1044.0,3,None,106.3,106.3,54.5,1,25,60,0,23.8,fishing_anchor,1,
2019,CAB0432,Trans-Atlantic,consortium,2019,0,16,5152.0,3,None,608.0,123.7,47.2,0,25,45,0,15.9,none,0,0.0
2020,CAB0432,Trans-Atlantic,consortium,2019,1,16,5152.0,3,None,608.0,170.0,15.9,0,25,48,0,17.5,none,0,0.0
2021,CAB0432,Trans-Atlantic,consortium,2019,2,16,5152.0,3,None,608.0,220.5,87.1,0,25,50,0,19.0,none,0,0.0
2022,CAB0432,Trans-Atlantic,consortium,2019,3,16,5152.0,3,None,608.0,350.1,61.7,0,25,51,0,20.6,none,0,0.0
2023,CAB0432,Trans-Atlantic,consortium,2019,4,16,5152.0,3,None,608.0,304.3,95.5,0,25,54,0,22.2,none,0,0.0
2024,CAB0432,Trans-Atlantic,consortium,2019,5,16,5152.0,3,None,608.0,328.3,55.9,0,25,58,0,23.8,none,0,0.0
2025,CAB0432,Trans-Atlantic,consortium,2019,6,16,5152.0,3,None,608.0,400.7,60.1,0,25,62,0,25.4,none,0,0.0
2026,CAB0432,Trans-Atlantic,consortium,2019,7,16,5152.0,3,None,608.0,437.3,54.4,0,25,63,0,27.0,none,0,
2015,CAB0433,Africa-Coastal,consortium,2003,12,28,7685.0,10,None,424.0,424.0,40.1,1,25,36,1,38.9,none,0,0.0
2016,CAB0433,Africa-Coastal,consortium,2003,13,28,7685.0,10,None,424.0,424.0,51.8,1,25,37,1,40.5,none,0,0.0
2017,CAB0433,Africa-Coastal,consortium,2003,14,28,7685.0,10,None,424.0,424.0,66.1,1,25,40,0,22.2,none,0,1.0
2018,CAB0433,Africa-Coastal,consortium,2003,15,28,7685.0,10,None,424.0,424.0,57.0,1,25,40,0,23.8,suspected_external,1,0.0
2019,CAB0433,Africa-Coastal,consortium,2003,16,28,7685.0,10,None,424.0,424.0,100.0,1,25,42,0,25.4,none,0,0.0
2020,CAB0433,Africa-Coastal,consortium,2003,17,28,7685.0,10,None,424.0,424.0,71.6,1,25,43,0,27.0,none,0,0.0
2021,CAB0433,Africa-Coastal,consortium,2003,18,28,7685.0,10,None,424.0,424.0,67.2,1,25,44,0,28.6,none,0,0.0
2022,CAB0433,Africa-Coastal,consortium,2003,19,28,7685.0,10,None,424.0,424.0,60.8,1,25,45,0,30.2,none,0,0.0
2023,CAB0433,Africa-Coastal,consortium,2003,20,28,7685.0,10,None,424.0,424.0,66.3,1,25,47,0,31.7,none,0,0.0
2024,CAB0433,Africa-Coastal,consortium,2003,21,28,7685.0,10,None,424.0,424.0,83.7,1,25,49,0,33.3,none,0,0.0
2025,CAB0433,Africa-Coastal,consortium,2003,22,28,7685.0,10,None,424.0,424.0,99.9,1,25,52,0,34.9,none,0,0.0
2026,CAB0433,Africa-Coastal,consortium,2003,23,28,7685.0,10,None,424.0,424.0,83.3,1,25,53,0,36.5,none,0,
2015,CAB0434,Intra-Europe,government,2013,2,4,547.0,8,None,117.7,44.9,44.8,0,25,41,0,19.0,none,0,0.0
2016,CAB0434,Intra-Europe,government,2013,3,4,547.0,8,None,117.7,47.7,73.6,0,25,42,0,20.6,none,0,0.0
2017,CAB0434,Intra-Europe,government,2013,4,4,547.0,8,None,117.7,56.8,61.7,0,25,44,0,22.2,none,0,0.0
2018,CAB0434,Intra-Europe,government,2013,5,4,547.0,8,None,117.7,72.3,45.6,0,25,45,0,23.8,none,0,0.0
2019,CAB0434,Intra-Europe,government,2013,6,4,547.0,8,None,117.7,67.2,24.8,0,25,47,0,25.4,none,0,0.0
2020,CAB0434,Intra-Europe,government,2013,7,4,547.0,8,None,117.7,83.1,38.7,0,25,49,0,27.0,none,0,0.0
2021,CAB0434,Intra-Europe,government,2013,8,4,547.0,8,None,117.7,80.0,30.1,0,25,49,0,28.6,none,0,1.0
2022,CAB0434,Intra-Europe,government,2013,9,4,547.0,8,None,117.7,100.6,32.7,0,25,52,0,30.2,equipment,1,1.0
2023,CAB0434,Intra-Europe,government,2013,10,4,547.0,8,None,117.7,92.0,85.2,0,25,53,0,31.7,fishing_anchor,1,0.0
2024,CAB0434,Intra-Europe,government,2013,11,4,547.0,8,None,117.7,106.1,71.4,0,25,53,0,33.3,none,0,0.0
2025,CAB0434,Intra-Europe,government,2013,12,4,547.0,8,None,117.7,117.7,65.4,0,25,58,0,34.9,none,0,0.0
2026,CAB0434,Intra-Europe,government,2013,13,4,547.0,8,None,117.7,113.5,47.8,0,25,60,0,36.5,none,0,
2015,CAB0435,Indian-Ocean,carrier,2015,0,9,10735.0,3,Bab-el-Mandeb,290.6,55.0,36.4,1,25,31,1,47.6,none,0,0.0
2016,CAB0435,Indian-Ocean,carrier,2015,1,9,10735.0,3,Bab-el-Mandeb,290.6,88.1,26.6,1,25,33,1,49.2,none,0,1.0
2017,CAB0435,Indian-Ocean,carrier,2015,2,9,10735.0,3,Bab-el-Mandeb,290.6,111.3,12.6,1,25,33,1,50.8,fishing_anchor,1,0.0
2018,CAB0435,Indian-Ocean,carrier,2015,3,9,10735.0,3,Bab-el-Mandeb,290.6,150.3,65.6,1,25,35,1,52.4,none,0,0.0
2019,CAB0435,Indian-Ocean,carrier,2015,4,9,10735.0,3,Bab-el-Mandeb,290.6,132.5,22.2,1,25,35,1,54.0,none,0,0.0
2020,CAB0435,Indian-Ocean,carrier,2015,5,9,10735.0,3,Bab-el-Mandeb,290.6,145.7,64.2,1,25,36,1,55.6,none,0,0.0
2021,CAB0435,Indian-Ocean,carrier,2015,6,9,10735.0,3,Bab-el-Mandeb,290.6,161.4,38.0,1,25,39,1,57.1,none,0,0.0
2022,CAB0435,Indian-Ocean,carrier,2015,7,9,10735.0,3,Bab-el-Mandeb,290.6,210.3,35.4,1,25,39,1,58.7,none,0,0.0
2023,CAB0435,Indian-Ocean,carrier,2015,8,9,10735.0,3,Bab-el-Mandeb,290.6,206.7,40.3,1,25,40,0,40.5,none,0,0.0
2024,CAB0435,Indian-Ocean,carrier,2015,9,9,10735.0,3,Bab-el-Mandeb,290.6,216.3,57.4,1,25,41,0,42.1,none,0,0.0
2025,CAB0435,Indian-Ocean,carrier,2015,10,9,10735.0,3,Bab-el-Mandeb,290.6,222.5,88.0,1,25,44,0,43.7,none,0,0.0
2026,CAB0435,Indian-Ocean,carrier,2015,11,9,10735.0,3,Bab-el-Mandeb,290.6,237.6,45.3,1,25,43,0,45.2,none,0,
2015,CAB0436,Intra-Europe,consortium,2013,2,6,1100.0,4,None,176.6,63.4,20.1,0,25,41,0,19.0,none,0,0.0
2016,CAB0436,Intra-Europe,consortium,2013,3,6,1100.0,4,None,176.6,81.8,47.5,0,25,42,0,20.6,none,0,0.0
2017,CAB0436,Intra-Europe,consortium,2013,4,6,1100.0,4,None,176.6,77.9,30.1,0,25,44,0,22.2,none,0,0.0
2018,CAB0436,Intra-Europe,consortium,2013,5,6,1100.0,4,None,176.6,94.7,23.1,0,25,45,0,23.8,none,0,0.0
2019,CAB0436,Intra-Europe,consortium,2013,6,6,1100.0,4,None,176.6,97.6,74.7,0,25,47,0,25.4,none,0,0.0
2020,CAB0436,Intra-Europe,consortium,2013,7,6,1100.0,4,None,176.6,136.4,51.8,0,25,49,0,27.0,none,0,0.0
2021,CAB0436,Intra-Europe,consortium,2013,8,6,1100.0,4,None,176.6,133.4,45.6,0,25,49,0,28.6,none,0,0.0
2022,CAB0436,Intra-Europe,consortium,2013,9,6,1100.0,4,None,176.6,142.6,45.7,0,25,52,0,30.2,none,0,0.0
2023,CAB0436,Intra-Europe,consortium,2013,10,6,1100.0,4,None,176.6,146.5,65.8,0,25,53,0,31.7,none,0,0.0
2024,CAB0436,Intra-Europe,consortium,2013,11,6,1100.0,4,None,176.6,159.6,75.4,0,25,53,0,33.3,none,0,0.0
2025,CAB0436,Intra-Europe,consortium,2013,12,6,1100.0,4,None,176.6,176.6,100.0,0,25,58,0,34.9,none,0,0.0
2026,CAB0436,Intra-Europe,consortium,2013,13,6,1100.0,4,None,176.6,176.6,100.0,0,25,60,0,36.5,none,0,
2015,CAB0437,Intra-Europe,consortium,2014,1,9,376.0,5,None,277.7,90.1,53.1,0,25,41,0,17.5,none,0,0.0
2016,CAB0437,Intra-Europe,consortium,2014,2,9,376.0,5,None,277.7,118.9,52.3,0,25,42,0,19.0,none,0,0.0
2017,CAB0437,Intra-Europe,consortium,2014,3,9,376.0,5,None,277.7,123.2,33.6,0,25,44,0,20.6,none,0,0.0
2018,CAB0437,Intra-Europe,consortium,2014,4,9,376.0,5,None,277.7,160.1,45.7,0,25,45,0,22.2,none,0,0.0
2019,CAB0437,Intra-Europe,consortium,2014,5,9,376.0,5,None,277.7,167.6,31.3,0,25,47,0,23.8,none,0,0.0
2020,CAB0437,Intra-Europe,consortium,2014,6,9,376.0,5,None,277.7,164.8,21.6,0,25,49,0,25.4,none,0,0.0
2021,CAB0437,Intra-Europe,consortium,2014,7,9,376.0,5,None,277.7,192.6,37.3,0,25,49,0,27.0,none,0,0.0
2022,CAB0437,Intra-Europe,consortium,2014,8,9,376.0,5,None,277.7,225.3,65.3,0,25,52,0,28.6,none,0,0.0
2023,CAB0437,Intra-Europe,consortium,2014,9,9,376.0,5,None,277.7,216.6,59.7,0,25,53,0,30.2,none,0,0.0
2024,CAB0437,Intra-Europe,consortium,2014,10,9,376.0,5,None,277.7,239.1,74.7,0,25,53,0,31.7,none,0,0.0
2025,CAB0437,Intra-Europe,consortium,2014,11,9,376.0,5,None,277.7,277.7,78.4,0,25,58,0,33.3,none,0,0.0
2026,CAB0437,Intra-Europe,consortium,2014,12,9,376.0,5,None,277.7,267.5,90.4,0,25,60,0,34.9,none,0,
2016,CAB0438,Intra-Asia,hyperscaler,2016,0,19,2912.0,4,None,640.6,122.5,36.6,0,25,59,0,15.9,none,0,1.0
2017,CAB0438,Intra-Asia,hyperscaler,2016,1,19,2912.0,4,None,640.6,185.2,62.1,0,25,60,0,17.5,fishing_anchor,1,0.0
2018,CAB0438,Intra-Asia,hyperscaler,2016,2,19,2912.0,4,None,640.6,253.5,15.6,0,25,62,0,19.0,none,0,0.0
2019,CAB0438,Intra-Asia,hyperscaler,2016,3,19,2912.0,4,None,640.6,284.9,53.3,0,25,64,0,20.6,none,0,0.0
2020,CAB0438,Intra-Asia,hyperscaler,2016,4,19,2912.0,4,None,640.6,308.0,58.6,0,25,66,0,22.2,none,0,0.0
2021,CAB0438,Intra-Asia,hyperscaler,2016,5,19,2912.0,4,None,640.6,365.1,11.9,0,25,69,0,23.8,none,0,0.0
2022,CAB0438,Intra-Asia,hyperscaler,2016,6,19,2912.0,4,None,640.6,324.5,50.5,0,25,70,0,25.4,none,0,0.0
2023,CAB0438,Intra-Asia,hyperscaler,2016,7,19,2912.0,4,None,640.6,436.7,42.1,0,25,70,0,27.0,none,0,1.0
2024,CAB0438,Intra-Asia,hyperscaler,2016,8,19,2912.0,4,None,640.6,501.6,50.6,0,25,75,0,28.6,fishing_anchor,1,0.0
2025,CAB0438,Intra-Asia,hyperscaler,2016,9,19,2912.0,4,None,640.6,534.6,46.2,0,25,77,0,30.2,none,0,0.0
2026,CAB0438,Intra-Asia,hyperscaler,2016,10,19,2912.0,4,None,640.6,550.6,54.5,0,25,77,0,31.7,none,0,
2018,CAB0439,Americas,hyperscaler,2018,0,7,5359.0,3,None,256.0,66.4,8.9,1,25,31,1,19.8,none,0,0.0
2019,CAB0439,Americas,hyperscaler,2018,1,7,5359.0,3,None,256.0,80.8,30.8,1,25,32,1,21.4,none,0,0.0
2020,CAB0439,Americas,hyperscaler,2018,2,7,5359.0,3,None,256.0,83.1,52.9,1,25,33,1,23.0,none,0,0.0
2021,CAB0439,Americas,hyperscaler,2018,3,7,5359.0,3,None,256.0,112.0,66.9,1,25,37,1,24.6,none,0,0.0
2022,CAB0439,Americas,hyperscaler,2018,4,7,5359.0,3,None,256.0,128.8,65.3,1,25,37,1,26.2,none,0,0.0
2023,CAB0439,Americas,hyperscaler,2018,5,7,5359.0,3,None,256.0,149.5,66.0,1,25,37,1,27.8,none,0,0.0
2024,CAB0439,Americas,hyperscaler,2018,6,7,5359.0,3,None,256.0,150.9,19.1,1,25,39,1,29.4,none,0,0.0
2025,CAB0439,Americas,hyperscaler,2018,7,7,5359.0,3,None,256.0,180.0,19.3,1,25,39,1,31.0,none,0,0.0
2026,CAB0439,Americas,hyperscaler,2018,8,7,5359.0,3,None,256.0,185.8,40.7,1,25,40,0,12.7,none,0,
2015,CAB0440,EMEA-Asia,carrier,2010,5,24,17158.0,4,None,603.4,314.4,48.8,1,25,27,1,27.8,none,0,0.0
2016,CAB0440,EMEA-Asia,carrier,2010,6,24,17158.0,4,None,603.4,340.8,41.1,1,25,29,1,29.4,none,0,0.0
2017,CAB0440,EMEA-Asia,carrier,2010,7,24,17158.0,4,None,603.4,405.3,72.6,1,25,32,1,31.0,none,0,1.0
2018,CAB0440,EMEA-Asia,carrier,2010,8,24,17158.0,4,None,603.4,389.0,75.1,1,25,34,1,32.5,fishing_anchor,1,0.0
2019,CAB0440,EMEA-Asia,carrier,2010,9,24,17158.0,4,None,603.4,442.1,44.7,1,25,37,1,34.1,none,0,0.0
2020,CAB0440,EMEA-Asia,carrier,2010,10,24,17158.0,4,None,603.4,535.3,81.1,1,25,40,0,15.9,none,0,0.0
2021,CAB0440,EMEA-Asia,carrier,2010,11,24,17158.0,4,None,603.4,516.5,72.2,1,25,44,0,17.5,none,0,0.0
2022,CAB0440,EMEA-Asia,carrier,2010,12,24,17158.0,4,None,603.4,544.9,34.4,1,25,45,0,19.0,none,0,0.0
2023,CAB0440,EMEA-Asia,carrier,2010,13,24,17158.0,4,None,603.4,603.4,86.0,1,25,47,0,20.6,none,0,0.0
2024,CAB0440,EMEA-Asia,carrier,2010,14,24,17158.0,4,None,603.4,603.4,48.1,1,25,48,0,22.2,none,0,0.0
2025,CAB0440,EMEA-Asia,carrier,2010,15,24,17158.0,4,None,603.4,603.4,53.8,1,25,47,0,23.8,none,0,0.0
2026,CAB0440,EMEA-Asia,carrier,2010,16,24,17158.0,4,None,603.4,603.4,38.4,1,25,47,0,25.4,none,0,
2022,CAB0441,Trans-Pacific,consortium,2022,0,11,14438.0,6,None,465.1,127.8,44.8,1,25,45,0,0.0,none,0,0.0
2023,CAB0441,Trans-Pacific,consortium,2022,1,11,14438.0,6,None,465.1,137.6,13.7,1,25,47,0,1.6,none,0,0.0
2024,CAB0441,Trans-Pacific,consortium,2022,2,11,14438.0,6,None,465.1,179.6,49.5,1,25,49,0,3.2,none,0,0.0
2025,CAB0441,Trans-Pacific,consortium,2022,3,11,14438.0,6,None,465.1,203.4,41.2,1,25,50,0,4.8,none,0,0.0
2026,CAB0441,Trans-Pacific,consortium,2022,4,11,14438.0,6,None,465.1,197.2,82.4,1,25,48,0,6.3,none,0,
2021,CAB0442,Americas,consortium,2021,0,22,6729.0,9,Panama,898.9,182.7,32.4,0,25,37,1,63.5,none,0,0.0
2022,CAB0442,Americas,consortium,2021,1,22,6729.0,9,Panama,898.9,221.5,64.4,0,25,37,1,65.1,none,0,0.0
2023,CAB0442,Americas,consortium,2021,2,22,6729.0,9,Panama,898.9,296.2,50.0,0,25,37,1,66.7,none,0,0.0
2024,CAB0442,Americas,consortium,2021,3,22,6729.0,9,Panama,898.9,318.6,20.3,0,25,39,1,68.3,none,0,0.0
2025,CAB0442,Americas,consortium,2021,4,22,6729.0,9,Panama,898.9,484.0,25.3,0,25,39,1,69.8,none,0,0.0
2026,CAB0442,Americas,consortium,2021,5,22,6729.0,9,Panama,898.9,515.2,57.1,0,25,40,0,51.6,none,0,
2021,CAB0443,EMEA-Asia,hyperscaler,2021,0,22,17715.0,8,Hormuz,898.9,227.1,18.5,0,25,44,0,43.7,none,0,0.0
2022,CAB0443,EMEA-Asia,hyperscaler,2021,1,22,17715.0,8,Hormuz,898.9,293.3,66.9,0,25,45,0,45.2,none,0,1.0
2023,CAB0443,EMEA-Asia,hyperscaler,2021,2,22,17715.0,8,Hormuz,898.9,357.0,55.3,0,25,47,0,46.8,natural_hazard,1,0.0
2024,CAB0443,EMEA-Asia,hyperscaler,2021,3,22,17715.0,8,Hormuz,898.9,417.4,64.0,0,25,48,0,48.4,none,0,0.0
2025,CAB0443,EMEA-Asia,hyperscaler,2021,4,22,17715.0,8,Hormuz,898.9,395.8,54.6,0,25,47,0,50.0,none,0,1.0
2026,CAB0443,EMEA-Asia,hyperscaler,2021,5,22,17715.0,8,Hormuz,898.9,560.3,41.7,0,25,47,0,51.6,fishing_anchor,1,
2021,CAB0444,EMEA-Asia,consortium,2021,0,17,9243.0,3,None,694.6,172.8,21.7,1,25,44,0,0.0,none,0,0.0
2022,CAB0444,EMEA-Asia,consortium,2021,1,17,9243.0,3,None,694.6,248.4,20.4,1,25,45,0,1.6,none,0,0.0
2023,CAB0444,EMEA-Asia,consortium,2021,2,17,9243.0,3,None,694.6,251.0,41.5,1,25,47,0,3.2,none,0,0.0
2024,CAB0444,EMEA-Asia,consortium,2021,3,17,9243.0,3,None,694.6,257.5,72.1,1,25,48,0,4.8,none,0,0.0
2025,CAB0444,EMEA-Asia,consortium,2021,4,17,9243.0,3,None,694.6,324.8,22.0,1,25,47,0,6.3,none,0,0.0
2026,CAB0444,EMEA-Asia,consortium,2021,5,17,9243.0,3,None,694.6,360.5,59.4,1,25,47,0,7.9,none,0,
2015,CAB0445,Trans-Pacific,consortium,2004,11,19,10698.0,5,None,314.9,292.5,37.1,0,25,35,1,53.2,none,0,0.0
2016,CAB0445,Trans-Pacific,consortium,2004,12,19,10698.0,5,None,314.9,314.9,42.7,0,25,37,1,54.8,none,0,0.0
2017,CAB0445,Trans-Pacific,consortium,2004,13,19,10698.0,5,None,314.9,310.3,34.4,0,25,38,1,56.3,none,0,0.0
2018,CAB0445,Trans-Pacific,consortium,2004,14,19,10698.0,5,None,314.9,314.9,86.7,0,25,39,1,57.9,none,0,1.0
2019,CAB0445,Trans-Pacific,consortium,2004,15,19,10698.0,5,None,314.9,314.9,38.5,0,25,41,0,39.7,suspected_external,1,0.0
2020,CAB0445,Trans-Pacific,consortium,2004,16,19,10698.0,5,None,314.9,314.9,37.5,0,25,42,0,41.3,none,0,0.0
2021,CAB0445,Trans-Pacific,consortium,2004,17,19,10698.0,5,None,314.9,314.9,85.2,0,25,43,0,42.9,none,0,1.0
2022,CAB0445,Trans-Pacific,consortium,2004,18,19,10698.0,5,None,314.9,314.9,74.5,0,25,45,0,44.4,fishing_anchor,1,1.0
2023,CAB0445,Trans-Pacific,consortium,2004,19,19,10698.0,5,None,314.9,314.9,82.0,0,25,47,0,46.0,fishing_anchor,1,1.0
2024,CAB0445,Trans-Pacific,consortium,2004,20,19,10698.0,5,None,314.9,314.9,72.5,0,25,49,0,47.6,fishing_anchor,1,0.0
2025,CAB0445,Trans-Pacific,consortium,2004,21,19,10698.0,5,None,314.9,314.9,80.2,0,25,50,0,49.2,none,0,0.0
2026,CAB0445,Trans-Pacific,consortium,2004,22,19,10698.0,5,None,314.9,314.9,100.0,0,25,48,0,50.8,none,0,
2015,CAB0446,Trans-Atlantic,consortium,2006,9,3,5704.0,7,None,58.3,41.1,88.1,1,25,33,1,34.1,none,0,0.0
2016,CAB0446,Trans-Atlantic,consortium,2006,10,3,5704.0,7,None,58.3,48.7,47.2,1,25,37,1,35.7,none,0,0.0
2017,CAB0446,Trans-Atlantic,consortium,2006,11,3,5704.0,7,None,58.3,49.4,80.4,1,25,37,1,37.3,none,0,0.0
2018,CAB0446,Trans-Atlantic,consortium,2006,12,3,5704.0,7,None,58.3,58.3,62.3,1,25,40,0,19.0,none,0,0.0
2019,CAB0446,Trans-Atlantic,consortium,2006,13,3,5704.0,7,None,58.3,54.6,66.7,1,25,45,0,20.6,none,0,0.0
2020,CAB0446,Trans-Atlantic,consortium,2006,14,3,5704.0,7,None,58.3,58.3,73.6,1,25,48,0,22.2,none,0,0.0
2021,CAB0446,Trans-Atlantic,consortium,2006,15,3,5704.0,7,None,58.3,58.3,71.6,1,25,50,0,23.8,none,0,0.0
2022,CAB0446,Trans-Atlantic,consortium,2006,16,3,5704.0,7,None,58.3,58.3,100.0,1,25,51,0,25.4,none,0,0.0
2023,CAB0446,Trans-Atlantic,consortium,2006,17,3,5704.0,7,None,58.3,58.3,55.0,1,25,54,0,27.0,none,0,0.0
2024,CAB0446,Trans-Atlantic,consortium,2006,18,3,5704.0,7,None,58.3,58.3,84.6,1,25,58,0,28.6,none,0,0.0
2025,CAB0446,Trans-Atlantic,consortium,2006,19,3,5704.0,7,None,58.3,58.3,73.7,1,25,62,0,30.2,none,0,0.0
2026,CAB0446,Trans-Atlantic,consortium,2006,20,3,5704.0,7,None,58.3,58.3,71.7,1,25,63,0,31.7,none,0,
2015,CAB0447,Intra-Europe,consortium,2011,4,4,2783.0,5,None,106.3,41.9,74.4,1,25,41,0,6.3,none,0,0.0
2016,CAB0447,Intra-Europe,consortium,2011,5,4,2783.0,5,None,106.3,51.3,53.1,1,25,42,0,7.9,none,0,1.0
2017,CAB0447,Intra-Europe,consortium,2011,6,4,2783.0,5,None,106.3,62.4,48.8,1,25,44,0,9.5,equipment,1,1.0
2018,CAB0447,Intra-Europe,consortium,2011,7,4,2783.0,5,None,106.3,78.5,35.6,1,25,45,0,11.1,fishing_anchor,1,0.0
2019,CAB0447,Intra-Europe,consortium,2011,8,4,2783.0,5,None,106.3,72.7,47.6,1,25,47,0,12.7,none,0,0.0
2020,CAB0447,Intra-Europe,consortium,2011,9,4,2783.0,5,None,106.3,80.1,29.6,1,25,49,0,14.3,none,0,0.0
2021,CAB0447,Intra-Europe,consortium,2011,10,4,2783.0,5,None,106.3,97.1,86.8,1,25,49,0,15.9,none,0,1.0
2022,CAB0447,Intra-Europe,consortium,2011,11,4,2783.0,5,None,106.3,102.9,94.3,1,25,52,0,17.5,natural_hazard,1,0.0
2023,CAB0447,Intra-Europe,consortium,2011,12,4,2783.0,5,None,106.3,99.6,67.0,1,25,53,0,19.0,none,0,1.0
2024,CAB0447,Intra-Europe,consortium,2011,13,4,2783.0,5,None,106.3,106.3,88.2,1,25,53,0,20.6,natural_hazard,1,0.0
2025,CAB0447,Intra-Europe,consortium,2011,14,4,2783.0,5,None,106.3,106.3,83.8,1,25,58,0,22.2,none,0,0.0
2026,CAB0447,Intra-Europe,consortium,2011,15,4,2783.0,5,None,106.3,106.3,70.4,1,25,60,0,23.8,none,0,
2023,CAB0448,Africa-Coastal,consortium,2023,0,17,4710.0,3,None,743.1,146.0,42.5,1,25,47,0,0.0,none,0,0.0
2024,CAB0448,Africa-Coastal,consortium,2023,1,17,4710.0,3,None,743.1,206.9,14.4,1,25,49,0,1.6,none,0,0.0
2025,CAB0448,Africa-Coastal,consortium,2023,2,17,4710.0,3,None,743.1,250.4,57.3,1,25,52,0,3.2,none,0,1.0
2026,CAB0448,Africa-Coastal,consortium,2023,3,17,4710.0,3,None,743.1,284.0,20.3,1,25,53,0,4.8,fishing_anchor,1,
2015,CAB0449,EMEA-Asia,consortium,2013,2,18,16011.0,4,None,529.7,161.6,45.4,0,25,27,1,38.9,none,0,0.0
2016,CAB0449,EMEA-Asia,consortium,2013,3,18,16011.0,4,None,529.7,208.7,50.3,0,25,29,1,40.5,none,0,0.0
2017,CAB0449,EMEA-Asia,consortium,2013,4,18,16011.0,4,None,529.7,235.3,14.0,0,25,32,1,42.1,none,0,1.0
2018,CAB0449,EMEA-Asia,consortium,2013,5,18,16011.0,4,None,529.7,330.1,12.5,0,25,34,1,43.7,fishing_anchor,1,1.0
2019,CAB0449,EMEA-Asia,consortium,2013,6,18,16011.0,4,None,529.7,292.7,35.3,0,25,37,1,45.2,equipment,1,0.0
2020,CAB0449,EMEA-Asia,consortium,2013,7,18,16011.0,4,None,529.7,336.3,83.8,0,25,40,0,27.0,none,0,0.0
2021,CAB0449,EMEA-Asia,consortium,2013,8,18,16011.0,4,None,529.7,365.2,46.6,0,25,44,0,28.6,none,0,0.0
2022,CAB0449,EMEA-Asia,consortium,2013,9,18,16011.0,4,None,529.7,401.2,54.7,0,25,45,0,30.2,none,0,0.0
2023,CAB0449,EMEA-Asia,consortium,2013,10,18,16011.0,4,None,529.7,478.9,46.0,0,25,47,0,31.7,none,0,0.0
2024,CAB0449,EMEA-Asia,consortium,2013,11,18,16011.0,4,None,529.7,497.3,60.8,0,25,48,0,33.3,none,0,1.0
2025,CAB0449,EMEA-Asia,consortium,2013,12,18,16011.0,4,None,529.7,517.5,48.5,0,25,47,0,34.9,fishing_anchor,1,0.0
2026,CAB0449,EMEA-Asia,consortium,2013,13,18,16011.0,4,None,529.7,521.4,82.9,0,25,47,0,36.5,none,0,
2015,CAB0450,Trans-Pacific,hyperscaler,2006,9,10,9055.0,5,None,194.3,157.9,54.7,1,25,35,1,34.1,none,0,0.0
2016,CAB0450,Trans-Pacific,hyperscaler,2006,10,10,9055.0,5,None,194.3,151.6,87.3,1,25,37,1,35.7,none,0,0.0
2017,CAB0450,Trans-Pacific,hyperscaler,2006,11,10,9055.0,5,None,194.3,193.5,93.1,1,25,38,1,37.3,none,0,0.0
2018,CAB0450,Trans-Pacific,hyperscaler,2006,12,10,9055.0,5,None,194.3,183.8,88.6,1,25,39,1,38.9,none,0,0.0
2019,CAB0450,Trans-Pacific,hyperscaler,2006,13,10,9055.0,5,None,194.3,194.3,82.0,1,25,41,0,20.6,none,0,0.0
2020,CAB0450,Trans-Pacific,hyperscaler,2006,14,10,9055.0,5,None,194.3,194.3,91.5,1,25,42,0,22.2,none,0,0.0
2021,CAB0450,Trans-Pacific,hyperscaler,2006,15,10,9055.0,5,None,194.3,194.3,57.8,1,25,43,0,23.8,none,0,0.0
2022,CAB0450,Trans-Pacific,hyperscaler,2006,16,10,9055.0,5,None,194.3,194.3,58.8,1,25,45,0,25.4,none,0,0.0
2023,CAB0450,Trans-Pacific,hyperscaler,2006,17,10,9055.0,5,None,194.3,194.3,90.0,1,25,47,0,27.0,none,0,0.0
2024,CAB0450,Trans-Pacific,hyperscaler,2006,18,10,9055.0,5,None,194.3,194.3,65.2,1,25,49,0,28.6,none,0,0.0
2025,CAB0450,Trans-Pacific,hyperscaler,2006,19,10,9055.0,5,None,194.3,194.3,100.0,1,25,50,0,30.2,none,0,0.0
2026,CAB0450,Trans-Pacific,hyperscaler,2006,20,10,9055.0,5,None,194.3,194.3,100.0,1,25,48,0,31.7,none,0,
2015,CAB0451,Americas,consortium,1999,16,22,2345.0,5,None,207.4,207.4,51.9,1,25,28,1,45.2,none,0,0.0
2016,CAB0451,Americas,consortium,1999,17,22,2345.0,5,None,207.4,207.4,37.8,1,25,29,1,46.8,none,0,0.0
2017,CAB0451,Americas,consortium,1999,18,22,2345.0,5,None,207.4,207.4,69.4,1,25,29,1,48.4,none,0,0.0
2018,CAB0451,Americas,consortium,1999,19,22,2345.0,5,None,207.4,207.4,92.7,1,25,31,1,50.0,none,0,0.0
2019,CAB0451,Americas,consortium,1999,20,22,2345.0,5,None,207.4,207.4,100.0,1,25,32,1,51.6,none,0,0.0
2020,CAB0451,Americas,consortium,1999,21,22,2345.0,5,None,207.4,207.4,59.9,1,25,33,1,53.2,none,0,0.0
2021,CAB0451,Americas,consortium,1999,22,22,2345.0,5,None,207.4,207.4,100.0,1,25,37,1,54.8,none,0,0.0
2022,CAB0451,Americas,consortium,1999,23,22,2345.0,5,None,207.4,207.4,59.9,1,25,37,1,56.3,none,0,0.0
2023,CAB0451,Americas,consortium,1999,24,22,2345.0,5,None,207.4,207.4,100.0,1,25,37,1,57.9,none,0,0.0
2024,CAB0451,Americas,consortium,1999,25,22,2345.0,5,None,207.4,207.4,100.0,1,25,39,1,59.5,none,0,0.0
2025,CAB0451,Americas,consortium,1999,26,22,2345.0,5,None,207.4,207.4,69.4,1,25,39,1,61.1,none,0,
2015,CAB0452,Trans-Atlantic,hyperscaler,2005,10,5,7371.0,5,None,90.0,79.6,51.3,1,25,33,1,35.7,none,0,0.0
2016,CAB0452,Trans-Atlantic,hyperscaler,2005,11,5,7371.0,5,None,90.0,88.4,67.1,1,25,37,1,37.3,none,0,0.0
2017,CAB0452,Trans-Atlantic,hyperscaler,2005,12,5,7371.0,5,None,90.0,84.0,59.1,1,25,37,1,38.9,none,0,0.0
2018,CAB0452,Trans-Atlantic,hyperscaler,2005,13,5,7371.0,5,None,90.0,88.8,87.9,1,25,40,0,20.6,none,0,0.0
2019,CAB0452,Trans-Atlantic,hyperscaler,2005,14,5,7371.0,5,None,90.0,90.0,100.0,1,25,45,0,22.2,none,0,0.0
2020,CAB0452,Trans-Atlantic,hyperscaler,2005,15,5,7371.0,5,None,90.0,90.0,78.1,1,25,48,0,23.8,none,0,0.0
2021,CAB0452,Trans-Atlantic,hyperscaler,2005,16,5,7371.0,5,None,90.0,90.0,57.0,1,25,50,0,25.4,none,0,0.0
2022,CAB0452,Trans-Atlantic,hyperscaler,2005,17,5,7371.0,5,None,90.0,90.0,55.4,1,25,51,0,27.0,none,0,0.0
2023,CAB0452,Trans-Atlantic,hyperscaler,2005,18,5,7371.0,5,None,90.0,90.0,73.0,1,25,54,0,28.6,none,0,0.0
2024,CAB0452,Trans-Atlantic,hyperscaler,2005,19,5,7371.0,5,None,90.0,90.0,70.1,1,25,58,0,30.2,none,0,0.0
2025,CAB0452,Trans-Atlantic,hyperscaler,2005,20,5,7371.0,5,None,90.0,90.0,51.1,1,25,62,0,31.7,none,0,0.0
2026,CAB0452,Trans-Atlantic,hyperscaler,2005,21,5,7371.0,5,None,90.0,90.0,71.2,1,25,63,0,33.3,none,0,
2019,CAB0453,EMEA-Asia,consortium,2019,0,16,11735.0,4,Hormuz,608.0,222.7,15.8,1,25,37,1,47.6,none,0,0.0
2020,CAB0453,EMEA-Asia,consortium,2019,1,16,11735.0,4,Hormuz,608.0,148.5,46.7,1,25,40,0,29.4,none,0,0.0
2021,CAB0453,EMEA-Asia,consortium,2019,2,16,11735.0,4,Hormuz,608.0,188.7,60.3,1,25,44,0,31.0,none,0,0.0
2022,CAB0453,EMEA-Asia,consortium,2019,3,16,11735.0,4,Hormuz,608.0,320.6,73.3,1,25,45,0,32.5,none,0,0.0
2023,CAB0453,EMEA-Asia,consortium,2019,4,16,11735.0,4,Hormuz,608.0,274.0,64.8,1,25,47,0,34.1,none,0,0.0
2024,CAB0453,EMEA-Asia,consortium,2019,5,16,11735.0,4,Hormuz,608.0,352.1,17.1,1,25,48,0,35.7,none,0,0.0
2025,CAB0453,EMEA-Asia,consortium,2019,6,16,11735.0,4,Hormuz,608.0,348.9,52.5,1,25,47,0,37.3,none,0,0.0
2026,CAB0453,EMEA-Asia,consortium,2019,7,16,11735.0,4,Hormuz,608.0,427.2,19.3,1,25,47,0,38.9,none,0,
2015,CAB0454,Intra-Pacific-Islands,consortium,2001,14,8,2409.0,6,None,98.3,98.3,70.5,1,25,28,1,42.1,none,0,0.0
2016,CAB0454,Intra-Pacific-Islands,consortium,2001,15,8,2409.0,6,None,98.3,98.3,46.8,1,25,29,1,43.7,none,0,0.0
2017,CAB0454,Intra-Pacific-Islands,consortium,2001,16,8,2409.0,6,None,98.3,98.3,86.0,1,25,29,1,45.2,none,0,0.0
2018,CAB0454,Intra-Pacific-Islands,consortium,2001,17,8,2409.0,6,None,98.3,98.3,80.2,1,25,30,1,46.8,none,0,0.0
2019,CAB0454,Intra-Pacific-Islands,consortium,2001,18,8,2409.0,6,None,98.3,98.3,72.8,1,25,35,1,48.4,none,0,0.0
2020,CAB0454,Intra-Pacific-Islands,consortium,2001,19,8,2409.0,6,None,98.3,98.3,100.0,1,25,40,0,30.2,none,0,0.0
2021,CAB0454,Intra-Pacific-Islands,consortium,2001,20,8,2409.0,6,None,98.3,98.3,49.1,1,25,41,0,31.7,none,0,0.0
2022,CAB0454,Intra-Pacific-Islands,consortium,2001,21,8,2409.0,6,None,98.3,98.3,75.7,1,25,43,0,33.3,none,0,0.0
2023,CAB0454,Intra-Pacific-Islands,consortium,2001,22,8,2409.0,6,None,98.3,98.3,100.0,1,25,45,0,34.9,none,0,0.0
2024,CAB0454,Intra-Pacific-Islands,consortium,2001,23,8,2409.0,6,None,98.3,98.3,80.9,1,25,48,0,36.5,none,0,0.0
2025,CAB0454,Intra-Pacific-Islands,consortium,2001,24,8,2409.0,6,None,98.3,98.3,100.0,1,25,50,0,38.1,none,0,0.0
2026,CAB0454,Intra-Pacific-Islands,consortium,2001,25,8,2409.0,6,None,98.3,98.3,85.7,1,25,51,0,39.7,none,0,
2015,CAB0455,Intra-Europe,carrier,2013,2,6,2361.0,8,None,176.6,52.9,37.4,1,25,41,0,3.2,none,0,0.0
2016,CAB0455,Intra-Europe,carrier,2013,3,6,2361.0,8,None,176.6,70.9,20.3,1,25,42,0,4.8,none,0,0.0
2017,CAB0455,Intra-Europe,carrier,2013,4,6,2361.0,8,None,176.6,84.4,26.5,1,25,44,0,6.3,none,0,0.0
2018,CAB0455,Intra-Europe,carrier,2013,5,6,2361.0,8,None,176.6,110.1,33.8,1,25,45,0,7.9,none,0,0.0
2019,CAB0455,Intra-Europe,carrier,2013,6,6,2361.0,8,None,176.6,100.3,75.5,1,25,47,0,9.5,none,0,0.0
2020,CAB0455,Intra-Europe,carrier,2013,7,6,2361.0,8,None,176.6,122.3,31.3,1,25,49,0,11.1,none,0,0.0
2021,CAB0455,Intra-Europe,carrier,2013,8,6,2361.0,8,None,176.6,135.7,93.3,1,25,49,0,12.7,none,0,0.0
2022,CAB0455,Intra-Europe,carrier,2013,9,6,2361.0,8,None,176.6,141.3,99.2,1,25,52,0,14.3,none,0,0.0
2023,CAB0455,Intra-Europe,carrier,2013,10,6,2361.0,8,None,176.6,156.3,37.9,1,25,53,0,15.9,none,0,0.0
2024,CAB0455,Intra-Europe,carrier,2013,11,6,2361.0,8,None,176.6,162.4,68.9,1,25,53,0,17.5,none,0,0.0
2025,CAB0455,Intra-Europe,carrier,2013,12,6,2361.0,8,None,176.6,159.8,72.4,1,25,58,0,19.0,none,0,0.0
2026,CAB0455,Intra-Europe,carrier,2013,13,6,2361.0,8,None,176.6,176.6,36.6,1,25,60,0,20.6,none,0,
2024,CAB0456,Africa-Coastal,consortium,2024,0,12,3683.0,6,None,541.7,121.8,55.2,1,25,49,0,0.0,none,0,0.0
2025,CAB0456,Africa-Coastal,consortium,2024,1,12,3683.0,6,None,541.7,222.6,9.8,1,25,52,0,1.6,none,0,0.0
2026,CAB0456,Africa-Coastal,consortium,2024,2,12,3683.0,6,None,541.7,177.8,45.8,1,25,53,0,3.2,none,0,
2021,CAB0457,Intra-Asia,consortium,2021,0,17,1736.0,5,None,694.6,147.3,41.5,1,25,69,0,0.0,none,0,0.0
2022,CAB0457,Intra-Asia,consortium,2021,1,17,1736.0,5,None,694.6,227.6,49.2,1,25,70,0,1.6,none,0,0.0
2023,CAB0457,Intra-Asia,consortium,2021,2,17,1736.0,5,None,694.6,357.8,57.1,1,25,70,0,3.2,none,0,0.0
2024,CAB0457,Intra-Asia,consortium,2021,3,17,1736.0,5,None,694.6,353.7,83.1,1,25,75,0,4.8,none,0,0.0
2025,CAB0457,Intra-Asia,consortium,2021,4,17,1736.0,5,None,694.6,286.3,22.8,1,25,77,0,6.3,none,0,0.0
2026,CAB0457,Intra-Asia,consortium,2021,5,17,1736.0,5,None,694.6,329.1,35.5,1,25,77,0,7.9,none,0,
2015,CAB0458,Africa-Coastal,consortium,2015,0,4,11197.0,4,None,129.1,37.8,67.1,1,25,36,1,19.8,none,0,0.0
2016,CAB0458,Africa-Coastal,consortium,2015,1,4,11197.0,4,None,129.1,38.0,86.7,1,25,37,1,21.4,none,0,0.0
2017,CAB0458,Africa-Coastal,consortium,2015,2,4,11197.0,4,None,129.1,35.6,9.6,1,25,40,0,3.2,none,0,0.0
2018,CAB0458,Africa-Coastal,consortium,2015,3,4,11197.0,4,None,129.1,60.6,15.6,1,25,40,0,4.8,none,0,1.0
2019,CAB0458,Africa-Coastal,consortium,2015,4,4,11197.0,4,None,129.1,62.0,42.4,1,25,42,0,6.3,fishing_anchor,1,1.0
2020,CAB0458,Africa-Coastal,consortium,2015,5,4,11197.0,4,None,129.1,64.2,76.4,1,25,43,0,7.9,equipment,1,0.0
2021,CAB0458,Africa-Coastal,consortium,2015,6,4,11197.0,4,None,129.1,78.6,22.1,1,25,44,0,9.5,none,0,0.0
2022,CAB0458,Africa-Coastal,consortium,2015,7,4,11197.0,4,None,129.1,87.4,70.0,1,25,45,0,11.1,none,0,0.0
2023,CAB0458,Africa-Coastal,consortium,2015,8,4,11197.0,4,None,129.1,104.1,57.9,1,25,47,0,12.7,none,0,0.0
2024,CAB0458,Africa-Coastal,consortium,2015,9,4,11197.0,4,None,129.1,103.9,65.0,1,25,49,0,14.3,none,0,1.0
2025,CAB0458,Africa-Coastal,consortium,2015,10,4,11197.0,4,None,129.1,103.6,57.5,1,25,52,0,15.9,fishing_anchor,1,1.0
2026,CAB0458,Africa-Coastal,consortium,2015,11,4,11197.0,4,None,129.1,125.4,92.4,1,25,53,0,17.5,fishing_anchor,1,
2019,CAB0459,Trans-Atlantic,carrier,2019,0,48,6581.0,8,None,1824.0,211.1,23.8,0,25,45,0,15.9,none,0,0.0
2020,CAB0459,Trans-Atlantic,carrier,2019,1,48,6581.0,8,None,1824.0,684.6,11.1,0,25,48,0,17.5,none,0,0.0
2021,CAB0459,Trans-Atlantic,carrier,2019,2,48,6581.0,8,None,1824.0,620.9,28.8,0,25,50,0,19.0,none,0,0.0
2022,CAB0459,Trans-Atlantic,carrier,2019,3,48,6581.0,8,None,1824.0,902.0,65.8,0,25,51,0,20.6,none,0,0.0
2023,CAB0459,Trans-Atlantic,carrier,2019,4,48,6581.0,8,None,1824.0,974.6,75.6,0,25,54,0,22.2,none,0,0.0
2024,CAB0459,Trans-Atlantic,carrier,2019,5,48,6581.0,8,None,1824.0,1024.9,69.9,0,25,58,0,23.8,none,0,0.0
2025,CAB0459,Trans-Atlantic,carrier,2019,6,48,6581.0,8,None,1824.0,1009.2,42.1,0,25,62,0,25.4,none,0,0.0
2026,CAB0459,Trans-Atlantic,carrier,2019,7,48,6581.0,8,None,1824.0,1327.0,29.8,0,25,63,0,27.0,none,0,
2015,CAB0460,Trans-Pacific,carrier,1998,17,14,14102.0,5,None,112.0,112.0,99.4,1,25,35,1,46.8,none,0,0.0
2016,CAB0460,Trans-Pacific,carrier,1998,18,14,14102.0,5,None,112.0,112.0,88.4,1,25,37,1,48.4,none,0,0.0
2017,CAB0460,Trans-Pacific,carrier,1998,19,14,14102.0,5,None,112.0,112.0,72.8,1,25,38,1,50.0,none,0,0.0
2018,CAB0460,Trans-Pacific,carrier,1998,20,14,14102.0,5,None,112.0,112.0,57.3,1,25,39,1,51.6,none,0,0.0
2019,CAB0460,Trans-Pacific,carrier,1998,21,14,14102.0,5,None,112.0,112.0,72.1,1,25,41,0,33.3,none,0,0.0
2020,CAB0460,Trans-Pacific,carrier,1998,22,14,14102.0,5,None,112.0,112.0,100.0,1,25,42,0,34.9,none,0,0.0
2021,CAB0460,Trans-Pacific,carrier,1998,23,14,14102.0,5,None,112.0,112.0,91.7,1,25,43,0,36.5,none,0,0.0
2022,CAB0460,Trans-Pacific,carrier,1998,24,14,14102.0,5,None,112.0,112.0,100.0,1,25,45,0,38.1,none,0,0.0
2023,CAB0460,Trans-Pacific,carrier,1998,25,14,14102.0,5,None,112.0,112.0,100.0,1,25,47,0,39.7,none,0,0.0
2024,CAB0460,Trans-Pacific,carrier,1998,26,14,14102.0,5,None,112.0,112.0,61.1,1,25,49,0,41.3,none,0,0.0
2025,CAB0460,Trans-Pacific,carrier,1998,27,14,14102.0,5,None,112.0,112.0,85.7,1,25,50,0,42.9,none,0,
2015,CAB0461,Intra-Asia,carrier,2012,3,8,3554.0,6,None,224.0,90.6,40.6,0,25,53,0,20.6,none,0,0.0
2016,CAB0461,Intra-Asia,carrier,2012,4,8,3554.0,6,None,224.0,107.8,75.7,0,25,59,0,22.2,none,0,0.0
2017,CAB0461,Intra-Asia,carrier,2012,5,8,3554.0,6,None,224.0,119.3,67.0,0,25,60,0,23.8,none,0,0.0
2018,CAB0461,Intra-Asia,carrier,2012,6,8,3554.0,6,None,224.0,124.2,36.5,0,25,62,0,25.4,none,0,0.0
2019,CAB0461,Intra-Asia,carrier,2012,7,8,3554.0,6,None,224.0,130.4,44.7,0,25,64,0,27.0,none,0,0.0
2020,CAB0461,Intra-Asia,carrier,2012,8,8,3554.0,6,None,224.0,159.5,23.9,0,25,66,0,28.6,none,0,0.0
2021,CAB0461,Intra-Asia,carrier,2012,9,8,3554.0,6,None,224.0,188.8,72.5,0,25,69,0,30.2,none,0,0.0
2022,CAB0461,Intra-Asia,carrier,2012,10,8,3554.0,6,None,224.0,202.8,50.8,0,25,70,0,31.7,none,0,0.0
2023,CAB0461,Intra-Asia,carrier,2012,11,8,3554.0,6,None,224.0,203.1,93.0,0,25,70,0,33.3,none,0,0.0
2024,CAB0461,Intra-Asia,carrier,2012,12,8,3554.0,6,None,224.0,219.0,100.0,0,25,75,0,34.9,none,0,0.0
2025,CAB0461,Intra-Asia,carrier,2012,13,8,3554.0,6,None,224.0,224.0,40.5,0,25,77,0,36.5,none,0,0.0
2026,CAB0461,Intra-Asia,carrier,2012,14,8,3554.0,6,None,224.0,224.0,50.5,0,25,77,0,38.1,none,0,
2022,CAB0462,Trans-Atlantic,carrier,2022,0,8,6636.0,4,None,338.3,79.2,37.2,0,25,51,0,15.9,none,0,0.0
2023,CAB0462,Trans-Atlantic,carrier,2022,1,8,6636.0,4,None,338.3,126.0,45.9,0,25,54,0,17.5,none,0,0.0
2024,CAB0462,Trans-Atlantic,carrier,2022,2,8,6636.0,4,None,338.3,148.3,25.1,0,25,58,0,19.0,none,0,0.0
2025,CAB0462,Trans-Atlantic,carrier,2022,3,8,6636.0,4,None,338.3,109.3,10.5,0,25,62,0,20.6,none,0,0.0
2026,CAB0462,Trans-Atlantic,carrier,2022,4,8,6636.0,4,None,338.3,179.6,40.6,0,25,63,0,22.2,none,0,
2025,CAB0463,Intra-Europe,hyperscaler,2025,0,12,2970.0,5,None,558.9,144.9,37.8,1,25,58,0,0.0,none,0,0.0
2026,CAB0463,Intra-Europe,hyperscaler,2025,1,12,2970.0,5,None,558.9,187.8,71.0,1,25,60,0,1.6,none,0,
2015,CAB0464,Africa-Coastal,hyperscaler,2002,13,4,4670.0,4,None,54.9,54.9,53.8,1,25,36,1,40.5,none,0,0.0
2016,CAB0464,Africa-Coastal,hyperscaler,2002,14,4,4670.0,4,None,54.9,54.9,68.7,1,25,37,1,42.1,none,0,0.0
2017,CAB0464,Africa-Coastal,hyperscaler,2002,15,4,4670.0,4,None,54.9,54.9,100.0,1,25,40,0,23.8,none,0,0.0
2018,CAB0464,Africa-Coastal,hyperscaler,2002,16,4,4670.0,4,None,54.9,54.9,56.0,1,25,40,0,25.4,none,0,0.0
2019,CAB0464,Africa-Coastal,hyperscaler,2002,17,4,4670.0,4,None,54.9,54.9,100.0,1,25,42,0,27.0,none,0,0.0
2020,CAB0464,Africa-Coastal,hyperscaler,2002,18,4,4670.0,4,None,54.9,54.9,100.0,1,25,43,0,28.6,none,0,0.0
2021,CAB0464,Africa-Coastal,hyperscaler,2002,19,4,4670.0,4,None,54.9,54.9,94.9,1,25,44,0,30.2,none,0,0.0
2022,CAB0464,Africa-Coastal,hyperscaler,2002,20,4,4670.0,4,None,54.9,54.9,93.0,1,25,45,0,31.7,none,0,0.0
2023,CAB0464,Africa-Coastal,hyperscaler,2002,21,4,4670.0,4,None,54.9,54.9,63.7,1,25,47,0,33.3,none,0,0.0
2024,CAB0464,Africa-Coastal,hyperscaler,2002,22,4,4670.0,4,None,54.9,54.9,69.7,1,25,49,0,34.9,none,0,0.0
2025,CAB0464,Africa-Coastal,hyperscaler,2002,23,4,4670.0,4,None,54.9,54.9,91.0,1,25,52,0,36.5,none,0,0.0
2026,CAB0464,Africa-Coastal,hyperscaler,2002,24,4,4670.0,4,None,54.9,54.9,100.0,1,25,53,0,38.1,none,0,
2015,CAB0465,Americas,government,2000,15,5,2180.0,5,None,54.3,54.3,86.2,1,25,28,1,43.7,none,0,0.0
2016,CAB0465,Americas,government,2000,16,5,2180.0,5,None,54.3,54.3,96.0,1,25,29,1,45.2,none,0,0.0
2017,CAB0465,Americas,government,2000,17,5,2180.0,5,None,54.3,54.3,100.0,1,25,29,1,46.8,none,0,0.0
2018,CAB0465,Americas,government,2000,18,5,2180.0,5,None,54.3,54.3,61.5,1,25,31,1,48.4,none,0,0.0
2019,CAB0465,Americas,government,2000,19,5,2180.0,5,None,54.3,54.3,52.5,1,25,32,1,50.0,none,0,0.0
2020,CAB0465,Americas,government,2000,20,5,2180.0,5,None,54.3,54.3,61.5,1,25,33,1,51.6,none,0,0.0
2021,CAB0465,Americas,government,2000,21,5,2180.0,5,None,54.3,54.3,72.5,1,25,37,1,53.2,none,0,1.0
2022,CAB0465,Americas,government,2000,22,5,2180.0,5,None,54.3,54.3,100.0,1,25,37,1,54.8,fishing_anchor,1,0.0
2023,CAB0465,Americas,government,2000,23,5,2180.0,5,None,54.3,54.3,63.6,1,25,37,1,56.3,none,0,1.0
2024,CAB0465,Americas,government,2000,24,5,2180.0,5,None,54.3,54.3,89.8,1,25,39,1,57.9,fishing_anchor,1,0.0
2025,CAB0465,Americas,government,2000,25,5,2180.0,5,None,54.3,54.3,100.0,1,25,39,1,59.5,none,0,0.0
2026,CAB0465,Americas,government,2000,26,5,2180.0,5,None,54.3,54.3,74.3,1,25,40,0,41.3,none,0,
2015,CAB0466,Intra-Europe,hyperscaler,2014,1,7,609.0,3,None,216.0,45.1,35.4,0,25,41,0,17.5,none,0,0.0
2016,CAB0466,Intra-Europe,hyperscaler,2014,2,7,609.0,3,None,216.0,77.4,32.1,0,25,42,0,19.0,none,0,0.0
2017,CAB0466,Intra-Europe,hyperscaler,2014,3,7,609.0,3,None,216.0,94.4,58.8,0,25,44,0,20.6,none,0,0.0
2018,CAB0466,Intra-Europe,hyperscaler,2014,4,7,609.0,3,None,216.0,113.8,89.4,0,25,45,0,22.2,none,0,0.0
2019,CAB0466,Intra-Europe,hyperscaler,2014,5,7,609.0,3,None,216.0,100.9,15.1,0,25,47,0,23.8,none,0,0.0
2020,CAB0466,Intra-Europe,hyperscaler,2014,6,7,609.0,3,None,216.0,123.8,24.5,0,25,49,0,25.4,none,0,0.0
2021,CAB0466,Intra-Europe,hyperscaler,2014,7,7,609.0,3,None,216.0,145.9,76.2,0,25,49,0,27.0,none,0,0.0
2022,CAB0466,Intra-Europe,hyperscaler,2014,8,7,609.0,3,None,216.0,162.3,41.3,0,25,52,0,28.6,none,0,0.0
2023,CAB0466,Intra-Europe,hyperscaler,2014,9,7,609.0,3,None,216.0,174.8,60.4,0,25,53,0,30.2,none,0,0.0
2024,CAB0466,Intra-Europe,hyperscaler,2014,10,7,609.0,3,None,216.0,180.2,34.8,0,25,53,0,31.7,none,0,0.0
2025,CAB0466,Intra-Europe,hyperscaler,2014,11,7,609.0,3,None,216.0,197.8,56.5,0,25,58,0,33.3,none,0,0.0
2026,CAB0466,Intra-Europe,hyperscaler,2014,12,7,609.0,3,None,216.0,216.0,83.9,0,25,60,0,34.9,none,0,
2015,CAB0467,Trans-Atlantic,consortium,2000,15,4,5232.0,4,None,43.4,43.4,56.4,0,25,33,1,59.5,none,0,0.0
2016,CAB0467,Trans-Atlantic,consortium,2000,16,4,5232.0,4,None,43.4,43.4,100.0,0,25,37,1,61.1,none,0,1.0
2017,CAB0467,Trans-Atlantic,consortium,2000,17,4,5232.0,4,None,43.4,43.4,74.6,0,25,37,1,62.7,fishing_anchor,1,0.0
2018,CAB0467,Trans-Atlantic,consortium,2000,18,4,5232.0,4,None,43.4,43.4,63.8,0,25,40,0,44.4,none,0,0.0
2019,CAB0467,Trans-Atlantic,consortium,2000,19,4,5232.0,4,None,43.4,43.4,97.0,0,25,45,0,46.0,none,0,0.0
2020,CAB0467,Trans-Atlantic,consortium,2000,20,4,5232.0,4,None,43.4,43.4,73.4,0,25,48,0,47.6,none,0,0.0
2021,CAB0467,Trans-Atlantic,consortium,2000,21,4,5232.0,4,None,43.4,43.4,100.0,0,25,50,0,49.2,none,0,0.0
2022,CAB0467,Trans-Atlantic,consortium,2000,22,4,5232.0,4,None,43.4,43.4,100.0,0,25,51,0,50.8,none,0,0.0
2023,CAB0467,Trans-Atlantic,consortium,2000,23,4,5232.0,4,None,43.4,43.4,100.0,0,25,54,0,52.4,none,0,0.0
2024,CAB0467,Trans-Atlantic,consortium,2000,24,4,5232.0,4,None,43.4,43.4,100.0,0,25,58,0,54.0,none,0,0.0
2025,CAB0467,Trans-Atlantic,consortium,2000,25,4,5232.0,4,None,43.4,43.4,100.0,0,25,62,0,55.6,none,0,0.0
2026,CAB0467,Trans-Atlantic,consortium,2000,26,4,5232.0,4,None,43.4,43.4,100.0,0,25,63,0,57.1,none,0,
2024,CAB0468,Intra-Pacific-Islands,carrier,2024,0,24,1619.0,4,None,1083.4,232.8,32.9,1,25,48,0,0.0,none,0,0.0
2025,CAB0468,Intra-Pacific-Islands,carrier,2024,1,24,1619.0,4,None,1083.4,308.6,39.9,1,25,50,0,1.6,none,0,0.0
2026,CAB0468,Intra-Pacific-Islands,carrier,2024,2,24,1619.0,4,None,1083.4,396.1,62.5,1,25,51,0,3.2,none,0,
2015,CAB0469,Intra-Asia,government,2000,15,8,2432.0,3,None,86.9,86.9,78.5,1,25,53,0,23.8,none,0,0.0
2016,CAB0469,Intra-Asia,government,2000,16,8,2432.0,3,None,86.9,86.9,60.2,1,25,59,0,25.4,none,0,0.0
2017,CAB0469,Intra-Asia,government,2000,17,8,2432.0,3,None,86.9,86.9,74.7,1,25,60,0,27.0,none,0,0.0
2018,CAB0469,Intra-Asia,government,2000,18,8,2432.0,3,None,86.9,86.9,73.6,1,25,62,0,28.6,none,0,0.0
2019,CAB0469,Intra-Asia,government,2000,19,8,2432.0,3,None,86.9,86.9,95.3,1,25,64,0,30.2,none,0,1.0
2020,CAB0469,Intra-Asia,government,2000,20,8,2432.0,3,None,86.9,86.9,60.9,1,25,66,0,31.7,fishing_anchor,1,0.0
2021,CAB0469,Intra-Asia,government,2000,21,8,2432.0,3,None,86.9,86.9,100.0,1,25,69,0,33.3,none,0,1.0
2022,CAB0469,Intra-Asia,government,2000,22,8,2432.0,3,None,86.9,86.9,45.0,1,25,70,0,34.9,fishing_anchor,1,0.0
2023,CAB0469,Intra-Asia,government,2000,23,8,2432.0,3,None,86.9,86.9,70.0,1,25,70,0,36.5,none,0,0.0
2024,CAB0469,Intra-Asia,government,2000,24,8,2432.0,3,None,86.9,86.9,71.1,1,25,75,0,38.1,none,0,0.0
2025,CAB0469,Intra-Asia,government,2000,25,8,2432.0,3,None,86.9,86.9,92.6,1,25,77,0,39.7,none,0,
2015,CAB0470,Intra-Asia,hyperscaler,1998,17,14,4078.0,4,None,112.0,112.0,58.6,1,25,53,0,27.0,none,0,0.0
2016,CAB0470,Intra-Asia,hyperscaler,1998,18,14,4078.0,4,None,112.0,112.0,56.3,1,25,59,0,28.6,none,0,0.0
2017,CAB0470,Intra-Asia,hyperscaler,1998,19,14,4078.0,4,None,112.0,112.0,62.5,1,25,60,0,30.2,none,0,0.0
2018,CAB0470,Intra-Asia,hyperscaler,1998,20,14,4078.0,4,None,112.0,112.0,73.2,1,25,62,0,31.7,none,0,0.0
2019,CAB0470,Intra-Asia,hyperscaler,1998,21,14,4078.0,4,None,112.0,112.0,89.6,1,25,64,0,33.3,none,0,0.0
2020,CAB0470,Intra-Asia,hyperscaler,1998,22,14,4078.0,4,None,112.0,112.0,87.7,1,25,66,0,34.9,none,0,0.0
2021,CAB0470,Intra-Asia,hyperscaler,1998,23,14,4078.0,4,None,112.0,112.0,72.1,1,25,69,0,36.5,none,0,1.0
2022,CAB0470,Intra-Asia,hyperscaler,1998,24,14,4078.0,4,None,112.0,112.0,84.6,1,25,70,0,38.1,fishing_anchor,1,0.0
2023,CAB0470,Intra-Asia,hyperscaler,1998,25,14,4078.0,4,None,112.0,112.0,93.5,1,25,70,0,39.7,none,0,0.0
2024,CAB0470,Intra-Asia,hyperscaler,1998,26,14,4078.0,4,None,112.0,112.0,92.0,1,25,75,0,41.3,none,0,1.0
2025,CAB0470,Intra-Asia,hyperscaler,1998,27,14,4078.0,4,None,112.0,112.0,88.8,1,25,77,0,42.9,fishing_anchor,1,
2015,CAB0471,EMEA-Asia,hyperscaler,2004,11,13,17686.0,5,None,215.4,206.6,52.9,0,25,27,1,53.2,equipment,1,0.0
2016,CAB0471,EMEA-Asia,hyperscaler,2004,12,13,17686.0,5,None,215.4,210.5,79.3,0,25,29,1,54.8,none,0,0.0
2017,CAB0471,EMEA-Asia,hyperscaler,2004,13,13,17686.0,5,None,215.4,215.4,55.3,0,25,32,1,56.3,none,0,1.0
2018,CAB0471,EMEA-Asia,hyperscaler,2004,14,13,17686.0,5,None,215.4,215.4,60.8,0,25,34,1,57.9,fishing_anchor,1,1.0
2019,CAB0471,EMEA-Asia,hyperscaler,2004,15,13,17686.0,5,None,215.4,215.4,45.2,0,25,37,1,59.5,equipment,1,0.0
2020,CAB0471,EMEA-Asia,hyperscaler,2004,16,13,17686.0,5,None,215.4,215.4,71.6,0,25,40,0,41.3,none,0,1.0
2021,CAB0471,EMEA-Asia,hyperscaler,2004,17,13,17686.0,5,None,215.4,215.4,57.0,0,25,44,0,42.9,natural_hazard,1,1.0
2022,CAB0471,EMEA-Asia,hyperscaler,2004,18,13,17686.0,5,None,215.4,215.4,52.8,0,25,45,0,44.4,fishing_anchor,1,1.0
2023,CAB0471,EMEA-Asia,hyperscaler,2004,19,13,17686.0,5,None,215.4,215.4,54.3,0,25,47,0,46.0,fishing_anchor,1,0.0
2024,CAB0471,EMEA-Asia,hyperscaler,2004,20,13,17686.0,5,None,215.4,215.4,97.8,0,25,48,0,47.6,none,0,0.0
2025,CAB0471,EMEA-Asia,hyperscaler,2004,21,13,17686.0,5,None,215.4,215.4,100.0,0,25,47,0,49.2,none,0,1.0
2026,CAB0471,EMEA-Asia,hyperscaler,2004,22,13,17686.0,5,None,215.4,215.4,57.4,0,25,47,0,50.8,fishing_anchor,1,
2023,CAB0472,EMEA-Asia,carrier,2023,0,23,12712.0,5,None,1005.4,295.8,51.9,0,25,47,0,15.9,none,0,1.0
2024,CAB0472,EMEA-Asia,carrier,2023,1,23,12712.0,5,None,1005.4,326.9,24.2,0,25,48,0,17.5,fishing_anchor,1,0.0
2025,CAB0472,EMEA-Asia,carrier,2023,2,23,12712.0,5,None,1005.4,338.0,77.9,0,25,47,0,19.0,none,0,0.0
2026,CAB0472,EMEA-Asia,carrier,2023,3,23,12712.0,5,None,1005.4,461.4,48.7,0,25,47,0,20.6,none,0,
2015,CAB0473,Trans-Pacific,consortium,2004,11,29,10948.0,3,None,480.6,452.5,79.7,1,25,35,1,37.3,none,0,0.0
2016,CAB0473,Trans-Pacific,consortium,2004,12,29,10948.0,3,None,480.6,454.1,42.1,1,25,37,1,38.9,none,0,0.0
2017,CAB0473,Trans-Pacific,consortium,2004,13,29,10948.0,3,None,480.6,480.6,80.5,1,25,38,1,40.5,none,0,0.0
2018,CAB0473,Trans-Pacific,consortium,2004,14,29,10948.0,3,None,480.6,480.6,66.0,1,25,39,1,42.1,none,0,1.0
2019,CAB0473,Trans-Pacific,consortium,2004,15,29,10948.0,3,None,480.6,480.6,78.6,1,25,41,0,23.8,natural_hazard,1,0.0
2020,CAB0473,Trans-Pacific,consortium,2004,16,29,10948.0,3,None,480.6,480.6,100.0,1,25,42,0,25.4,none,0,0.0
2021,CAB0473,Trans-Pacific,consortium,2004,17,29,10948.0,3,None,480.6,480.6,44.0,1,25,43,0,27.0,none,0,0.0
2022,CAB0473,Trans-Pacific,consortium,2004,18,29,10948.0,3,None,480.6,480.6,62.0,1,25,45,0,28.6,none,0,0.0
2023,CAB0473,Trans-Pacific,consortium,2004,19,29,10948.0,3,None,480.6,480.6,70.2,1,25,47,0,30.2,none,0,0.0
2024,CAB0473,Trans-Pacific,consortium,2004,20,29,10948.0,3,None,480.6,480.6,64.2,1,25,49,0,31.7,none,0,0.0
2025,CAB0473,Trans-Pacific,consortium,2004,21,29,10948.0,3,None,480.6,480.6,100.0,1,25,50,0,33.3,none,0,0.0
2026,CAB0473,Trans-Pacific,consortium,2004,22,29,10948.0,3,None,480.6,480.6,52.0,1,25,48,0,34.9,none,0,
2021,CAB0474,Intra-Asia,hyperscaler,2021,0,22,3331.0,2,None,898.9,277.5,28.3,0,25,69,0,27.8,none,0,0.0
2022,CAB0474,Intra-Asia,hyperscaler,2021,1,22,3331.0,2,None,898.9,244.6,22.6,0,25,70,0,29.4,none,0,0.0
2023,CAB0474,Intra-Asia,hyperscaler,2021,2,22,3331.0,2,None,898.9,309.0,43.5,0,25,70,0,31.0,none,0,0.0
2024,CAB0474,Intra-Asia,hyperscaler,2021,3,22,3331.0,2,None,898.9,374.2,51.2,0,25,75,0,32.5,none,0,0.0
2025,CAB0474,Intra-Asia,hyperscaler,2021,4,22,3331.0,2,None,898.9,407.3,38.6,0,25,77,0,34.1,none,0,0.0
2026,CAB0474,Intra-Asia,hyperscaler,2021,5,22,3331.0,2,None,898.9,453.5,51.8,0,25,77,0,35.7,none,0,
2015,CAB0475,Trans-Pacific,consortium,2014,1,4,12994.0,5,None,123.4,38.6,22.4,1,25,35,1,21.4,none,0,0.0
2016,CAB0475,Trans-Pacific,consortium,2014,2,4,12994.0,5,None,123.4,39.3,68.8,1,25,37,1,23.0,none,0,0.0
2017,CAB0475,Trans-Pacific,consortium,2014,3,4,12994.0,5,None,123.4,48.1,86.1,1,25,38,1,24.6,none,0,0.0
2018,CAB0475,Trans-Pacific,consortium,2014,4,4,12994.0,5,None,123.4,74.9,89.5,1,25,39,1,26.2,none,0,0.0
2019,CAB0475,Trans-Pacific,consortium,2014,5,4,12994.0,5,None,123.4,68.7,64.4,1,25,41,0,7.9,none,0,0.0
2020,CAB0475,Trans-Pacific,consortium,2014,6,4,12994.0,5,None,123.4,63.2,58.1,1,25,42,0,9.5,none,0,0.0
2021,CAB0475,Trans-Pacific,consortium,2014,7,4,12994.0,5,None,123.4,79.7,74.7,1,25,43,0,11.1,none,0,1.0
2022,CAB0475,Trans-Pacific,consortium,2014,8,4,12994.0,5,None,123.4,88.0,88.6,1,25,45,0,12.7,fishing_anchor,1,0.0
2023,CAB0475,Trans-Pacific,consortium,2014,9,4,12994.0,5,None,123.4,98.5,42.2,1,25,47,0,14.3,none,0,0.0
2024,CAB0475,Trans-Pacific,consortium,2014,10,4,12994.0,5,None,123.4,102.3,59.5,1,25,49,0,15.9,none,0,0.0
2025,CAB0475,Trans-Pacific,consortium,2014,11,4,12994.0,5,None,123.4,109.6,86.7,1,25,50,0,17.5,none,0,1.0
2026,CAB0475,Trans-Pacific,consortium,2014,12,4,12994.0,5,None,123.4,122.4,74.2,1,25,48,0,19.0,fishing_anchor,1,
2015,CAB0476,Americas,consortium,2014,1,4,3075.0,3,Panama,123.4,32.9,21.1,1,25,28,1,49.2,none,0,0.0
2016,CAB0476,Americas,consortium,2014,2,4,3075.0,3,Panama,123.4,37.7,75.7,1,25,29,1,50.8,none,0,0.0
2017,CAB0476,Americas,consortium,2014,3,4,3075.0,3,Panama,123.4,54.6,30.8,1,25,29,1,52.4,none,0,0.0
2018,CAB0476,Americas,consortium,2014,4,4,3075.0,3,Panama,123.4,67.1,26.7,1,25,31,1,54.0,none,0,0.0
2019,CAB0476,Americas,consortium,2014,5,4,3075.0,3,Panama,123.4,74.8,51.5,1,25,32,1,55.6,none,0,1.0
2020,CAB0476,Americas,consortium,2014,6,4,3075.0,3,Panama,123.4,93.0,78.9,1,25,33,1,57.1,fishing_anchor,1,0.0
2021,CAB0476,Americas,consortium,2014,7,4,3075.0,3,Panama,123.4,79.2,100.0,1,25,37,1,58.7,none,0,0.0
2022,CAB0476,Americas,consortium,2014,8,4,3075.0,3,Panama,123.4,90.9,87.6,1,25,37,1,60.3,none,0,0.0
2023,CAB0476,Americas,consortium,2014,9,4,3075.0,3,Panama,123.4,97.2,39.3,1,25,37,1,61.9,none,0,0.0
2024,CAB0476,Americas,consortium,2014,10,4,3075.0,3,Panama,123.4,105.0,40.1,1,25,39,1,63.5,none,0,0.0
2025,CAB0476,Americas,consortium,2014,11,4,3075.0,3,Panama,123.4,99.1,64.7,1,25,39,1,65.1,none,0,0.0
2026,CAB0476,Americas,consortium,2014,12,4,3075.0,3,Panama,123.4,118.9,90.9,1,25,40,0,46.8,none,0,
2015,CAB0477,Africa-Coastal,consortium,2007,8,5,4459.0,5,None,104.3,90.3,45.3,1,25,36,1,32.5,none,0,0.0
2016,CAB0477,Africa-Coastal,consortium,2007,9,5,4459.0,5,None,104.3,87.5,59.7,1,25,37,1,34.1,none,0,0.0
2017,CAB0477,Africa-Coastal,consortium,2007,10,5,4459.0,5,None,104.3,93.2,36.1,1,25,40,0,15.9,none,0,0.0
2018,CAB0477,Africa-Coastal,consortium,2007,11,5,4459.0,5,None,104.3,85.6,88.3,1,25,40,0,17.5,none,0,0.0
2019,CAB0477,Africa-Coastal,consortium,2007,12,5,4459.0,5,None,104.3,92.8,38.7,1,25,42,0,19.0,none,0,0.0
2020,CAB0477,Africa-Coastal,consortium,2007,13,5,4459.0,5,None,104.3,104.3,70.9,1,25,43,0,20.6,none,0,0.0
2021,CAB0477,Africa-Coastal,consortium,2007,14,5,4459.0,5,None,104.3,104.3,48.6,1,25,44,0,22.2,none,0,0.0
2022,CAB0477,Africa-Coastal,consortium,2007,15,5,4459.0,5,None,104.3,104.3,67.5,1,25,45,0,23.8,none,0,0.0
2023,CAB0477,Africa-Coastal,consortium,2007,16,5,4459.0,5,None,104.3,104.3,100.0,1,25,47,0,25.4,none,0,0.0
2024,CAB0477,Africa-Coastal,consortium,2007,17,5,4459.0,5,None,104.3,104.3,99.7,1,25,49,0,27.0,none,0,1.0
2025,CAB0477,Africa-Coastal,consortium,2007,18,5,4459.0,5,None,104.3,104.3,80.4,1,25,52,0,28.6,fishing_anchor,1,0.0
2026,CAB0477,Africa-Coastal,consortium,2007,19,5,4459.0,5,None,104.3,104.3,53.1,1,25,53,0,30.2,none,0,
2015,CAB0478,Africa-Coastal,consortium,2010,5,16,5331.0,5,None,402.3,217.7,13.7,0,25,36,1,43.7,fishing_anchor,1,0.0
2016,CAB0478,Africa-Coastal,consortium,2010,6,16,5331.0,5,None,402.3,255.7,59.9,0,25,37,1,45.2,none,0,1.0
2017,CAB0478,Africa-Coastal,consortium,2010,7,16,5331.0,5,None,402.3,258.1,80.2,0,25,40,0,27.0,fishing_anchor,1,1.0
2018,CAB0478,Africa-Coastal,consortium,2010,8,16,5331.0,5,None,402.3,255.7,23.8,0,25,40,0,28.6,fishing_anchor,1,0.0
2019,CAB0478,Africa-Coastal,consortium,2010,9,16,5331.0,5,None,402.3,297.0,30.5,0,25,42,0,30.2,none,0,0.0
2020,CAB0478,Africa-Coastal,consortium,2010,10,16,5331.0,5,None,402.3,341.3,70.6,0,25,43,0,31.7,none,0,1.0
2021,CAB0478,Africa-Coastal,consortium,2010,11,16,5331.0,5,None,402.3,371.2,44.3,0,25,44,0,33.3,equipment,1,0.0
2022,CAB0478,Africa-Coastal,consortium,2010,12,16,5331.0,5,None,402.3,402.3,49.1,0,25,45,0,34.9,none,0,0.0
2023,CAB0478,Africa-Coastal,consortium,2010,13,16,5331.0,5,None,402.3,402.3,77.6,0,25,47,0,36.5,none,0,1.0
2024,CAB0478,Africa-Coastal,consortium,2010,14,16,5331.0,5,None,402.3,402.3,81.5,0,25,49,0,38.1,fishing_anchor,1,1.0
2025,CAB0478,Africa-Coastal,consortium,2010,15,16,5331.0,5,None,402.3,402.3,83.9,0,25,52,0,39.7,fishing_anchor,1,1.0
2026,CAB0478,Africa-Coastal,consortium,2010,16,16,5331.0,5,None,402.3,402.3,100.0,0,25,53,0,41.3,equipment,1,
2015,CAB0479,Intra-Asia,hyperscaler,2008,7,5,5592.0,8,None,111.4,71.5,19.9,0,25,53,0,27.0,none,0,0.0
2016,CAB0479,Intra-Asia,hyperscaler,2008,8,5,5592.0,8,None,111.4,78.1,60.1,0,25,59,0,28.6,none,0,1.0
2017,CAB0479,Intra-Asia,hyperscaler,2008,9,5,5592.0,8,None,111.4,71.1,48.3,0,25,60,0,30.2,fishing_anchor,1,0.0
2018,CAB0479,Intra-Asia,hyperscaler,2008,10,5,5592.0,8,None,111.4,89.3,32.2,0,25,62,0,31.7,none,0,0.0
2019,CAB0479,Intra-Asia,hyperscaler,2008,11,5,5592.0,8,None,111.4,101.8,47.1,0,25,64,0,33.3,none,0,1.0
2020,CAB0479,Intra-Asia,hyperscaler,2008,12,5,5592.0,8,None,111.4,108.4,49.5,0,25,66,0,34.9,fishing_anchor,1,1.0
2021,CAB0479,Intra-Asia,hyperscaler,2008,13,5,5592.0,8,None,111.4,107.2,34.7,0,25,69,0,36.5,fishing_anchor,1,0.0
2022,CAB0479,Intra-Asia,hyperscaler,2008,14,5,5592.0,8,None,111.4,111.4,100.0,0,25,70,0,38.1,none,0,0.0
2023,CAB0479,Intra-Asia,hyperscaler,2008,15,5,5592.0,8,None,111.4,111.4,73.1,0,25,70,0,39.7,none,0,1.0
2024,CAB0479,Intra-Asia,hyperscaler,2008,16,5,5592.0,8,None,111.4,111.4,94.1,0,25,75,0,41.3,fishing_anchor,1,0.0
2025,CAB0479,Intra-Asia,hyperscaler,2008,17,5,5592.0,8,None,111.4,111.4,66.7,0,25,77,0,42.9,none,0,1.0
2026,CAB0479,Intra-Asia,hyperscaler,2008,18,5,5592.0,8,None,111.4,111.4,86.3,0,25,77,0,44.4,fishing_anchor,1,
2020,CAB0480,Intra-Pacific-Islands,carrier,2020,0,5,2929.0,5,None,197.1,57.6,57.9,1,25,40,0,0.0,none,0,0.0
2021,CAB0480,Intra-Pacific-Islands,carrier,2020,1,5,2929.0,5,None,197.1,62.1,30.7,1,25,41,0,1.6,none,0,0.0
2022,CAB0480,Intra-Pacific-Islands,carrier,2020,2,5,2929.0,5,None,197.1,64.5,33.9,1,25,43,0,3.2,none,0,0.0
2023,CAB0480,Intra-Pacific-Islands,carrier,2020,3,5,2929.0,5,None,197.1,85.8,77.7,1,25,45,0,4.8,none,0,0.0
2024,CAB0480,Intra-Pacific-Islands,carrier,2020,4,5,2929.0,5,None,197.1,73.2,69.9,1,25,48,0,6.3,none,0,0.0
2025,CAB0480,Intra-Pacific-Islands,carrier,2020,5,5,2929.0,5,None,197.1,101.4,41.4,1,25,50,0,7.9,none,0,0.0
2026,CAB0480,Intra-Pacific-Islands,carrier,2020,6,5,2929.0,5,None,197.1,110.1,62.0,1,25,51,0,9.5,none,0,
2015,CAB0481,EMEA-Asia,government,2009,6,3,19210.0,2,None,71.1,47.7,67.6,1,25,27,1,41.3,fishing_anchor,1,0.0
2016,CAB0481,EMEA-Asia,government,2009,7,3,19210.0,2,None,71.1,49.2,30.7,1,25,29,1,42.9,none,0,0.0
2017,CAB0481,EMEA-Asia,government,2009,8,3,19210.0,2,None,71.1,49.8,69.5,1,25,32,1,44.4,none,0,1.0
2018,CAB0481,EMEA-Asia,government,2009,9,3,19210.0,2,None,71.1,54.2,92.7,1,25,34,1,46.0,fishing_anchor,1,1.0
2019,CAB0481,EMEA-Asia,government,2009,10,3,19210.0,2,None,71.1,56.0,82.1,1,25,37,1,47.6,natural_hazard,1,0.0
2020,CAB0481,EMEA-Asia,government,2009,11,3,19210.0,2,None,71.1,70.8,90.0,1,25,40,0,29.4,none,0,0.0
2021,CAB0481,EMEA-Asia,government,2009,12,3,19210.0,2,None,71.1,70.4,40.3,1,25,44,0,31.0,none,0,0.0
2022,CAB0481,EMEA-Asia,government,2009,13,3,19210.0,2,None,71.1,69.3,87.3,1,25,45,0,32.5,none,0,1.0
2023,CAB0481,EMEA-Asia,government,2009,14,3,19210.0,2,None,71.1,71.1,68.6,1,25,47,0,34.1,fishing_anchor,1,0.0
2024,CAB0481,EMEA-Asia,government,2009,15,3,19210.0,2,None,71.1,71.1,74.3,1,25,48,0,35.7,none,0,1.0
2025,CAB0481,EMEA-Asia,government,2009,16,3,19210.0,2,None,71.1,71.1,71.8,1,25,47,0,37.3,equipment,1,0.0
2026,CAB0481,EMEA-Asia,government,2009,17,3,19210.0,2,None,71.1,71.1,66.9,1,25,47,0,38.9,none,0,
2024,CAB0482,Africa-Coastal,carrier,2024,0,6,5388.0,2,None,270.9,80.4,55.0,0,25,49,0,27.8,none,0,0.0
2025,CAB0482,Africa-Coastal,carrier,2024,1,6,5388.0,2,None,270.9,76.4,55.2,0,25,52,0,29.4,none,0,0.0
2026,CAB0482,Africa-Coastal,carrier,2024,2,6,5388.0,2,None,270.9,97.4,40.7,0,25,53,0,31.0,none,0,
2015,CAB0483,Intra-Pacific-Islands,consortium,1998,17,7,2081.0,2,None,56.0,56.0,74.9,1,25,28,1,58.7,none,0,0.0
2016,CAB0483,Intra-Pacific-Islands,consortium,1998,18,7,2081.0,2,None,56.0,56.0,94.9,1,25,29,1,60.3,none,0,0.0
2017,CAB0483,Intra-Pacific-Islands,consortium,1998,19,7,2081.0,2,None,56.0,56.0,54.6,1,25,29,1,61.9,none,0,1.0
2018,CAB0483,Intra-Pacific-Islands,consortium,1998,20,7,2081.0,2,None,56.0,56.0,69.2,1,25,30,1,63.5,natural_hazard,1,0.0
2019,CAB0483,Intra-Pacific-Islands,consortium,1998,21,7,2081.0,2,None,56.0,56.0,70.0,1,25,35,1,65.1,none,0,1.0
2020,CAB0483,Intra-Pacific-Islands,consortium,1998,22,7,2081.0,2,None,56.0,56.0,100.0,1,25,40,0,46.8,fishing_anchor,1,0.0
2021,CAB0483,Intra-Pacific-Islands,consortium,1998,23,7,2081.0,2,None,56.0,56.0,100.0,1,25,41,0,48.4,none,0,0.0
2022,CAB0483,Intra-Pacific-Islands,consortium,1998,24,7,2081.0,2,None,56.0,56.0,54.3,1,25,43,0,50.0,none,0,0.0
2023,CAB0483,Intra-Pacific-Islands,consortium,1998,25,7,2081.0,2,None,56.0,56.0,55.2,1,25,45,0,51.6,none,0,0.0
2024,CAB0483,Intra-Pacific-Islands,consortium,1998,26,7,2081.0,2,None,56.0,56.0,70.9,1,25,48,0,53.2,none,0,
2020,CAB0484,Trans-Atlantic,hyperscaler,2020,0,5,7233.0,5,None,197.1,48.9,50.2,0,25,48,0,15.9,none,0,0.0
2021,CAB0484,Trans-Atlantic,hyperscaler,2020,1,5,7233.0,5,None,197.1,69.5,14.4,0,25,50,0,17.5,none,0,0.0
2022,CAB0484,Trans-Atlantic,hyperscaler,2020,2,5,7233.0,5,None,197.1,71.3,60.6,0,25,51,0,19.0,none,0,0.0
2023,CAB0484,Trans-Atlantic,hyperscaler,2020,3,5,7233.0,5,None,197.1,80.4,66.3,0,25,54,0,20.6,none,0,0.0
2024,CAB0484,Trans-Atlantic,hyperscaler,2020,4,5,7233.0,5,None,197.1,90.9,12.9,0,25,58,0,22.2,none,0,0.0
2025,CAB0484,Trans-Atlantic,hyperscaler,2020,5,5,7233.0,5,None,197.1,105.1,52.9,0,25,62,0,23.8,none,0,0.0
2026,CAB0484,Trans-Atlantic,hyperscaler,2020,6,5,7233.0,5,None,197.1,124.1,19.5,0,25,63,0,25.4,none,0,
2015,CAB0485,Intra-Pacific-Islands,consortium,2001,14,2,2145.0,5,None,24.6,24.6,97.6,0,25,28,1,57.9,none,0,1.0
2016,CAB0485,Intra-Pacific-Islands,consortium,2001,15,2,2145.0,5,None,24.6,24.6,47.1,0,25,29,1,59.5,fishing_anchor,1,0.0
2017,CAB0485,Intra-Pacific-Islands,consortium,2001,16,2,2145.0,5,None,24.6,24.6,98.3,0,25,29,1,61.1,none,0,0.0
2018,CAB0485,Intra-Pacific-Islands,consortium,2001,17,2,2145.0,5,None,24.6,24.6,77.2,0,25,30,1,62.7,none,0,0.0
2019,CAB0485,Intra-Pacific-Islands,consortium,2001,18,2,2145.0,5,None,24.6,24.6,54.5,0,25,35,1,64.3,none,0,0.0
2020,CAB0485,Intra-Pacific-Islands,consortium,2001,19,2,2145.0,5,None,24.6,24.6,77.6,0,25,40,0,46.0,none,0,0.0
2021,CAB0485,Intra-Pacific-Islands,consortium,2001,20,2,2145.0,5,None,24.6,24.6,100.0,0,25,41,0,47.6,none,0,0.0
2022,CAB0485,Intra-Pacific-Islands,consortium,2001,21,2,2145.0,5,None,24.6,24.6,82.6,0,25,43,0,49.2,none,0,0.0
2023,CAB0485,Intra-Pacific-Islands,consortium,2001,22,2,2145.0,5,None,24.6,24.6,100.0,0,25,45,0,50.8,none,0,0.0
2024,CAB0485,Intra-Pacific-Islands,consortium,2001,23,2,2145.0,5,None,24.6,24.6,88.3,0,25,48,0,52.4,none,0,0.0
2025,CAB0485,Intra-Pacific-Islands,consortium,2001,24,2,2145.0,5,None,24.6,24.6,94.3,0,25,50,0,54.0,none,0,0.0
2026,CAB0485,Intra-Pacific-Islands,consortium,2001,25,2,2145.0,5,None,24.6,24.6,55.5,0,25,51,0,55.6,none,0,
2021,CAB0486,Intra-Pacific-Islands,hyperscaler,2021,0,5,1695.0,5,None,204.3,60.7,29.2,0,25,41,0,15.9,none,0,0.0
2022,CAB0486,Intra-Pacific-Islands,hyperscaler,2021,1,5,1695.0,5,None,204.3,75.9,64.7,0,25,43,0,17.5,none,0,0.0
2023,CAB0486,Intra-Pacific-Islands,hyperscaler,2021,2,5,1695.0,5,None,204.3,81.0,49.1,0,25,45,0,19.0,none,0,0.0
2024,CAB0486,Intra-Pacific-Islands,hyperscaler,2021,3,5,1695.0,5,None,204.3,80.5,41.3,0,25,48,0,20.6,none,0,0.0
2025,CAB0486,Intra-Pacific-Islands,hyperscaler,2021,4,5,1695.0,5,None,204.3,101.4,63.6,0,25,50,0,22.2,none,0,0.0
2026,CAB0486,Intra-Pacific-Islands,hyperscaler,2021,5,5,1695.0,5,None,204.3,118.8,55.0,0,25,51,0,23.8,none,0,
2016,CAB0487,Intra-Asia,carrier,2016,0,19,4510.0,5,None,640.6,156.6,49.6,0,25,59,0,15.9,none,0,0.0
2017,CAB0487,Intra-Asia,carrier,2016,1,19,4510.0,5,None,640.6,182.7,59.7,0,25,60,0,17.5,none,0,0.0
2018,CAB0487,Intra-Asia,carrier,2016,2,19,4510.0,5,None,640.6,247.5,69.4,0,25,62,0,19.0,none,0,0.0
2019,CAB0487,Intra-Asia,carrier,2016,3,19,4510.0,5,None,640.6,324.3,50.7,0,25,64,0,20.6,none,0,0.0
2020,CAB0487,Intra-Asia,carrier,2016,4,19,4510.0,5,None,640.6,318.6,56.7,0,25,66,0,22.2,none,0,1.0
2021,CAB0487,Intra-Asia,carrier,2016,5,19,4510.0,5,None,640.6,355.7,82.2,0,25,69,0,23.8,natural_hazard,1,1.0
2022,CAB0487,Intra-Asia,carrier,2016,6,19,4510.0,5,None,640.6,414.2,42.0,0,25,70,0,25.4,fishing_anchor,1,0.0
2023,CAB0487,Intra-Asia,carrier,2016,7,19,4510.0,5,None,640.6,479.8,58.1,0,25,70,0,27.0,none,0,0.0
2024,CAB0487,Intra-Asia,carrier,2016,8,19,4510.0,5,None,640.6,474.2,58.7,0,25,75,0,28.6,none,0,0.0
2025,CAB0487,Intra-Asia,carrier,2016,9,19,4510.0,5,None,640.6,523.7,72.1,0,25,77,0,30.2,none,0,1.0
2026,CAB0487,Intra-Asia,carrier,2016,10,19,4510.0,5,None,640.6,519.0,79.0,0,25,77,0,31.7,fishing_anchor,1,
2015,CAB0488,EMEA-Asia,hyperscaler,2002,13,2,19976.0,5,None,27.4,27.4,79.8,0,25,27,1,56.3,none,0,0.0
2016,CAB0488,EMEA-Asia,hyperscaler,2002,14,2,19976.0,5,None,27.4,27.4,48.0,0,25,29,1,57.9,none,0,0.0
2017,CAB0488,EMEA-Asia,hyperscaler,2002,15,2,19976.0,5,None,27.4,27.4,62.4,0,25,32,1,59.5,none,0,0.0
2018,CAB0488,EMEA-Asia,hyperscaler,2002,16,2,19976.0,5,None,27.4,27.4,94.9,0,25,34,1,61.1,none,0,0.0
2019,CAB0488,EMEA-Asia,hyperscaler,2002,17,2,19976.0,5,None,27.4,27.4,62.9,0,25,37,1,62.7,none,0,0.0
2020,CAB0488,EMEA-Asia,hyperscaler,2002,18,2,19976.0,5,None,27.4,27.4,85.7,0,25,40,0,44.4,none,0,0.0
2021,CAB0488,EMEA-Asia,hyperscaler,2002,19,2,19976.0,5,None,27.4,27.4,81.5,0,25,44,0,46.0,none,0,0.0
2022,CAB0488,EMEA-Asia,hyperscaler,2002,20,2,19976.0,5,None,27.4,27.4,65.1,0,25,45,0,47.6,none,0,1.0
2023,CAB0488,EMEA-Asia,hyperscaler,2002,21,2,19976.0,5,None,27.4,27.4,96.2,0,25,47,0,49.2,natural_hazard,1,0.0
2024,CAB0488,EMEA-Asia,hyperscaler,2002,22,2,19976.0,5,None,27.4,27.4,77.5,0,25,48,0,50.8,none,0,0.0
2025,CAB0488,EMEA-Asia,hyperscaler,2002,23,2,19976.0,5,None,27.4,27.4,63.6,0,25,47,0,52.4,none,0,0.0
2026,CAB0488,EMEA-Asia,hyperscaler,2002,24,2,19976.0,5,None,27.4,27.4,100.0,0,25,47,0,54.0,none,0,
2026,CAB0489,Intra-Pacific-Islands,hyperscaler,2026,0,12,2982.0,6,None,576.0,141.3,30.0,1,25,51,0,0.0,none,0,
2019,CAB0490,Intra-Asia,consortium,2019,0,10,3223.0,6,None,380.0,94.7,52.9,1,25,64,0,0.0,none,0,0.0
2020,CAB0490,Intra-Asia,consortium,2019,1,10,3223.0,6,None,380.0,96.0,53.5,1,25,66,0,1.6,none,0,1.0
2021,CAB0490,Intra-Asia,consortium,2019,2,10,3223.0,6,None,380.0,141.8,60.6,1,25,69,0,3.2,fishing_anchor,1,1.0
2022,CAB0490,Intra-Asia,consortium,2019,3,10,3223.0,6,None,380.0,206.3,27.0,1,25,70,0,4.8,fishing_anchor,1,0.0
2023,CAB0490,Intra-Asia,consortium,2019,4,10,3223.0,6,None,380.0,191.3,51.9,1,25,70,0,6.3,none,0,0.0
2024,CAB0490,Intra-Asia,consortium,2019,5,10,3223.0,6,None,380.0,206.0,51.7,1,25,75,0,7.9,none,0,0.0
2025,CAB0490,Intra-Asia,consortium,2019,6,10,3223.0,6,None,380.0,220.6,77.2,1,25,77,0,9.5,none,0,0.0
2026,CAB0490,Intra-Asia,consortium,2019,7,10,3223.0,6,None,380.0,240.9,25.9,1,25,77,0,11.1,none,0,
2024,CAB0491,Intra-Asia,hyperscaler,2024,0,6,4611.0,11,None,270.9,69.2,49.4,1,25,75,0,0.0,fishing_anchor,1,0.0
2025,CAB0491,Intra-Asia,hyperscaler,2024,1,6,4611.0,11,None,270.9,93.4,51.9,1,25,77,0,1.6,none,0,0.0
2026,CAB0491,Intra-Asia,hyperscaler,2024,2,6,4611.0,11,None,270.9,112.7,67.7,1,25,77,0,3.2,none,0,
2021,CAB0492,Africa-Coastal,consortium,2021,0,48,10743.0,6,None,1961.1,525.0,24.0,1,25,44,0,0.0,none,0,0.0
2022,CAB0492,Africa-Coastal,consortium,2021,1,48,10743.0,6,None,1961.1,606.2,37.8,1,25,45,0,1.6,none,0,0.0
2023,CAB0492,Africa-Coastal,consortium,2021,2,48,10743.0,6,None,1961.1,776.2,69.1,1,25,47,0,3.2,none,0,1.0
2024,CAB0492,Africa-Coastal,consortium,2021,3,48,10743.0,6,None,1961.1,835.0,49.9,1,25,49,0,4.8,fishing_anchor,1,0.0
2025,CAB0492,Africa-Coastal,consortium,2021,4,48,10743.0,6,None,1961.1,1014.4,40.7,1,25,52,0,6.3,none,0,0.0
2026,CAB0492,Africa-Coastal,consortium,2021,5,48,10743.0,6,None,1961.1,1110.6,49.7,1,25,53,0,7.9,none,0,
2015,CAB0493,Africa-Coastal,consortium,2009,6,35,8610.0,3,None,830.0,527.6,47.7,0,25,36,1,45.2,none,0,0.0
2016,CAB0493,Africa-Coastal,consortium,2009,7,35,8610.0,3,None,830.0,493.6,61.4,0,25,37,1,46.8,none,0,0.0
2017,CAB0493,Africa-Coastal,consortium,2009,8,35,8610.0,3,None,830.0,571.7,69.4,0,25,40,0,28.6,none,0,0.0
2018,CAB0493,Africa-Coastal,consortium,2009,9,35,8610.0,3,None,830.0,634.5,35.8,0,25,40,0,30.2,none,0,0.0
2019,CAB0493,Africa-Coastal,consortium,2009,10,35,8610.0,3,None,830.0,671.6,77.9,0,25,42,0,31.7,none,0,0.0
2020,CAB0493,Africa-Coastal,consortium,2009,11,35,8610.0,3,None,830.0,726.0,71.7,0,25,43,0,33.3,none,0,0.0
2021,CAB0493,Africa-Coastal,consortium,2009,12,35,8610.0,3,None,830.0,815.3,47.5,0,25,44,0,34.9,none,0,0.0
2022,CAB0493,Africa-Coastal,consortium,2009,13,35,8610.0,3,None,830.0,830.0,44.8,0,25,45,0,36.5,none,0,0.0
2023,CAB0493,Africa-Coastal,consortium,2009,14,35,8610.0,3,None,830.0,830.0,51.1,0,25,47,0,38.1,none,0,0.0
2024,CAB0493,Africa-Coastal,consortium,2009,15,35,8610.0,3,None,830.0,830.0,50.1,0,25,49,0,39.7,none,0,0.0
2025,CAB0493,Africa-Coastal,consortium,2009,16,35,8610.0,3,None,830.0,830.0,48.3,0,25,52,0,41.3,none,0,0.0
2026,CAB0493,Africa-Coastal,consortium,2009,17,35,8610.0,3,None,830.0,830.0,100.0,0,25,53,0,42.9,none,0,
2015,CAB0494,Indian-Ocean,consortium,2011,4,12,7426.0,6,Suez,318.9,145.5,37.7,1,25,31,1,54.0,none,0,0.0
2016,CAB0494,Indian-Ocean,consortium,2011,5,12,7426.0,6,Suez,318.9,185.8,79.9,1,25,33,1,55.6,none,0,0.0
2017,CAB0494,Indian-Ocean,consortium,2011,6,12,7426.0,6,Suez,318.9,166.7,37.2,1,25,33,1,57.1,none,0,0.0
2018,CAB0494,Indian-Ocean,consortium,2011,7,12,7426.0,6,Suez,318.9,216.5,39.4,1,25,35,1,58.7,none,0,1.0
2019,CAB0494,Indian-Ocean,consortium,2011,8,12,7426.0,6,Suez,318.9,235.3,44.4,1,25,35,1,60.3,fishing_anchor,1,1.0
2020,CAB0494,Indian-Ocean,consortium,2011,9,12,7426.0,6,Suez,318.9,261.1,71.7,1,25,36,1,61.9,fishing_anchor,1,1.0
2021,CAB0494,Indian-Ocean,consortium,2011,10,12,7426.0,6,Suez,318.9,270.6,59.3,1,25,39,1,63.5,fishing_anchor,1,0.0
2022,CAB0494,Indian-Ocean,consortium,2011,11,12,7426.0,6,Suez,318.9,299.7,75.7,1,25,39,1,65.1,none,0,0.0
2023,CAB0494,Indian-Ocean,consortium,2011,12,12,7426.0,6,Suez,318.9,284.8,100.0,1,25,40,0,46.8,none,0,0.0
2024,CAB0494,Indian-Ocean,consortium,2011,13,12,7426.0,6,Suez,318.9,318.9,45.4,1,25,41,0,48.4,none,0,0.0
2025,CAB0494,Indian-Ocean,consortium,2011,14,12,7426.0,6,Suez,318.9,318.9,83.9,1,25,44,0,50.0,none,0,0.0
2026,CAB0494,Indian-Ocean,consortium,2011,15,12,7426.0,6,Suez,318.9,318.9,90.2,1,25,43,0,51.6,none,0,
2021,CAB0495,Indian-Ocean,consortium,2021,0,11,5168.0,6,None,449.4,184.5,66.8,1,25,39,1,19.8,fishing_anchor,1,1.0
2022,CAB0495,Indian-Ocean,consortium,2021,1,11,5168.0,6,None,449.4,130.6,58.7,1,25,39,1,21.4,fishing_anchor,1,0.0
2023,CAB0495,Indian-Ocean,consortium,2021,2,11,5168.0,6,None,449.4,171.1,56.8,1,25,40,0,3.2,none,0,0.0
2024,CAB0495,Indian-Ocean,consortium,2021,3,11,5168.0,6,None,449.4,195.1,15.6,1,25,41,0,4.8,none,0,0.0
2025,CAB0495,Indian-Ocean,consortium,2021,4,11,5168.0,6,None,449.4,216.5,70.2,1,25,44,0,6.3,none,0,0.0
2026,CAB0495,Indian-Ocean,consortium,2021,5,11,5168.0,6,None,449.4,290.5,93.8,1,25,43,0,7.9,none,0,
2015,CAB0496,Africa-Coastal,carrier,2013,2,9,12881.0,5,None,264.9,100.5,61.3,0,25,36,1,38.9,fishing_anchor,1,0.0
2016,CAB0496,Africa-Coastal,carrier,2013,3,9,12881.0,5,None,264.9,122.9,51.1,0,25,37,1,40.5,none,0,0.0
2017,CAB0496,Africa-Coastal,carrier,2013,4,9,12881.0,5,None,264.9,136.8,48.8,0,25,40,0,22.2,none,0,1.0
2018,CAB0496,Africa-Coastal,carrier,2013,5,9,12881.0,5,None,264.9,158.6,51.9,0,25,40,0,23.8,natural_hazard,1,0.0
2019,CAB0496,Africa-Coastal,carrier,2013,6,9,12881.0,5,None,264.9,150.8,42.8,0,25,42,0,25.4,none,0,0.0
2020,CAB0496,Africa-Coastal,carrier,2013,7,9,12881.0,5,None,264.9,160.0,25.4,0,25,43,0,27.0,none,0,0.0
2021,CAB0496,Africa-Coastal,carrier,2013,8,9,12881.0,5,None,264.9,201.6,96.2,0,25,44,0,28.6,none,0,0.0
2022,CAB0496,Africa-Coastal,carrier,2013,9,9,12881.0,5,None,264.9,223.5,93.1,0,25,45,0,30.2,none,0,0.0
2023,CAB0496,Africa-Coastal,carrier,2013,10,9,12881.0,5,None,264.9,205.7,66.6,0,25,47,0,31.7,none,0,0.0
2024,CAB0496,Africa-Coastal,carrier,2013,11,9,12881.0,5,None,264.9,249.3,38.9,0,25,49,0,33.3,none,0,0.0
2025,CAB0496,Africa-Coastal,carrier,2013,12,9,12881.0,5,None,264.9,250.7,45.0,0,25,52,0,34.9,none,0,1.0
2026,CAB0496,Africa-Coastal,carrier,2013,13,9,12881.0,5,None,264.9,264.9,53.9,0,25,53,0,36.5,fishing_anchor,1,
2015,CAB0497,Trans-Atlantic,consortium,2013,2,6,5836.0,4,None,176.6,75.0,34.0,0,25,33,1,38.9,none,0,0.0
2016,CAB0497,Trans-Atlantic,consortium,2013,3,6,5836.0,4,None,176.6,78.5,55.0,0,25,37,1,40.5,none,0,0.0
2017,CAB0497,Trans-Atlantic,consortium,2013,4,6,5836.0,4,None,176.6,74.4,50.9,0,25,37,1,42.1,none,0,0.0
2018,CAB0497,Trans-Atlantic,consortium,2013,5,6,5836.0,4,None,176.6,89.6,47.3,0,25,40,0,23.8,none,0,0.0
2019,CAB0497,Trans-Atlantic,consortium,2013,6,6,5836.0,4,None,176.6,111.2,68.9,0,25,45,0,25.4,none,0,0.0
2020,CAB0497,Trans-Atlantic,consortium,2013,7,6,5836.0,4,None,176.6,106.0,33.5,0,25,48,0,27.0,none,0,0.0
2021,CAB0497,Trans-Atlantic,consortium,2013,8,6,5836.0,4,None,176.6,128.9,23.5,0,25,50,0,28.6,none,0,0.0
2022,CAB0497,Trans-Atlantic,consortium,2013,9,6,5836.0,4,None,176.6,139.5,37.5,0,25,51,0,30.2,none,0,0.0
2023,CAB0497,Trans-Atlantic,consortium,2013,10,6,5836.0,4,None,176.6,148.8,69.4,0,25,54,0,31.7,none,0,0.0
2024,CAB0497,Trans-Atlantic,consortium,2013,11,6,5836.0,4,None,176.6,162.5,87.3,0,25,58,0,33.3,none,0,0.0
2025,CAB0497,Trans-Atlantic,consortium,2013,12,6,5836.0,4,None,176.6,176.6,75.7,0,25,62,0,34.9,none,0,0.0
2026,CAB0497,Trans-Atlantic,consortium,2013,13,6,5836.0,4,None,176.6,175.9,100.0,0,25,63,0,36.5,none,0,
2016,CAB0498,Intra-Europe,consortium,2016,0,14,647.0,2,None,472.0,104.8,35.3,1,25,42,0,11.9,none,0,0.0
2017,CAB0498,Intra-Europe,consortium,2016,1,14,647.0,2,None,472.0,190.8,53.8,1,25,44,0,13.5,none,0,0.0
2018,CAB0498,Intra-Europe,consortium,2016,2,14,647.0,2,None,472.0,180.5,53.5,1,25,45,0,15.1,none,0,0.0
2019,CAB0498,Intra-Europe,consortium,2016,3,14,647.0,2,None,472.0,181.2,58.4,1,25,47,0,16.7,none,0,0.0
2020,CAB0498,Intra-Europe,consortium,2016,4,14,647.0,2,None,472.0,209.3,26.6,1,25,49,0,18.3,none,0,1.0
2021,CAB0498,Intra-Europe,consortium,2016,5,14,647.0,2,None,472.0,218.8,83.0,1,25,49,0,19.8,natural_hazard,1,0.0
2022,CAB0498,Intra-Europe,consortium,2016,6,14,647.0,2,None,472.0,301.2,29.7,1,25,52,0,21.4,none,0,0.0
2023,CAB0498,Intra-Europe,consortium,2016,7,14,647.0,2,None,472.0,320.7,54.7,1,25,53,0,23.0,none,0,0.0
2024,CAB0498,Intra-Europe,consortium,2016,8,14,647.0,2,None,472.0,331.3,39.0,1,25,53,0,24.6,none,0,0.0
2025,CAB0498,Intra-Europe,consortium,2016,9,14,647.0,2,None,472.0,381.2,93.5,1,25,58,0,26.2,none,0,0.0
2026,CAB0498,Intra-Europe,consortium,2016,10,14,647.0,2,None,472.0,393.2,84.7,1,25,60,0,27.8,none,0,
2015,CAB0499,Intra-Europe,consortium,2011,4,4,2858.0,5,None,106.3,47.1,17.2,0,25,41,0,22.2,none,0,0.0
2016,CAB0499,Intra-Europe,consortium,2011,5,4,2858.0,5,None,106.3,57.7,64.7,0,25,42,0,23.8,none,0,0.0
2017,CAB0499,Intra-Europe,consortium,2011,6,4,2858.0,5,None,106.3,61.3,58.8,0,25,44,0,25.4,none,0,0.0
2018,CAB0499,Intra-Europe,consortium,2011,7,4,2858.0,5,None,106.3,69.8,33.8,0,25,45,0,27.0,none,0,0.0
2019,CAB0499,Intra-Europe,consortium,2011,8,4,2858.0,5,None,106.3,79.5,41.4,0,25,47,0,28.6,none,0,0.0
2020,CAB0499,Intra-Europe,consortium,2011,9,4,2858.0,5,None,106.3,76.3,71.0,0,25,49,0,30.2,none,0,0.0
2021,CAB0499,Intra-Europe,consortium,2011,10,4,2858.0,5,None,106.3,88.8,96.9,0,25,49,0,31.7,none,0,0.0
2022,CAB0499,Intra-Europe,consortium,2011,11,4,2858.0,5,None,106.3,104.5,95.5,0,25,52,0,33.3,none,0,0.0
2023,CAB0499,Intra-Europe,consortium,2011,12,4,2858.0,5,None,106.3,106.3,100.0,0,25,53,0,34.9,none,0,1.0
2024,CAB0499,Intra-Europe,consortium,2011,13,4,2858.0,5,None,106.3,106.3,63.5,0,25,53,0,36.5,fishing_anchor,1,0.0
2025,CAB0499,Intra-Europe,consortium,2011,14,4,2858.0,5,None,106.3,106.3,70.4,0,25,58,0,38.1,none,0,0.0
2026,CAB0499,Intra-Europe,consortium,2011,15,4,2858.0,5,None,106.3,106.3,61.0,0,25,60,0,39.7,none,0,
